product_id;product_name;old_category_id;proposed_category_id;status;decision_status;reason
p009vty3ogrx;Тактичні демісезнні берці Памір;footwear_boots;footwear_boots;UNCHANGED;AUTO_CONFIRMED_WITH_ATTRIBUTES;semantic_primary_product
p00ne7nfognh;Бейсболка Тризуб літня з сіткою мультикам;clothing_headwear;clothing_headwear;UNCHANGED;AUTO_CONFIRMED_WITH_ATTRIBUTES;semantic_primary_product
p00yrzs8ehsq;Маскувальна сітка M-Win Світлий мультикам. Маскування весна, літо, осінь. 2х7 м (площа 14 кв.м.);camouflage_nets;camouflage_nets;UNCHANGED;AUTO_CONFIRMED_WITH_ATTRIBUTES;semantic_primary_product
p01408cuehwa;Рюкзак-сумка під Браунінг М2 M-WIN Кордура;bags_tactical;bags_backpacks;CHANGED_HIGH_CONFIDENCE;AUTO_CONFIRMED_WITH_ATTRIBUTES;semantic_primary_product
p046bb39m3zj;Підвісна система Team Wendy Cam Fit для шоломів FAST, MICH, ARCH;helmets_suspension;helmets_suspension;UNCHANGED;AUTO_CONFIRMED_WITH_ATTRIBUTES;semantic_primary_product
p04k6wqym426;Термоковдра A1G Survival Blanket;field_blankets;field_blankets;UNCHANGED;AUTO_CONFIRMED_WITH_ATTRIBUTES;semantic_primary_product
p058usn1ehr6;Маскувальна сітка M-Win Осінній мультикам. Маскування осінь, весна. 10х15 м (площа 150 кв.м.);camouflage_nets;camouflage_nets;UNCHANGED;AUTO_CONFIRMED_WITH_ATTRIBUTES;semantic_primary_product
p05q7jrlehw5;Підсумок під турнікет закритого типу M-WIN;camouflage_nets;pouches_tourniquets;CHANGED_HIGH_CONFIDENCE;AUTO_CONFIRMED_WITH_ATTRIBUTES;semantic_primary_product
p065sw2eogtc;Тактичні штани, джогери мультикам;clothing_pants;clothing_pants;UNCHANGED;AUTO_CONFIRMED_WITH_ATTRIBUTES;semantic_primary_product
p06c0iuim425;Термоковдра рятувальна 160cm x 210cm Срібло/Срібло;field_blankets;field_blankets;UNCHANGED;AUTO_CONFIRMED_WITH_ATTRIBUTES;semantic_primary_product
p06hgt7iehsp;Маскувальна сітка M-Win Світлий мультикам. Маскування весна, літо, осінь. 2х6 м (площа 12 кв.м.);camouflage_nets;camouflage_nets;UNCHANGED;AUTO_CONFIRMED_WITH_ATTRIBUTES;semantic_primary_product
p06qmwydehn7;Антидронова маскувальна сітка M-WIN Листя осінь;camouflage_antidrone;camouflage_antidrone;UNCHANGED;AUTO_CONFIRMED_WITH_ATTRIBUTES;semantic_primary_product
p0771a9dm3wf;Захист плечей з балістичним захистом 2 клас Militex cordura USA;armor_sets;armor_soft;CHANGED_HIGH_CONFIDENCE;AUTO_CONFIRMED_WITH_ATTRIBUTES;semantic_primary_product
p07t3omnm3w8;Екшн-камера на шолом (вологозахисна) RunCam Helmet Cam 2 Full HD 60 FPS з Wi-Fi та функцією попереднього запису;electronics_cameras;electronics_cameras;UNCHANGED;AUTO_CONFIRMED_WITH_ATTRIBUTES;semantic_primary_product
p080qh9om42c;Туристичний килимок(каремат) під спальний мішок;field_mats;field_mats;UNCHANGED;AUTO_CONFIRMED_WITH_ATTRIBUTES;semantic_primary_product
p081falkm3tc;Антидронова сітка (9×6 м) вічко 70 мм, нитка 1,8 мм, чорна міцна сітка для захисту техніки та позицій;camouflage_antidrone;camouflage_antidrone;UNCHANGED;AUTO_CONFIRMED_WITH_ATTRIBUTES;semantic_primary_product
p08p54ubogp2;"Кросівки тактичні ""Шершень"" літні";footwear_sneakers;footwear_sneakers;UNCHANGED;AUTO_CONFIRMED_WITH_ATTRIBUTES;semantic_primary_product
p08rojvsehoh;Маскувальна сітка M-Win Зелене листя. Маскування весна, літо. 3х4 м (площа 12 кв.м.);camouflage_nets;camouflage_nets;UNCHANGED;AUTO_CONFIRMED_WITH_ATTRIBUTES;semantic_primary_product
p092hvdmehug;Маскувальна сітка M-Win Темний мультикам. Маскування весна, літо, осінь. 4х9 м (площа 36 кв.м.);camouflage_nets;camouflage_nets;UNCHANGED;AUTO_CONFIRMED_WITH_ATTRIBUTES;semantic_primary_product
p09zcfnsehqh;Маскувальна сітка M-Win мультикам. Маскування весна, літо.3х8 м (площа 24 кв.м.);camouflage_nets;camouflage_nets;UNCHANGED;AUTO_CONFIRMED_WITH_ATTRIBUTES;semantic_primary_product
p0brla8fnqb8;"Толстовка тактична 1/4 Zip ""TRAVEL DEFENCE"" (Мікрофліс)";clothing_fleece;clothing_fleece;UNCHANGED;AUTO_CONFIRMED_WITH_ATTRIBUTES;semantic_primary_product
p0c8x6f6oguu;Штани тактичні Пегас ріп-стоп пиксель;clothing_pants;clothing_pants;UNCHANGED;AUTO_CONFIRMED_WITH_ATTRIBUTES;semantic_primary_product
p0cbnsg1m3w8;Жіноча тактична куртка FC Combat Fit;clothing_jackets;clothing_jackets;UNCHANGED;AUTO_CONFIRMED_WITH_ATTRIBUTES;semantic_primary_product
p0dlyuevehut;Маскувальна сітка M-Win Темний мультикам. Маскування весна, літо, осінь.3х8 м (площа 24 кв.м.);camouflage_nets;camouflage_nets;UNCHANGED;AUTO_CONFIRMED_WITH_ATTRIBUTES;semantic_primary_product
p0dr2m13nqbn;"Штани тактичні ""POLICE"" з ременем 5см (Rip-Stop)";clothing_pants;clothing_pants;UNCHANGED;AUTO_CONFIRMED_WITH_ATTRIBUTES;semantic_primary_product
p0dz1f8pehnf;Камербанд на стропах моллі з балістичним пакетом 150х200 1 класу (Комплект 2 шт.);field_fasteners;armor_accessories;CHANGED_HIGH_CONFIDENCE;AUTO_CONFIRMED_WITH_ATTRIBUTES;semantic_primary_product
p0gbyiizm3xj;Комплект (захист живота Kiborg + балістичний захист 1 клас Militex) GEN.2;field_fasteners;armor_soft;CHANGED_HIGH_CONFIDENCE;AUTO_CONFIRMED_WITH_ATTRIBUTES;semantic_primary_product
p0hnlwv7eho6;Маскувальна сітка M-Win Весняний камуфляж. Маскування весна, літо. 7х9 м (площа 63 кв.м.);camouflage_nets;camouflage_nets;UNCHANGED;AUTO_CONFIRMED_WITH_ATTRIBUTES;semantic_primary_product
p0iev503m3x5;"Зимовий спальний мішок Kiborg ""Alfa Fleece"" -20°C (85x210)";field_sleeping;field_sleeping;UNCHANGED;AUTO_CONFIRMED_WITH_ATTRIBUTES;semantic_primary_product
p0j5go7zn17h;Ніж складаний Ganzo G6803-GR;tools_knives;tools_knives;UNCHANGED;AUTO_CONFIRMED_WITH_ATTRIBUTES;semantic_primary_product
p0k6obxim437;Штани чоловічі трекінгові Militex 4WSTRETCH, розмір;clothing_pants;clothing_pants;UNCHANGED;AUTO_CONFIRMED_WITH_ATTRIBUTES;semantic_primary_product
p0kiydnmehs4;Маскувальна сітка M-Win Піксель. Маскування весна, літо, осінь. 3х5 м (площа 15 кв.м.);camouflage_nets;camouflage_nets;UNCHANGED;AUTO_CONFIRMED_WITH_ATTRIBUTES;semantic_primary_product
p0kyyg39m429;Термошкарпетки MidWinter Graphite Plush;footwear_socks;footwear_socks;UNCHANGED;AUTO_CONFIRMED_WITH_ATTRIBUTES;semantic_primary_product
p0lc889zehvr;Надміцна маскувальна сітка M-WIN 4,5х4 метри;camouflage_nets;camouflage_nets;UNCHANGED;AUTO_CONFIRMED_WITH_ATTRIBUTES;semantic_primary_product
p0ltovdsogt4;Тактичні штани ріп-стоп мультикам;clothing_pants;clothing_pants;UNCHANGED;AUTO_CONFIRMED_WITH_ATTRIBUTES;semantic_primary_product
p0mmrr3oogro;Тактична футболка CoolMax;clothing_tshirts;clothing_tshirts;UNCHANGED;AUTO_CONFIRMED_WITH_ATTRIBUTES;semantic_primary_product
p0ndwvsbnqan;"Костюм спортивний ""EXTRAVEL"" (Трикотаж на флісі)";clothing_costumes;clothing_costumes;UNCHANGED;AUTO_CONFIRMED_WITH_ATTRIBUTES;semantic_primary_product
p0o0rte5ogpw;Куртка Softshell мультикам;clothing_jackets;clothing_jackets;UNCHANGED;AUTO_CONFIRMED_WITH_ATTRIBUTES;semantic_primary_product
p0pk4egan13f;Бахіли для військових;footwear_gaiters;footwear_gaiters;UNCHANGED;AUTO_CONFIRMED_WITH_ATTRIBUTES;semantic_primary_product
p0pkjwneogug;Шапка зимова, чорна;clothing_headwear;clothing_headwear;UNCHANGED;AUTO_CONFIRMED_WITH_ATTRIBUTES;semantic_primary_product
p0ql3kp4ehwb;Тактичний каремат п'ятиточка M-WIN трисекційний;field_seats;field_seats;UNCHANGED;AUTO_CONFIRMED_WITH_ATTRIBUTES;semantic_primary_product
p0reg10qehvx;Надміцна маскувальна сітка M-WIN 7,5х10 метри;camouflage_nets;camouflage_nets;UNCHANGED;AUTO_CONFIRMED_WITH_ATTRIBUTES;semantic_primary_product
p0rjnctkehsl;Маскувальна сітка M-Win Світлий мультикам. Маскування весна, літо, осінь. 10х10 м (площа 100 кв.м.);camouflage_nets;camouflage_nets;UNCHANGED;AUTO_CONFIRMED_WITH_ATTRIBUTES;semantic_primary_product
p0s5jr3behne;Гідратор 3 л АХ;bags_hydration;bags_hydration;UNCHANGED;AUTO_CONFIRMED_WITH_ATTRIBUTES;semantic_primary_product
p0s5thlsm41p;Тактичний балістичний шолом ECLIPSE HC GEN 3 (High Cut, NIJ IIIA, ДСТУ 1) | SXE GROUP;helmets_ballistic;helmets_ballistic;UNCHANGED;AUTO_CONFIRMED_WITH_ATTRIBUTES;semantic_primary_product
p0sp1m8pnqac;Бейсболка WARRIOR (ВОЇН) (Rip-Stop);clothing_headwear;clothing_headwear;UNCHANGED;AUTO_CONFIRMED_WITH_ATTRIBUTES;semantic_primary_product
p0tbaehtehs1;Маскувальна сітка M-Win Піксель. Маскування весна, літо, осінь. 3х3 м (площа 9 кв.м.);camouflage_nets;camouflage_nets;UNCHANGED;AUTO_CONFIRMED_WITH_ATTRIBUTES;semantic_primary_product
p0tmsjxcm40i;Рукавиці Mechanix M-Pact Fingerless чорні;clothing_gloves;clothing_gloves;UNCHANGED;AUTO_CONFIRMED_WITH_ATTRIBUTES;semantic_primary_product
p0tvwdcdm3wx;Зимова маскувальна сітка Militex Альпійська клякса 10х15м (площа 150 кв.м.);camouflage_nets;camouflage_nets;UNCHANGED;AUTO_CONFIRMED_WITH_ATTRIBUTES;semantic_primary_product
p0v7ulw8m3x9;Камербанди Kiborg з кишенями та швидким скидом Gen.2, 2 шт. з балістичними пакет Militex 1 класу захисту;field_fasteners;armor_accessories;CHANGED_HIGH_CONFIDENCE;AUTO_CONFIRMED_WITH_ATTRIBUTES;semantic_primary_product
p0x7yjfmm3u5;Балістичний пакет Militex для каремата-сидушки 26*36 (1 клас захисту);armor_soft;armor_soft;UNCHANGED;AUTO_CONFIRMED_WITH_ATTRIBUTES;semantic_primary_product
p0xw9dgim41k;Тактична футблока поло Military (54р);clothing_tshirts;clothing_tshirts;UNCHANGED;AUTO_CONFIRMED_WITH_ATTRIBUTES;semantic_primary_product
p0xyy8iin162;Кріплення Tacticals Gear Clip для системи MOLLE;field_fasteners;field_fasteners;UNCHANGED;AUTO_CONFIRMED_WITH_ATTRIBUTES;semantic_primary_product
p0y1bl1rn17o;Ніж Ganzo G7211;tools_knives;tools_knives;UNCHANGED;AUTO_CONFIRMED_WITH_ATTRIBUTES;semantic_primary_product
p0ysszqoehnc;Балістичний фартух 2 клас M-WIN;armor_soft;armor_soft;UNCHANGED;AUTO_CONFIRMED_WITH_ATTRIBUTES;semantic_primary_product
p0z2x1v5nqb6;"Термофутболка тактична ""S.W.A.T."" (CoolPass)";clothing_thermal;clothing_thermal;UNCHANGED;AUTO_CONFIRMED_WITH_ATTRIBUTES;semantic_primary_product
p0zmne2pehpq;Маскувальна сітка M-Win Листя осінь. Маскування весна, літо, осінь. 3х9 м (площа 27 кв.м.);camouflage_nets;camouflage_nets;UNCHANGED;AUTO_CONFIRMED_WITH_ATTRIBUTES;semantic_primary_product
p10cq2niogtu;Футболка тактична, поло CoolPass Поліції чорна;clothing_tshirts;clothing_tshirts;UNCHANGED;AUTO_CONFIRMED_WITH_ATTRIBUTES;semantic_primary_product
p10eh69zm3yx;Маскувальна сітка Militex Мультикам бруд 8х10м (площа 80 кв.м.);camouflage_nets;camouflage_nets;UNCHANGED;AUTO_CONFIRMED_WITH_ATTRIBUTES;semantic_primary_product
p10wu0xdehra;Маскувальна сітка M-Win Осінній мультикам. Маскування осінь, весна. 2х6 м (площа 12 кв.м.);camouflage_nets;camouflage_nets;UNCHANGED;AUTO_CONFIRMED_WITH_ATTRIBUTES;semantic_primary_product
p11217vzm432;Шолом Sestan-Busch MICH (55-57);helmets_ballistic;helmets_ballistic;UNCHANGED;AUTO_CONFIRMED_WITH_ATTRIBUTES;semantic_primary_product
p12ixkv4m3xe;Кевларовий балістичний шолом FAST GEN III Kevlar з кріпленням NVG та рейками;helmets_rails;helmets_ballistic;CHANGED_HIGH_CONFIDENCE;AUTO_CONFIRMED_WITH_ATTRIBUTES;semantic_primary_product
p148m0oum425;Термоковдра рятувальна 160 cм x 210 cм /Золото ФАРМ ХЕЛПЕР;field_blankets;field_blankets;UNCHANGED;AUTO_CONFIRMED_WITH_ATTRIBUTES;semantic_primary_product
p14fyz7em432;Шолом Sestan-Busch MICH (57-60);helmets_ballistic;helmets_ballistic;UNCHANGED;AUTO_CONFIRMED_WITH_ATTRIBUTES;semantic_primary_product
p14vl0lmn1db;Штани тактичні з наколінниками Raptor Pro Gen 2 Розмір;clothing_pants;clothing_pants;UNCHANGED;AUTO_CONFIRMED_WITH_ATTRIBUTES;semantic_primary_product
p1620rrsm3v5;Бронеплити титано-керамічні 6 класу, 285*350;armor_plates;armor_plates;UNCHANGED;AUTO_CONFIRMED_WITH_ATTRIBUTES;semantic_primary_product
p16bqjuim3ya;Магазин для АК коробчатий прозорий;weapon_accessories_magazines;weapon_accessories_magazines;UNCHANGED;AUTO_CONFIRMED_WITH_ATTRIBUTES;semantic_primary_product
p16bth3sm3vd;Відкритий підсумок під турнікет з кріпленнями для ножиць та маркера;pouches_tourniquets;pouches_tourniquets;UNCHANGED;AUTO_CONFIRMED_WITH_ATTRIBUTES;semantic_primary_product
p16esalbognq;Берці демісезонні Evolution;footwear_boots;footwear_boots;UNCHANGED;AUTO_CONFIRMED_WITH_ATTRIBUTES;semantic_primary_product
p16v92jaogq5;Панама літня, мультикам.;clothing_headwear;clothing_headwear;UNCHANGED;AUTO_CONFIRMED_WITH_ATTRIBUTES;semantic_primary_product
p170kyjmogpi;Куртка зимова поліції UKR-TEC slimtex omni-heat, чорна;clothing_jackets;clothing_jackets;UNCHANGED;AUTO_CONFIRMED_WITH_ATTRIBUTES;semantic_primary_product
p1750369m40v;Спальний мішок з капюшоном Tactical Summer FS (220 90 см);field_sleeping;field_sleeping;UNCHANGED;AUTO_CONFIRMED_WITH_ATTRIBUTES;semantic_primary_product
p18ldz38m3sn;Активні навушники Walker's Razor Slim Patriot Original з патчами;communications_headphones;communications_headphones;UNCHANGED;AUTO_CONFIRMED_WITH_ATTRIBUTES;semantic_primary_product
p18sjy8vm3xj;Комплект (захист живота Kiborg + балістичний захист 2 класу Militex) GEN.2;field_fasteners;armor_soft;CHANGED_HIGH_CONFIDENCE;AUTO_CONFIRMED_WITH_ATTRIBUTES;semantic_primary_product
p18xlietehsw;Маскувальна сітка M-Win Світлий мультикам. Маскування весна, літо, осінь. 3х9 м (площа 27 кв.м.);camouflage_nets;camouflage_nets;UNCHANGED;AUTO_CONFIRMED_WITH_ATTRIBUTES;semantic_primary_product
p1939uynn192;Підсумок під турнікет (MOLLE, CAT, підсумок на розгрузку, жилет, РПС) 15х5 см;pouches_tourniquets;pouches_tourniquets;UNCHANGED;AUTO_CONFIRMED_WITH_ATTRIBUTES;semantic_primary_product
p195ql04ehri;Маскувальна сітка M-Win Осінній мультикам. Маскування осінь, весна. 4х9 м (площа 36 кв.м.);camouflage_nets;camouflage_nets;UNCHANGED;AUTO_CONFIRMED_WITH_ATTRIBUTES;semantic_primary_product
p197mf16m421;Тактичні шорти BR Stinger | Стрейч, сірі| Літо, ТрО, польові умови;clothing_shorts;clothing_shorts;UNCHANGED;AUTO_CONFIRMED_WITH_ATTRIBUTES;semantic_primary_product
p1adrjn7ehn9;Балістичний захист плечей 2 клас M-WIN Піксель. Комплект 2 шт.;armor_sets;armor_soft;CHANGED_HIGH_CONFIDENCE;AUTO_CONFIRMED_WITH_ATTRIBUTES;semantic_primary_product
p1bejzvwm3wk;Захист шиї mod. 1 з балістичним пакетом Militex cordura USA;armor_sets;armor_soft;CHANGED_HIGH_CONFIDENCE;AUTO_CONFIRMED_WITH_ATTRIBUTES;semantic_primary_product
p1bn9hylehrf;Маскувальна сітка M-Win Осінній мультикам. Маскування осінь, весна. 3х9 м (площа 27 кв.м.);camouflage_nets;camouflage_nets;UNCHANGED;AUTO_CONFIRMED_WITH_ATTRIBUTES;semantic_primary_product
p1br766wn1bj;Тактичний Убакс розмір;clothing_combat_shirts;clothing_combat_shirts;UNCHANGED;AUTO_CONFIRMED_WITH_ATTRIBUTES;semantic_primary_product
p1clicmmehqy;Маскувальна сітка M-WIN мультикам. Маскування зима. 6х10 м (площа 60 кв.м.);camouflage_nets;camouflage_nets;UNCHANGED;AUTO_CONFIRMED_WITH_ATTRIBUTES;semantic_primary_product
p1egf95um3y7;Літня куртка-вітровка кольору (1237-);clothing_jackets;clothing_jackets;UNCHANGED;AUTO_CONFIRMED_WITH_ATTRIBUTES;semantic_primary_product
p1el518bn1c5;Утилітарний підсумок USA;pouches_utility;pouches_utility;UNCHANGED;AUTO_CONFIRMED_WITH_ATTRIBUTES;semantic_primary_product
p1f3zku4m3xd;Каремат-сидушка Kiborg М (33*25см);field_seats;field_seats;UNCHANGED;AUTO_CONFIRMED_WITH_ATTRIBUTES;semantic_primary_product
p1fs0jttehsl;Маскувальна сітка M-Win Світлий мультикам. Маскування весна, літо, осінь. 10х15 м (площа 150 кв.м.);camouflage_nets;camouflage_nets;UNCHANGED;AUTO_CONFIRMED_WITH_ATTRIBUTES;semantic_primary_product
p1g4dggvm3tc;Антидронова сітка (8×6 м) вічко 100 мм, нитка 1,8 мм, чорна міцна сітка для захисту техніки та позицій;camouflage_antidrone;camouflage_antidrone;UNCHANGED;AUTO_CONFIRMED_WITH_ATTRIBUTES;semantic_primary_product
p1g4nd2eehoh;Маскувальна сітка M-Win Зелене листя. Маскування весна, літо. 3х3 м (площа 9 кв.м.);camouflage_nets;camouflage_nets;UNCHANGED;AUTO_CONFIRMED_WITH_ATTRIBUTES;semantic_primary_product
p1gbizqgm3zi;Перехідник minirail на dovetail для бінокулярів;electronics_mounts;electronics_mounts;UNCHANGED;AUTO_CONFIRMED_WITH_ATTRIBUTES;semantic_primary_product
p1gp1oqmogr6;Тактична зимова куртка UKR-TEC Soft Shell, мультикам;clothing_jackets;clothing_jackets;UNCHANGED;AUTO_CONFIRMED_WITH_ATTRIBUTES;semantic_primary_product
p1gqn2gaogsr;Тактичні черевики Пегас, шкіра мембрана;footwear_shoes;footwear_shoes;UNCHANGED;AUTO_CONFIRMED_WITH_ATTRIBUTES;semantic_primary_product
p1hkoyobn1a8;Рукавички MECHANIX THE ORIGINAL Розмір;clothing_gloves;clothing_gloves;UNCHANGED;AUTO_CONFIRMED_WITH_ATTRIBUTES;semantic_primary_product
p1iaozplm3sz;Антидронова сітка (2×6 м) вічко 70 мм, нитка 1,8 мм, чорна міцна сітка для захисту техніки та позицій;camouflage_antidrone;camouflage_antidrone;UNCHANGED;AUTO_CONFIRMED_WITH_ATTRIBUTES;semantic_primary_product
p1ibgummm3te;Антидронова сітка основа 12*140м, вічко 300 мм, нитка 1 мм;camouflage_antidrone;camouflage_antidrone;UNCHANGED;AUTO_CONFIRMED_WITH_ATTRIBUTES;semantic_primary_product
p1ikq83fehw1;Надміцна маскувальна сітка M-WIN 9х5 метри;camouflage_nets;camouflage_nets;UNCHANGED;AUTO_CONFIRMED_WITH_ATTRIBUTES;semantic_primary_product
p1inf92vm40z;Сумка для захисту паху Militex розмір | Cordura original USA;field_fasteners;armor_accessories;CHANGED_HIGH_CONFIDENCE;AUTO_CONFIRMED_WITH_ATTRIBUTES;semantic_primary_product
p1j2kh90m3tl;Балістичний бронекомплект для бронежилета захист спини, грудного відділу та камербанд;armor_sets;armor_sets;UNCHANGED;AUTO_CONFIRMED_WITH_ATTRIBUTES;semantic_primary_product
p1k333eyogr5;Тактична зимова куртка UKR-TEC Soft Shell;clothing_jackets;clothing_jackets;UNCHANGED;AUTO_CONFIRMED_WITH_ATTRIBUTES;semantic_primary_product
p1l4s0y5ehqv;Маскувальна сітка M-WIN мультикам. Маскування зима. 5х5 м (площа 25 кв.м.);camouflage_nets;camouflage_nets;UNCHANGED;AUTO_CONFIRMED_WITH_ATTRIBUTES;semantic_primary_product
p1lsutcdehpt;Маскувальна сітка M-Win мультикам. Маскування весна, літо. 2х10 м (площа 20 кв.м.);camouflage_nets;camouflage_nets;UNCHANGED;AUTO_CONFIRMED_WITH_ATTRIBUTES;semantic_primary_product
p1mamm95m3uw;Бронежилет Kiborg Modular X-1 (збільшена площа захисту) + балістичний пакет Militex, 1 клас;field_fasteners;armor_vests;CHANGED_HIGH_CONFIDENCE;AUTO_CONFIRMED_WITH_ATTRIBUTES;semantic_primary_product
p1mi2csbm42x;Шолом тактичний MICH ECLIPSE GEN 3;helmets_ballistic;helmets_ballistic;UNCHANGED;AUTO_CONFIRMED_WITH_ATTRIBUTES;semantic_primary_product
p1nhdhemm3xp;Комплект камербандів Gen.2 для плитоноски KIBORG (зі швидким скидом) —;armor_accessories;armor_accessories;UNCHANGED;AUTO_CONFIRMED_WITH_ATTRIBUTES;semantic_primary_product
p1nymd37n1cc;Футболка камуфляжна Raptor;clothing_tshirts;clothing_tshirts;UNCHANGED;AUTO_CONFIRMED_WITH_ATTRIBUTES;semantic_primary_product
p1oarqelehpq;Маскувальна сітка M-Win Листя осінь. Маскування весна, літо, осінь. 6х10 м (площа 60 кв.м.);camouflage_nets;camouflage_nets;UNCHANGED;AUTO_CONFIRMED_WITH_ATTRIBUTES;semantic_primary_product
p1pe7iqfm3ys;Маскувальна сітка Militex Листя осінь 5х7м (площа 35 кв.м.);camouflage_nets;camouflage_nets;UNCHANGED;AUTO_CONFIRMED_WITH_ATTRIBUTES;semantic_primary_product
p1q1ayhcm3w2;Демісезонні берци Forester High F3545 Waterresistant;footwear_boots;footwear_boots;UNCHANGED;AUTO_CONFIRMED_WITH_ATTRIBUTES;semantic_primary_product
p1r7bc13m3y6;Літні чорні Крейзі кросівки Undolini (500103);footwear_sneakers;footwear_sneakers;UNCHANGED;AUTO_CONFIRMED_WITH_ATTRIBUTES;semantic_primary_product
p1rl7ttpm3tq;Балістичний захист 2 класу Militex для поясу РПС R-3 — M (93*19 см);load_bearing_rps;armor_soft;CHANGED_HIGH_CONFIDENCE;AUTO_CONFIRMED_WITH_ATTRIBUTES;semantic_primary_product
p1rljoxcm3yx;Маскувальна сітка Militex Мультикам бруд 6х8м (площа 48 кв.м.);camouflage_nets;camouflage_nets;UNCHANGED;AUTO_CONFIRMED_WITH_ATTRIBUTES;semantic_primary_product
p1rsogdim3te;Антидронова сітка основа 3*70, вічко 45мм, нитка 1.2 мм;camouflage_antidrone;camouflage_antidrone;UNCHANGED;AUTO_CONFIRMED_WITH_ATTRIBUTES;semantic_primary_product
p1saayooogoz;Кофта флісова темно-синя;clothing_fleece;clothing_fleece;UNCHANGED;AUTO_CONFIRMED_WITH_ATTRIBUTES;semantic_primary_product
p1snv5ocm3tn;Балістичний захист 1 класу Militex для поясу РПС R-3 — M (93*19 см);load_bearing_rps;armor_soft;CHANGED_HIGH_CONFIDENCE;AUTO_CONFIRMED_WITH_ATTRIBUTES;semantic_primary_product
p1sval4uogqy;Сумка тактична через плече 7 л;bags_shoulder;bags_shoulder;UNCHANGED;AUTO_CONFIRMED_WITH_ATTRIBUTES;semantic_primary_product
p1tbz87nehqw;Маскувальна сітка M-WIN мультикам. Маскування зима. 5х7 м (площа 35 кв.м.);camouflage_nets;camouflage_nets;UNCHANGED;AUTO_CONFIRMED_WITH_ATTRIBUTES;semantic_primary_product
p1tpo7q2ehnj;М'який балістичний пакет 2 класу 150х300 мм - 2 шт.;armor_soft;armor_soft;UNCHANGED;AUTO_CONFIRMED_WITH_ATTRIBUTES;semantic_primary_product
p1tujluin1cq;Шапка трикотажна Чорна;clothing_headwear;clothing_headwear;UNCHANGED;AUTO_CONFIRMED_WITH_ATTRIBUTES;semantic_primary_product
p1u9f8xgogqc;Подсумок для планшета, мультикам;pouches_other;pouches_phone;CHANGED_HIGH_CONFIDENCE;AUTO_CONFIRMED_WITH_ATTRIBUTES;semantic_primary_product
p1ujycy2ogua;Чоловічі зимові тактичні шкіряні берці Кіборг, чорні;footwear_boots;footwear_boots;UNCHANGED;AUTO_CONFIRMED_WITH_ATTRIBUTES;semantic_primary_product
p1us2lddogno;Берці демісезонні Яструб;footwear_boots;footwear_boots;UNCHANGED;AUTO_CONFIRMED_WITH_ATTRIBUTES;semantic_primary_product
p1v228irogr4;Тактична військова форма, костюм F.16, мультикам;clothing_costumes;clothing_costumes;UNCHANGED;AUTO_CONFIRMED_WITH_ATTRIBUTES;semantic_primary_product
p1vpjkj3ogv3;Штани тактичні UKR-TEC ріп-стоп, мультикам;clothing_pants;clothing_pants;UNCHANGED;AUTO_CONFIRMED_WITH_ATTRIBUTES;semantic_primary_product
p1wlhdc4ehu9;Маскувальна сітка M-Win Темний мультикам. Маскування весна, літо, осінь. 2х8 м (площа 16 кв.м.);camouflage_nets;camouflage_nets;UNCHANGED;AUTO_CONFIRMED_WITH_ATTRIBUTES;semantic_primary_product
p1wxton3ehr9;Маскувальна сітка M-Win Осінній мультикам. Маскування осінь, весна. 2х4 м (площа 8 кв.м.);camouflage_nets;camouflage_nets;UNCHANGED;AUTO_CONFIRMED_WITH_ATTRIBUTES;semantic_primary_product
p1x4i707eho5;Маскувальна сітка M-Win Весняний камуфляж. Маскування весна, літо. 7х8 м (площа 56 кв.м.);camouflage_nets;camouflage_nets;UNCHANGED;AUTO_CONFIRMED_WITH_ATTRIBUTES;semantic_primary_product
p1xctxziehv3;Маскувальна сітка M-Win Хижак. Маскування осінь, весна. 3х7 м (площа 21 кв.м.);camouflage_nets;camouflage_nets;UNCHANGED;AUTO_CONFIRMED_WITH_ATTRIBUTES;semantic_primary_product
p1xwq3s7m41u;Тактичні активні навушники Opsmen EARMOR M32 MARK3;communications_headphones;communications_headphones;UNCHANGED;AUTO_CONFIRMED_WITH_ATTRIBUTES;semantic_primary_product
p1ycw8mnn15s;Костюм (Кітель+Штани) ММ-14 розмір 48 (M);clothing_costumes;clothing_costumes;UNCHANGED;AUTO_CONFIRMED_WITH_ATTRIBUTES;semantic_primary_product
p1yd0c5gm3us;Бронежилет (L) Militex Modular X-1 (збільшена площа захисту) з балістичними пакетами,, 1 клас;armor_vests;armor_vests;UNCHANGED;AUTO_CONFIRMED_WITH_ATTRIBUTES;semantic_primary_product
p1ynzobam3zq;Підсумок Militex для захисту навушників навушники Cordura original USA;pouches_other;pouches_other;UNCHANGED;AUTO_CONFIRMED_WITH_ATTRIBUTES;semantic_primary_product
p1yq75u5m3xp;Комплект камербанди Gen.2 для плитоноски KIBORG (зі швидким скидом) + балістичний захист 2 класу —;field_fasteners;armor_accessories;CHANGED_HIGH_CONFIDENCE;AUTO_CONFIRMED_WITH_ATTRIBUTES;semantic_primary_product
p20fjaf5ogr4;Тактична демісезонна куртка Soft shell чорна;clothing_jackets;clothing_jackets;UNCHANGED;AUTO_CONFIRMED_WITH_ATTRIBUTES;semantic_primary_product
p219itcym3xv;"Компресійні літні шкарпетки графіт ""ShortDry PRO""";footwear_socks;footwear_socks;UNCHANGED;AUTO_CONFIRMED_WITH_ATTRIBUTES;semantic_primary_product
p21a3i3iehpl;Маскувальна сітка M-Win камуфляж. Маскування весна, літо, осінь. 7х8 м (площа 56 кв.м.);camouflage_nets;camouflage_nets;UNCHANGED;AUTO_CONFIRMED_WITH_ATTRIBUTES;semantic_primary_product
p235r9q1ehoq;Маскувальна сітка M-Win Зелене листя. Маскування весна, літо. 5х8 м (площа 40 кв.м.);camouflage_nets;camouflage_nets;UNCHANGED;AUTO_CONFIRMED_WITH_ATTRIBUTES;semantic_primary_product
p23c5x7ym3uk;Блок багатоканальної швидкої зарядки Bandera Power 305S;power_stations;power_stations;UNCHANGED;AUTO_CONFIRMED_WITH_ATTRIBUTES;semantic_primary_product
p24pfmldm42w;Шолом з Кавером Навушниками Ліхтариком Комплект Шолома з Навушниками Каска;helmets_covers;helmets_ballistic;CHANGED_HIGH_CONFIDENCE;AUTO_CONFIRMED_WITH_ATTRIBUTES;semantic_primary_product
p24uczf9m3wa;Зарядний пристрій YX для DJI Mavic 4 Pro на 3 акумулятори з USB-виходом;power_batteries;power_accessories;CHANGED_HIGH_CONFIDENCE;AUTO_CONFIRMED_WITH_ATTRIBUTES;semantic_primary_product
p2524jx2ogp0;Кофта флісова, оливкова;clothing_fleece;clothing_fleece;UNCHANGED;AUTO_CONFIRMED_WITH_ATTRIBUTES;semantic_primary_product
p25mm2ppehtu;Маскувальна сітка M-WIN Темний камуфляж. Маскування осінь, зима, весна. 5х7 м (площа 35 кв.м.);camouflage_nets;camouflage_nets;UNCHANGED;AUTO_CONFIRMED_WITH_ATTRIBUTES;semantic_primary_product
p25qgb13ehw4;Підсумок під 2 магазини АК/AR закритого типу M-WIN;pouches_magazines;pouches_magazines;UNCHANGED;AUTO_CONFIRMED_WITH_ATTRIBUTES;semantic_primary_product
p26dq2u0ehsf;Маскувальна сітка M-Win Піксель. Маскування весна, літо, осінь. 6х8 м (площа 48 кв.м.);camouflage_nets;camouflage_nets;UNCHANGED;AUTO_CONFIRMED_WITH_ATTRIBUTES;semantic_primary_product
p26h7saiogpd;Кросівки тактичні Ягуар чорні;footwear_sneakers;footwear_sneakers;UNCHANGED;AUTO_CONFIRMED_WITH_ATTRIBUTES;semantic_primary_product
p276j1njn1bn;Тактичні Глорія зима (повна махра);footwear_socks;footwear_socks;UNCHANGED;SUPPLIER_MAPPING;unambiguous_supplier_mapping
p27e4ba7m3tz;Балістичний пакет для бронежилета Militex камербанди 2шт. XL/28,9*17 см (2 клас);armor_soft;armor_soft;UNCHANGED;AUTO_CONFIRMED_WITH_ATTRIBUTES;semantic_primary_product
p27h9518ogqr;Світшот тактичний зимовий;clothing_tshirts;clothing_tshirts;UNCHANGED;SUPPLIER_MAPPING;unambiguous_supplier_mapping
p27k4qmbm3su;Антидронова сітка (10×6 м) вічко 100 мм, нитка 1,8 мм, чорна міцна сітка для захисту техніки та позицій;camouflage_antidrone;camouflage_antidrone;UNCHANGED;AUTO_CONFIRMED_WITH_ATTRIBUTES;semantic_primary_product
p283dsekm3t3;Антидронова сітка (5×6 м) вічко 50 мм, нитка 1,8 мм, чорна міцна сітка для захисту техніки та позицій;camouflage_antidrone;camouflage_antidrone;UNCHANGED;AUTO_CONFIRMED_WITH_ATTRIBUTES;semantic_primary_product
p28c1s09m3xv;Костюм (штани+куртка) twill;clothing_jackets;clothing_costumes;CHANGED_HIGH_CONFIDENCE;AUTO_CONFIRMED_WITH_ATTRIBUTES;semantic_primary_product
p28gplwym40d;Рукавиці безпалі з накладками Outdoor Tactics;clothing_gloves;clothing_gloves;UNCHANGED;AUTO_CONFIRMED_WITH_ATTRIBUTES;semantic_primary_product
p28mg8fim42z;Шолом PE Fast NIJ IIIA За стандартними NATO;helmets_ballistic;helmets_ballistic;UNCHANGED;AUTO_CONFIRMED_WITH_ATTRIBUTES;semantic_primary_product
p29w63x1n19d;Плитоноска збільшена Warrior Spirit;armor_carriers;armor_carriers;UNCHANGED;AUTO_CONFIRMED_WITH_ATTRIBUTES;semantic_primary_product
p2a1iwusm3xs;Комплект сумка-напашник M + балістичний захист 1 клас Cordura original USA Militex;field_fasteners;pouches_dangler;CHANGED_HIGH_CONFIDENCE;AUTO_CONFIRMED_WITH_ATTRIBUTES;semantic_primary_product
p2akwg4tm3va;Бронеплити CAP6-L (3.25 кг) (6 клас) BRONYX 260*330 (одна площина) 2шт;armor_plates;armor_plates;UNCHANGED;AUTO_CONFIRMED_WITH_ATTRIBUTES;semantic_primary_product
p2ao0o35m3uh;Берці літні Forester Haix;footwear_boots;footwear_boots;UNCHANGED;AUTO_CONFIRMED_WITH_ATTRIBUTES;semantic_primary_product
p2b365o6m3u3;Балістичний пакет для РПС Kiborg R-1 розмір L 98,9*21,8 (1 клас захисту);armor_soft;armor_soft;UNCHANGED;AUTO_CONFIRMED_WITH_ATTRIBUTES;semantic_primary_product
p2c1wua2ogqw;Сумка тактична поясна, органайзер, підсумок Molle;bags_organizers;bags_waist;CHANGED_HIGH_CONFIDENCE;AUTO_CONFIRMED_WITH_ATTRIBUTES;semantic_primary_product
p2cbic0km41k;Тактична футблока поло Military (56р);clothing_tshirts;clothing_tshirts;UNCHANGED;AUTO_CONFIRMED_WITH_ATTRIBUTES;semantic_primary_product
p2cbij4cm3zu;Плитоноска Militex Pro Series original USA - нового покоління;armor_carriers;armor_carriers;UNCHANGED;AUTO_CONFIRMED_WITH_ATTRIBUTES;semantic_primary_product
p2cfrwwcn199;Підсумок-органайзер для телефону;pouches_phone;pouches_phone;UNCHANGED;AUTO_CONFIRMED_WITH_ATTRIBUTES;semantic_primary_product
p2cmi502m3u0;Балістичний пакет для бронежилета Militex XL (спина 60,8*51,2 см/груди 41,9*45,9 см) 2 клас;armor_soft;armor_soft;UNCHANGED;AUTO_CONFIRMED_WITH_ATTRIBUTES;semantic_primary_product
p2cyr4uuehsz;Маскувальна сітка M-Win Світлий мультикам. Маскування весна, літо, осінь. 4х8 м (площа 32 кв.м.);camouflage_nets;camouflage_nets;UNCHANGED;AUTO_CONFIRMED_WITH_ATTRIBUTES;semantic_primary_product
p2dfe2mcehrb;Маскувальна сітка M-Win Осінній мультикам. Маскування осінь, весна. 2х9 м (площа 18 кв.м.);camouflage_nets;camouflage_nets;UNCHANGED;AUTO_CONFIRMED_WITH_ATTRIBUTES;semantic_primary_product
p2ebkos2m3yn;Маскувальна сітка Militex 5х8м (площа 40 кв.м.);camouflage_nets;camouflage_nets;UNCHANGED;AUTO_CONFIRMED_WITH_ATTRIBUTES;semantic_primary_product
p2g05t0tm3y6;Літні функціональні бойові штани Military;clothing_pants;clothing_pants;UNCHANGED;AUTO_CONFIRMED_WITH_ATTRIBUTES;semantic_primary_product
p2ggyz51ogoe;Зимові тактичні берці Пегас;footwear_boots;footwear_boots;UNCHANGED;AUTO_CONFIRMED_WITH_ATTRIBUTES;semantic_primary_product
p2haiw78m3uz;Бронежилет Militex Modular X-1 з балістичним пакетом (2 клас) | | Cordura USA | Розмір;field_fasteners;armor_vests;CHANGED_HIGH_CONFIDENCE;AUTO_CONFIRMED_WITH_ATTRIBUTES;semantic_primary_product
p2hi5i6cogs5;Тактичні зимові флісові рукавиці;clothing_gloves;clothing_gloves;UNCHANGED;AUTO_CONFIRMED_WITH_ATTRIBUTES;semantic_primary_product
p2hpa0dqehtx;Маскувальна сітка M-WIN Темний камуфляж. Маскування осінь, зима, весна. 6х8 м (площа 48 кв.м.);camouflage_nets;camouflage_nets;UNCHANGED;AUTO_CONFIRMED_WITH_ATTRIBUTES;semantic_primary_product
p2htylt1m3v4;Бронеплити титано-керамічні 4 клас захисту 250×300 мм (комплект 2 шт, 2,2 кг);armor_plates;armor_plates;UNCHANGED;AUTO_CONFIRMED_WITH_ATTRIBUTES;semantic_primary_product
p2iki41cm40u;Спальний мішок з капюшоном 2,100х0,750 фліс;field_sleeping;field_sleeping;UNCHANGED;AUTO_CONFIRMED_WITH_ATTRIBUTES;semantic_primary_product
p2j46av8ehtz;Маскувальна сітка M-WIN Темний камуфляж. Маскування осінь, зима, весна. 7х8 м (площа 56 кв.м.);camouflage_nets;camouflage_nets;UNCHANGED;AUTO_CONFIRMED_WITH_ATTRIBUTES;semantic_primary_product
p2k9q20om3wg;Захист плечей Kiborg з балістичним пакетом 1 клас захисту Militex;armor_sets;armor_soft;CHANGED_HIGH_CONFIDENCE;AUTO_CONFIRMED_WITH_ATTRIBUTES;semantic_primary_product
p2kgkparehr8;Маскувальна сітка M-Win Осінній мультикам. Маскування осінь, весна. 2х10 м (площа 20 кв.м.);camouflage_nets;camouflage_nets;UNCHANGED;AUTO_CONFIRMED_WITH_ATTRIBUTES;semantic_primary_product
p2moou6mn16h;Ложка-вилка похідна 5 в 1;field_cookware;field_cookware;UNCHANGED;SUPPLIER_MAPPING;unambiguous_supplier_mapping
p2nkumtgm3tb;Антидронова сітка (7×6 м) вічко 100 мм, нитка 1,8 мм, чорна міцна сітка для захисту техніки та позицій;camouflage_antidrone;camouflage_antidrone;UNCHANGED;AUTO_CONFIRMED_WITH_ATTRIBUTES;semantic_primary_product
p2osxctvehn7;Антидронова маскувальна сітка M-WIN 6х8 м (площа 48 кв.м.);camouflage_antidrone;camouflage_antidrone;UNCHANGED;AUTO_CONFIRMED_WITH_ATTRIBUTES;semantic_primary_product
p2ou2nhrm40j;Рукавиці Mechanix SUB35 Realtree;clothing_gloves;clothing_gloves;UNCHANGED;AUTO_CONFIRMED_WITH_ATTRIBUTES;semantic_primary_product
p2pzltxnehnc;Бронежилет тактичний Cyborg. Плитоноска M-WIN GEN.2 M-L. Комплект;armor_vests;armor_vests;UNCHANGED;AUTO_CONFIRMED_WITH_ATTRIBUTES;semantic_primary_product
p2q67lrtehum;Маскувальна сітка M-Win Темний мультикам. Маскування весна, літо, осінь. 6х9 м (площа 54 кв.м.);camouflage_nets;camouflage_nets;UNCHANGED;AUTO_CONFIRMED_WITH_ATTRIBUTES;semantic_primary_product
p2qqc85tnqak;"Комплект спортивний ""EXTRAVEL"" (2VStretch)";clothing_costumes;clothing_costumes;UNCHANGED;SUPPLIER_MAPPING;unambiguous_supplier_mapping
p2qxg5chm40l;Ручка переносу вогню з герметичним відсіком Key-Arma Picatinny Rail Polymer (KEY-403);weapon_accessories_grips;weapon_accessories_grips;UNCHANGED;SUPPLIER_MAPPING;unambiguous_supplier_mapping
p2r2cmq3ogrk;Тактична сумка для ноутбука;camouflage_nets;bags_tactical_bags;CHANGED_HIGH_CONFIDENCE;AUTO_CONFIRMED_WITH_ATTRIBUTES;semantic_primary_product
p2raxrctehwb;Сумка-напашник з балістичним пакетом 2 класу M-WIN Large LC;field_fasteners;pouches_dangler;CHANGED_HIGH_CONFIDENCE;AUTO_CONFIRMED_WITH_ATTRIBUTES;semantic_primary_product
p2rjy73feho9;Маскувальна сітка M-Win Весняний камуфляж. Маскування весна, літо. 9х9 м (площа 81 кв.м.);camouflage_nets;camouflage_nets;UNCHANGED;AUTO_CONFIRMED_WITH_ATTRIBUTES;semantic_primary_product
p2s1gdk8n190;Підсумок під пляшку (MOLLE, підсумок на розгрузку, жилет, РПС);clothing_vests;pouches_other;CHANGED_HIGH_CONFIDENCE;AUTO_CONFIRMED_WITH_ATTRIBUTES;semantic_primary_product
p2sesp6iehne;Зимовий флісовий комплект M-WIN. Шапка (розмір)+баф. Олива.;clothing_balaclavas;clothing_headwear;CHANGED_HIGH_CONFIDENCE;AUTO_CONFIRMED_WITH_ATTRIBUTES;semantic_primary_product
p2sqt9swehuc;Маскувальна сітка M-Win Темний мультикам. Маскування весна, літо, осінь. 3х9 м (площа 27 кв.м.);camouflage_nets;camouflage_nets;UNCHANGED;AUTO_CONFIRMED_WITH_ATTRIBUTES;semantic_primary_product
p2t24k8rn14z;Карабіни D-подібної форми;field_fasteners;field_fasteners;UNCHANGED;AUTO_CONFIRMED_WITH_ATTRIBUTES;semantic_primary_product
p2tixgcrm3xw;Костюм Line FS бомбер+джогери Rip-Stop;clothing_costumes;clothing_costumes;UNCHANGED;AUTO_CONFIRMED_WITH_ATTRIBUTES;semantic_primary_product
p2ucis74ehuj;Маскувальна сітка M-Win Темний мультикам. Маскування весна, літо, осінь. 5х9 м (площа 45 кв.м.);camouflage_nets;camouflage_nets;UNCHANGED;AUTO_CONFIRMED_WITH_ATTRIBUTES;semantic_primary_product
p2uierr9m3tg;Антидронова сітка основа 6*140м, вічко 45 мм, нитка 1.8мм;camouflage_antidrone;camouflage_antidrone;UNCHANGED;AUTO_CONFIRMED_WITH_ATTRIBUTES;semantic_primary_product
p2va3ni8n18r;Підсумок під аптечку із вкладишем Warrior Spirit Мультикам;pouches_ifak;pouches_medical;CHANGED_HIGH_CONFIDENCE;AUTO_CONFIRMED_WITH_ATTRIBUTES;semantic_primary_product
p2vpkamaehnk;Маскувальна сітка M-Win Весняний камуфляж. Маскування весна, літо. 10х10 м (площа 100 кв.м.);camouflage_nets;camouflage_nets;UNCHANGED;AUTO_CONFIRMED_WITH_ATTRIBUTES;semantic_primary_product
p2w0kjr8m3zj;Підвісна система + подушки для шолому Team Wendy Cam Fit (R) GEN.4 Чорна;helmets_suspension;helmets_suspension;UNCHANGED;AUTO_CONFIRMED_WITH_ATTRIBUTES;semantic_primary_product
p2wmmtpsehtt;Маскувальна сітка M-WIN Темний камуфляж. Маскування осінь, зима, весна. 5х6 м (площа 30 кв.м.);camouflage_nets;camouflage_nets;UNCHANGED;AUTO_CONFIRMED_WITH_ATTRIBUTES;semantic_primary_product
p2yumdk2m3su;Антабка QD Militex;weapon_accessories_other;weapon_accessories_other;UNCHANGED;AUTO_CONFIRMED_WITH_ATTRIBUTES;semantic_primary_product
p2z4u26pehnh;Кріплення Чебурашки для активних навушників EARMOR (Ops core arc & team wendy);helmets_mounts;communications_accessories;CHANGED_HIGH_CONFIDENCE;AUTO_CONFIRMED_WITH_ATTRIBUTES;semantic_primary_product
p2zn4so4ehpi;Маскувальна сітка M-Win камуфляж. Маскування весна, літо, осінь. 6х6 м (площа 36 кв.м.);camouflage_nets;camouflage_nets;UNCHANGED;AUTO_CONFIRMED_WITH_ATTRIBUTES;semantic_primary_product
p2ztn7weogre;Тактична легка куртка-парка, мультикам;clothing_jackets;clothing_jackets;UNCHANGED;AUTO_CONFIRMED_WITH_ATTRIBUTES;semantic_primary_product
p30tcemanqai;"Комплект мілітарі ""TRAVEL DEFENCE"" 3 в 1 (Таслан + Мікрофліс)";clothing_fleece;clothing_costumes;CHANGED_HIGH_CONFIDENCE;SUPPLIER_MAPPING;unambiguous_supplier_mapping
p30x7hd7m41q;Тактичний демісезонний костюм Softshell;clothing_costumes;clothing_costumes;UNCHANGED;AUTO_CONFIRMED_WITH_ATTRIBUTES;semantic_primary_product
p321xstgogou;Кофта флісова з капюшоном тактична чорна;clothing_fleece;clothing_fleece;UNCHANGED;AUTO_CONFIRMED_WITH_ATTRIBUTES;semantic_primary_product
p322641um3yn;Маскувальна сітка Militex 5х5м (площа 25 кв.м.);camouflage_nets;camouflage_nets;UNCHANGED;AUTO_CONFIRMED_WITH_ATTRIBUTES;semantic_primary_product
p322bq1fogrb;Тактична куртка, вітровка;clothing_jackets;clothing_jackets;UNCHANGED;AUTO_CONFIRMED_WITH_ATTRIBUTES;semantic_primary_product
p32r3pu9ehqj;Маскувальна сітка M-WIN мультикам. Маскування зима. 2х10 м (площа 20 кв.м.);camouflage_nets;camouflage_nets;UNCHANGED;AUTO_CONFIRMED_WITH_ATTRIBUTES;semantic_primary_product
p338xjlrn1b8;Тактичний пояс розвантажувальний РПС з кріпленнім MOLLE та плечовими лямками без підсумків;load_bearing_rps;load_bearing_belts;CHANGED_HIGH_CONFIDENCE;AUTO_CONFIRMED_WITH_ATTRIBUTES;semantic_primary_product
p33jy334ogsq;Тактичні черевики Пегас демісезонні;footwear_shoes;footwear_shoes;UNCHANGED;AUTO_CONFIRMED_WITH_ATTRIBUTES;semantic_primary_product
p33s9ay3ehv0;Маскувальна сітка M-Win Хижак. Маскування осінь, весна. 2х9 м (площа 18 кв.м.);camouflage_nets;camouflage_nets;UNCHANGED;AUTO_CONFIRMED_WITH_ATTRIBUTES;semantic_primary_product
p34b31uyehsx;Маскувальна сітка M-Win Світлий мультикам. Маскування весна, літо, осінь. 4х4 м (площа 16 кв.м.);camouflage_nets;camouflage_nets;UNCHANGED;AUTO_CONFIRMED_WITH_ATTRIBUTES;semantic_primary_product
p34u61ncnqb2;"Сумка - органайзер для зброї ""PREDATOR"" (Cordura)";bags_organizers;bags_organizers;UNCHANGED;AUTO_CONFIRMED_WITH_ATTRIBUTES;semantic_primary_product
p34ymvv2ogs6;Тактичні зимові черевики Варвар, шкіра хутро;footwear_shoes;footwear_shoes;UNCHANGED;AUTO_CONFIRMED_WITH_ATTRIBUTES;semantic_primary_product
p35j7gorn1bw;"Тактичні штани Softshell ""Яструб"", Розмір";clothing_pants;clothing_pants;UNCHANGED;AUTO_CONFIRMED_WITH_ATTRIBUTES;semantic_primary_product
p35qq4ghn155;Кепка ЗСУ статутна розмір;clothing_headwear;clothing_headwear;UNCHANGED;AUTO_CONFIRMED_WITH_ATTRIBUTES;semantic_primary_product
p35vhpjeogp6;Кросівки тактичні демісезонні UKR-TEC чорні;footwear_sneakers;footwear_sneakers;UNCHANGED;AUTO_CONFIRMED_WITH_ATTRIBUTES;semantic_primary_product
p36h4fplm41o;Тактична футболка-поло Coolpass – комфорт і функціональність у кожному русі;clothing_tshirts;clothing_tshirts;UNCHANGED;AUTO_CONFIRMED_WITH_ATTRIBUTES;semantic_primary_product
p36mugtlehn9;Балаклава фліс M-WIN;clothing_balaclavas;clothing_balaclavas;UNCHANGED;AUTO_CONFIRMED_WITH_ATTRIBUTES;semantic_primary_product
p37rpclyehq4;Маскувальна сітка M-Win мультикам. Маскування весна, літо. 4х8 м (площа 32 кв.м.);camouflage_nets;camouflage_nets;UNCHANGED;AUTO_CONFIRMED_WITH_ATTRIBUTES;semantic_primary_product
p38fa2dqehsw;Маскувальна сітка M-Win Світлий мультикам. Маскування весна, літо, осінь. 4х10 м (площа 40 кв.м.);camouflage_nets;camouflage_nets;UNCHANGED;AUTO_CONFIRMED_WITH_ATTRIBUTES;semantic_primary_product
p39z6g0cm3ug;Безпалі рукавиці Mechanix MXK-2;clothing_gloves;clothing_gloves;UNCHANGED;AUTO_CONFIRMED_WITH_ATTRIBUTES;semantic_primary_product
p3aj9c4lehqr;Маскувальна сітка M-WIN мультикам. Маскування зима. 3х9 м (площа 27 кв.м.);camouflage_nets;camouflage_nets;UNCHANGED;AUTO_CONFIRMED_WITH_ATTRIBUTES;semantic_primary_product
p3ansu7lm41g;Тактична демісезонна куртка YINREN Delta Eagle Gen 3 з мембраною ріп-стоп та водонепроникним капюшоном;clothing_jackets;clothing_jackets;UNCHANGED;AUTO_CONFIRMED_WITH_ATTRIBUTES;semantic_primary_product
p3apy62oehnd;Бронежилет тактичний Spartan. Плитоноска з підсумками M-WIN GEN.2;armor_vests;armor_vests;UNCHANGED;AUTO_CONFIRMED_WITH_ATTRIBUTES;semantic_primary_product
p3as6r4on13g;Бейсболка з гербом;clothing_headwear;clothing_headwear;UNCHANGED;AUTO_CONFIRMED_WITH_ATTRIBUTES;semantic_primary_product
p3b7vu99m3x0;Зимова маскувальна сітка Militex Альпійська клякса 6х10м (площа 60 кв.м.);camouflage_nets;camouflage_nets;UNCHANGED;AUTO_CONFIRMED_WITH_ATTRIBUTES;semantic_primary_product
p3bpa7ufehv4;Маскувальна сітка M-Win Хижак. Маскування осінь, весна. 3х9 м (площа 27 кв.м.);camouflage_nets;camouflage_nets;UNCHANGED;AUTO_CONFIRMED_WITH_ATTRIBUTES;semantic_primary_product
p3bx47wsm3um;Блок багатоканальної швидкої зарядки BanderaPower 180;power_stations;power_stations;UNCHANGED;AUTO_CONFIRMED_WITH_ATTRIBUTES;semantic_primary_product
p3c0ff6rm3xr;Комплект обвісу для шолому FAST, MICH;helmets_ballistic;helmets_accessories;CHANGED_HIGH_CONFIDENCE;AUTO_CONFIRMED_WITH_ATTRIBUTES;semantic_primary_product
p3c45pl5oguj;Шапка флісова чорна;clothing_headwear;clothing_headwear;UNCHANGED;AUTO_CONFIRMED_WITH_ATTRIBUTES;semantic_primary_product
p3cosccwn17q;Ножиці SANKE RESCUE (чохол MOLLE);tools_knives;medical_shears;CHANGED_HIGH_CONFIDENCE;AUTO_CONFIRMED_WITH_ATTRIBUTES;semantic_primary_product
p3cq6hyiehpp;Маскувальна сітка M-Win Листя осінь. Маскування весна, літо, осінь. 2х6 м (площа 12 кв.м.);camouflage_nets;camouflage_nets;UNCHANGED;AUTO_CONFIRMED_WITH_ATTRIBUTES;semantic_primary_product
p3cr80rpnqbb;"Футболка з принтом ""LEGION"" (Бавовна)";clothing_tshirts;clothing_tshirts;UNCHANGED;AUTO_CONFIRMED_WITH_ATTRIBUTES;semantic_primary_product
p3f11lizm3u2;Балістичний пакет для РПС Kiborg R-1 розмір 98,9*21,8 Militex (2 клас захисту);armor_soft;armor_soft;UNCHANGED;AUTO_CONFIRMED_WITH_ATTRIBUTES;semantic_primary_product
p3f2oja5m41q;Тактичний демісезонний костюм Softshell Мульткам;clothing_costumes;clothing_costumes;UNCHANGED;AUTO_CONFIRMED_WITH_ATTRIBUTES;semantic_primary_product
p3f4pge8ehpj;Маскувальна сітка M-Win камуфляж. Маскування весна, літо, осінь. 6х8 м (площа 48 кв.м.);camouflage_nets;camouflage_nets;UNCHANGED;AUTO_CONFIRMED_WITH_ATTRIBUTES;semantic_primary_product
p3fe4xksm3z5;Набір компресійних шкарпеток «ЛЮБИТЬ – НЕ ЛЮБИТЬ» 2 пари ультралегкі анатомічні;footwear_socks;footwear_socks;UNCHANGED;AUTO_CONFIRMED_WITH_ATTRIBUTES;semantic_primary_product
p3ftup4iogrn;Тактична флісова куртка / чорна;clothing_jackets;clothing_fleece;CHANGED_HIGH_CONFIDENCE;AUTO_CONFIRMED_WITH_ATTRIBUTES;semantic_primary_product
p3gngud6ogu6;Черевики тактичні демісезонні Ukr-tec;footwear_shoes;footwear_shoes;UNCHANGED;AUTO_CONFIRMED_WITH_ATTRIBUTES;semantic_primary_product
p3gxg6lsehn9;Балаклава мікрофліс M-WIN чорна;clothing_balaclavas;clothing_balaclavas;UNCHANGED;AUTO_CONFIRMED_WITH_ATTRIBUTES;semantic_primary_product
p3hr9ydqm3w3;Демісезонні компресійні гольфи чорно-зелені «LongDry PRO»;clothing_sweaters;clothing_sweaters;UNCHANGED;AUTO_CONFIRMED_WITH_ATTRIBUTES;semantic_primary_product
p3i9bp8eognw;Берці тактичні зимові Гладіатор, на блискавці;footwear_boots;footwear_boots;UNCHANGED;AUTO_CONFIRMED_WITH_ATTRIBUTES;semantic_primary_product
p3id8smvogsh;Тактичні літні полегшені кросівки перфорація, чорні;footwear_sneakers;footwear_sneakers;UNCHANGED;AUTO_CONFIRMED_WITH_ATTRIBUTES;semantic_primary_product
p3iewkkum3zc;Односекційний каремат-сидушка пятиточка Kiborg П-1;field_seats;field_seats;UNCHANGED;AUTO_CONFIRMED_WITH_ATTRIBUTES;semantic_primary_product
p3iicx4am3v0;Бронековдра KIBORG з балістичним захистом 1 класу від Militex у кольорі;armor_sets;armor_soft;CHANGED_HIGH_CONFIDENCE;AUTO_CONFIRMED_WITH_ATTRIBUTES;semantic_primary_product
p3iprcb7m406;Протиударний нагрудний чохол під смартфон;field_other;field_fasteners;CHANGED_HIGH_CONFIDENCE;AUTO_CONFIRMED_WITH_ATTRIBUTES;semantic_primary_product
p3it5nlrnqaj;"Комплект мілітарі Костюм ""CRUSADER"" + Термобілизна";clothing_thermal;clothing_costumes;CHANGED_HIGH_CONFIDENCE;AUTO_CONFIRMED_WITH_ATTRIBUTES;semantic_primary_product
p3j3qvl0nqaz;Ремінь тактичний (4 см) (Поліамід);clothing_belts;clothing_belts;UNCHANGED;AUTO_CONFIRMED_WITH_ATTRIBUTES;semantic_primary_product
p3jv16l0eho2;Маскувальна сітка M-Win Весняний камуфляж. Маскування весна, літо. 6х7 м (площа 42 кв.м.);camouflage_nets;camouflage_nets;UNCHANGED;AUTO_CONFIRMED_WITH_ATTRIBUTES;semantic_primary_product
p3kt1dsgm41h;Тактична зимова куртка Call Dragon Level 7 з еко-пухом;clothing_jackets;clothing_jackets;UNCHANGED;AUTO_CONFIRMED_WITH_ATTRIBUTES;semantic_primary_product
p3lcjwasehrd;Маскувальна сітка M-Win Осінній мультикам. Маскування осінь, весна. 3х5 м (площа 15 кв.м.);camouflage_nets;camouflage_nets;UNCHANGED;AUTO_CONFIRMED_WITH_ATTRIBUTES;semantic_primary_product
p3lum1coehss;Маскувальна сітка M-Win Світлий мультикам. Маскування весна, літо, осінь. 3х10 м (площа 30 кв.м.);camouflage_nets;camouflage_nets;UNCHANGED;AUTO_CONFIRMED_WITH_ATTRIBUTES;semantic_primary_product
p3mpdtnjogtp;Футболка;clothing_tshirts;clothing_tshirts;UNCHANGED;AUTO_CONFIRMED_WITH_ATTRIBUTES;semantic_primary_product
p3o204fjm3zg;Передня панель для плитоноски з 3 підсумками під магазин Чорна;pouches_magazines;pouches_panels;CHANGED_HIGH_CONFIDENCE;AUTO_CONFIRMED_WITH_ATTRIBUTES;semantic_primary_product
p3o6rmjiehnx;Маскувальна сітка M-Win Весняний камуфляж. Маскування весна, літо. 4х7 м (площа 28 кв.м.);camouflage_nets;camouflage_nets;UNCHANGED;AUTO_CONFIRMED_WITH_ATTRIBUTES;semantic_primary_product
p3ov6ebrm3ys;Маскувальна сітка Militex Листя осінь 5х8м (площа 40 кв.м.);camouflage_nets;camouflage_nets;UNCHANGED;AUTO_CONFIRMED_WITH_ATTRIBUTES;semantic_primary_product
p3oxikkdm3x6;Зимові тактичні рукавички Mechanix M-Pact з утеплювачем;clothing_gloves;clothing_gloves;UNCHANGED;AUTO_CONFIRMED_WITH_ATTRIBUTES;semantic_primary_product
p3oxrrscm3x6;Зимові рукавиці мультикам Softshell;clothing_gloves;clothing_gloves;UNCHANGED;AUTO_CONFIRMED_WITH_ATTRIBUTES;semantic_primary_product
p3q00654ehqf;Маскувальна сітка M-Win мультикам. Маскування весна, літо. Індивідуальний розмір (ціна за 1 кв.м.);camouflage_nets;camouflage_nets;UNCHANGED;AUTO_CONFIRMED_WITH_ATTRIBUTES;semantic_primary_product
p3rjsw48m3x3;Зимовий костюм (бушлат+штани);clothing_costumes;clothing_costumes;UNCHANGED;AUTO_CONFIRMED_WITH_ATTRIBUTES;semantic_primary_product
p3tmve0jehuy;Маскувальна сітка M-Win Хижак. Маскування осінь, весна. 2х5 м (площа 10 кв.м.);camouflage_nets;camouflage_nets;UNCHANGED;AUTO_CONFIRMED_WITH_ATTRIBUTES;semantic_primary_product
p3u3ciybogus;Штани тактичні Комбат мультикам;clothing_pants;clothing_pants;UNCHANGED;AUTO_CONFIRMED_WITH_ATTRIBUTES;semantic_primary_product
p3uoc3ghm3zl;Підсумок з велкро під 1 магазин Kiborg M-1;pouches_magazines;pouches_magazines;UNCHANGED;AUTO_CONFIRMED_WITH_ATTRIBUTES;semantic_primary_product
p3uw4tfbm3zt;Плитоноска Kiborg GU Gen.2 + з'ємна панель для трьох магазинів;field_fasteners;armor_carriers;CHANGED_HIGH_CONFIDENCE;AUTO_CONFIRMED_WITH_ATTRIBUTES;semantic_primary_product
p3uzrhr0m423;Телескопічний приклад ATOM Key-Arma для AR/AK Mill spec Polymer;weapon_accessories_stocks;weapon_accessories_stocks;UNCHANGED;AUTO_CONFIRMED_WITH_ATTRIBUTES;semantic_primary_product
p3vmhpi7m3u1;Балістичний пакет для напашника Kiborg 29*29*15 Militex (2 клас захисту);armor_soft;armor_soft;UNCHANGED;AUTO_CONFIRMED_WITH_ATTRIBUTES;semantic_primary_product
p3vqm1lnehov;Маскувальна сітка M-Win Зелене листя. Маскування весна, літо. 8х10 м (площа 80 кв.м.);camouflage_nets;camouflage_nets;UNCHANGED;AUTO_CONFIRMED_WITH_ATTRIBUTES;semantic_primary_product
p3w0cfqhn18n;Підсумок мультитул Warrior Spirit;tools_multitools;pouches_other;CHANGED_HIGH_CONFIDENCE;AUTO_CONFIRMED_WITH_ATTRIBUTES;semantic_primary_product
p3wd2j49ehte;Маскувальна сітка M-WIN Темний камуфляж. Маскування осінь, зима, весна. 10х15 м (площа 150 кв.м.);camouflage_nets;camouflage_nets;UNCHANGED;AUTO_CONFIRMED_WITH_ATTRIBUTES;semantic_primary_product
p3wexm8kehwd;Тактичний ремінь War Belt M-WIN Gen. IV Хакі. Розмір;load_bearing_belts;load_bearing_belts;UNCHANGED;AUTO_CONFIRMED_WITH_ATTRIBUTES;semantic_primary_product
p3wsdlmqm3un;Бойова сорочка Tactical Series Long Sleeve з довгим рукавом та кишенями на плечах;clothing_combat_shirts;clothing_combat_shirts;UNCHANGED;AUTO_CONFIRMED_WITH_ATTRIBUTES;semantic_primary_product
p3x9n455n133;Балістичний пакет BP150x130 Клас 1;armor_soft;armor_soft;UNCHANGED;AUTO_CONFIRMED_WITH_ATTRIBUTES;semantic_primary_product
p3z0oawqm3yd;Маскувальна сітка з основою 10х10м Militex;camouflage_nets;camouflage_nets;UNCHANGED;AUTO_CONFIRMED_WITH_ATTRIBUTES;semantic_primary_product
p3zgwwy4m3tn;Балістичний захист 1 класу Militex для підсумка під захист живота L (32.8*16.8 см);armor_soft;armor_soft;UNCHANGED;AUTO_CONFIRMED_WITH_ATTRIBUTES;semantic_primary_product
p3zimraanqb6;"Толстовка з капюшоном ""ANTITERROR II"" (Фліс + мембрана)";clothing_fleece;clothing_fleece;UNCHANGED;AUTO_CONFIRMED_WITH_ATTRIBUTES;semantic_primary_product
p3zk82a5ehvk;Надміцна маскувальна сітка M-WIN 1,5х4 метри;camouflage_nets;camouflage_nets;UNCHANGED;AUTO_CONFIRMED_WITH_ATTRIBUTES;semantic_primary_product
p3zq5g0bm3wd;Захист живота/кишківника Kiborg з балістичним захистом 2 клас Militex;armor_sets;armor_soft;CHANGED_HIGH_CONFIDENCE;AUTO_CONFIRMED_WITH_ATTRIBUTES;semantic_primary_product
p40g80ybm3xf;Кепка бейсболка тактична Militex;clothing_headwear;clothing_headwear;UNCHANGED;AUTO_CONFIRMED_WITH_ATTRIBUTES;semantic_primary_product
p412l2caehpp;Маскувальна сітка M-Win Листя осінь. Маскування весна, літо, осінь. 3х4 м (площа 12 кв.м.);camouflage_nets;camouflage_nets;UNCHANGED;AUTO_CONFIRMED_WITH_ATTRIBUTES;semantic_primary_product
p413asgeehu7;Маскувальна сітка M-Win Темний мультикам. Маскування весна, літо, осінь. 2х5 м (площа 10 кв.м.);camouflage_nets;camouflage_nets;UNCHANGED;AUTO_CONFIRMED_WITH_ATTRIBUTES;semantic_primary_product
p415wauvogs7;Тактичні зимові черевики Памір з прогумованим носком;footwear_shoes;footwear_shoes;UNCHANGED;AUTO_CONFIRMED_WITH_ATTRIBUTES;semantic_primary_product
p419gb4zm3ti;Аптечка-підсумок зі швидким скидом Kiborg GU;pouches_ifak;pouches_medical;CHANGED_HIGH_CONFIDENCE;AUTO_CONFIRMED_WITH_ATTRIBUTES;semantic_primary_product
p41fjj8km3x5;"Зимовий спальний мішок Kiborg ""Alaska Duspo"" -20°C (85x210)";field_sleeping;field_sleeping;UNCHANGED;AUTO_CONFIRMED_WITH_ATTRIBUTES;semantic_primary_product
p4293b6eehqq;Маскувальна сітка M-WIN мультикам. Маскування зима. 3х8 м (площа 24 кв.м.);camouflage_nets;camouflage_nets;UNCHANGED;AUTO_CONFIRMED_WITH_ATTRIBUTES;semantic_primary_product
p430l0saogs0;Тактичні демісезонні черевики UKR-TEC;footwear_shoes;footwear_shoes;UNCHANGED;AUTO_CONFIRMED_WITH_ATTRIBUTES;semantic_primary_product
p43ly91cm3tn;Балістичний захист 1 класу Militex для поясу РПС R-3 — L (102*20,6 см);load_bearing_rps;armor_soft;CHANGED_HIGH_CONFIDENCE;AUTO_CONFIRMED_WITH_ATTRIBUTES;semantic_primary_product
p441lp8jogod;Зимова тактична куртка Omni-Heat Army мультикам;clothing_jackets;clothing_jackets;UNCHANGED;AUTO_CONFIRMED_WITH_ATTRIBUTES;semantic_primary_product
p4426xh7m3ym;Маскувальна сітка Militex 4х8м (площа 32 кв.м.);camouflage_nets;camouflage_nets;UNCHANGED;AUTO_CONFIRMED_WITH_ATTRIBUTES;semantic_primary_product
p45e1b4hogqn;Рукавиці тактичні Combat повнопалі;clothing_gloves;clothing_gloves;UNCHANGED;AUTO_CONFIRMED_WITH_ATTRIBUTES;semantic_primary_product
p45ejqmsogqt;Спальний мішок літній;field_sleeping;field_sleeping;UNCHANGED;AUTO_CONFIRMED_WITH_ATTRIBUTES;semantic_primary_product
p45ujythogsp;Тактичні черевики Кобра, всесезонні на мембрані;footwear_shoes;footwear_shoes;UNCHANGED;AUTO_CONFIRMED_WITH_ATTRIBUTES;semantic_primary_product
p46kl87qm3u0;Балістичний пакет для бронежилета Militex M (54,7*42,1/35,7*37,5 см) 2 клас;armor_soft;armor_soft;UNCHANGED;AUTO_CONFIRMED_WITH_ATTRIBUTES;semantic_primary_product
p47e6txum3zb;Однолямкова сумка(через плече);bags_shoulder;bags_shoulder;UNCHANGED;AUTO_CONFIRMED_WITH_ATTRIBUTES;semantic_primary_product
p47vwwo4ehq3;Маскувальна сітка M-Win мультикам. Маскування весна, літо. 4х6 м (площа 24 кв.м.);camouflage_nets;camouflage_nets;UNCHANGED;AUTO_CONFIRMED_WITH_ATTRIBUTES;semantic_primary_product
p489yshim3x5;Зимовий мікропуховик у кольорі BR YWH з вологостійкою тканиною та знімним капюшоном;clothing_jackets;clothing_jackets;UNCHANGED;AUTO_CONFIRMED_WITH_ATTRIBUTES;semantic_primary_product
p48asbwpehtn;Маскувальна сітка M-WIN Темний камуфляж. Маскування осінь, зима, весна. 3х7 м (площа 21 кв.м.);camouflage_nets;camouflage_nets;UNCHANGED;AUTO_CONFIRMED_WITH_ATTRIBUTES;semantic_primary_product
p492707toguq;Штани стрейч котонові;clothing_pants;clothing_pants;UNCHANGED;AUTO_CONFIRMED_WITH_ATTRIBUTES;semantic_primary_product
p4b582q2ogq0;Маска, окуляри тактичні;eye_protection_glasses;eye_protection_masks;CHANGED_HIGH_CONFIDENCE;AUTO_CONFIRMED_WITH_ATTRIBUTES;semantic_primary_product
p4c2vft3m422;Тактичні штани UA Twill з посиленими колінами та 8 кишенями;clothing_pants;clothing_pants;UNCHANGED;AUTO_CONFIRMED_WITH_ATTRIBUTES;semantic_primary_product
p4cztq6ym3wx;Зимова маскувальна сітка Militex Альпійська клякса 10х10м (площа 100 кв.м.);camouflage_nets;camouflage_nets;UNCHANGED;AUTO_CONFIRMED_WITH_ATTRIBUTES;semantic_primary_product
p4d7uvexm3yw;Маскувальна сітка Militex Мультикам бруд 5х8м (площа 40 кв.м.);camouflage_nets;camouflage_nets;UNCHANGED;AUTO_CONFIRMED_WITH_ATTRIBUTES;semantic_primary_product
p4dvfe59ehrl;Маскувальна сітка M-Win Осінній мультикам. Маскування осінь, весна. 5х9 м (площа 45 кв.м.);camouflage_nets;camouflage_nets;UNCHANGED;AUTO_CONFIRMED_WITH_ATTRIBUTES;semantic_primary_product
p4g66laoogu7;Черевики тактичні демісезонні Ukr-tec, чорні;footwear_shoes;footwear_shoes;UNCHANGED;AUTO_CONFIRMED_WITH_ATTRIBUTES;semantic_primary_product
p4gj5q8hehtq;Маскувальна сітка M-WIN Темний камуфляж. Маскування осінь, зима, весна. 4х6 м (площа 24 кв.м.);camouflage_nets;camouflage_nets;UNCHANGED;AUTO_CONFIRMED_WITH_ATTRIBUTES;semantic_primary_product
p4h0vboum3t4;Антидронова сітка (6×25 м) вічко 50 мм, нитка 1,8 мм, чорна міцна сітка для захисту техніки та позицій;camouflage_antidrone;camouflage_antidrone;UNCHANGED;AUTO_CONFIRMED_WITH_ATTRIBUTES;semantic_primary_product
p4h12ow0ehqx;Маскувальна сітка M-WIN мультикам. Маскування зима. 5х8 м (площа 40 кв.м.);camouflage_nets;camouflage_nets;UNCHANGED;AUTO_CONFIRMED_WITH_ATTRIBUTES;semantic_primary_product
p4hrrmclogux;Штани тактичні ріп-стоп, мультикам;clothing_pants;clothing_pants;UNCHANGED;AUTO_CONFIRMED_WITH_ATTRIBUTES;semantic_primary_product
p4j8fdphm3y6;Літні трекінгові шкарпетки Глорія;footwear_socks;footwear_socks;UNCHANGED;AUTO_CONFIRMED_WITH_ATTRIBUTES;semantic_primary_product
p4j9oa8bm3ss;Акумуляторна батарея Motorola R7 / R7a Li-Ion 5000 mAh з USB Type-C;power_batteries;power_batteries;UNCHANGED;AUTO_CONFIRMED_WITH_ATTRIBUTES;semantic_primary_product
p4jwgdwvm41n;Тактична футболка убакс G4 Kiborg з коротким рукавом хакі+піксель;clothing_combat_shirts;clothing_combat_shirts;UNCHANGED;AUTO_CONFIRMED_WITH_ATTRIBUTES;semantic_primary_product
p4k2y6ccehw0;Надміцна маскувальна сітка M-WIN 7,5х9 метри;camouflage_nets;camouflage_nets;UNCHANGED;AUTO_CONFIRMED_WITH_ATTRIBUTES;semantic_primary_product
p4l0iud2ogpa;Кросівки тактичні літні перфоровані;footwear_sneakers;footwear_sneakers;UNCHANGED;AUTO_CONFIRMED_WITH_ATTRIBUTES;semantic_primary_product
p4ms65nyehpq;Маскувальна сітка M-Win Листя осінь. Маскування весна, літо, осінь. 4х4 м (площа 16 кв.м.);camouflage_nets;camouflage_nets;UNCHANGED;AUTO_CONFIRMED_WITH_ATTRIBUTES;semantic_primary_product
p4nh2usmm40b;Розвантажувальний пояс РПС Kiborg R-1 GEN.2 (з захистом 1 клас Militex);field_fasteners;load_bearing_belts;CHANGED_HIGH_CONFIDENCE;AUTO_CONFIRMED_WITH_ATTRIBUTES;semantic_primary_product
p4o0x3eam3uy;Бронежилет Militex Modular X-1 з балістичним пакетом (1 клас) | | Cordura USA | Розмір;field_fasteners;armor_vests;CHANGED_HIGH_CONFIDENCE;AUTO_CONFIRMED_WITH_ATTRIBUTES;semantic_primary_product
p4odhgwrogtf;Термо шкарпетки зимові;footwear_socks;footwear_socks;UNCHANGED;AUTO_CONFIRMED_WITH_ATTRIBUTES;semantic_primary_product
p4oi4pwcm3yo;Маскувальна сітка Militex 6х10м (площа 60 кв.м.);camouflage_nets;camouflage_nets;UNCHANGED;AUTO_CONFIRMED_WITH_ATTRIBUTES;semantic_primary_product
p4or3651m3yb;Магазин полімерний 30-зарядний FIRE ON АК-30 калібр 5,45×39 мм;weapon_accessories_magazines;weapon_accessories_magazines;UNCHANGED;AUTO_CONFIRMED_WITH_ATTRIBUTES;semantic_primary_product
p4owhamqm3yu;Маскувальна сітка Militex Мультикам бруд 20х20 (площа 400 кв.м.);camouflage_nets;camouflage_nets;UNCHANGED;AUTO_CONFIRMED_WITH_ATTRIBUTES;semantic_primary_product
p4pmp4pwehna;Балістичний захист попереку 1 клас M-WIN;armor_soft;armor_soft;UNCHANGED;AUTO_CONFIRMED_WITH_ATTRIBUTES;semantic_primary_product
p4pqrp1tm3su;Антена тактична складна VHF 136–174 МГц 125 см SMA Female для портативних радіостанцій;communications_antennas;communications_antennas;UNCHANGED;AUTO_CONFIRMED_WITH_ATTRIBUTES;semantic_primary_product
p4qcrbkwehw7;Прапор України 100×150 см — під древко. M-WIN;field_other;field_other;UNCHANGED;AUTO_CONFIRMED_WITH_ATTRIBUTES;semantic_primary_product
p4qk2vd1n197;Підсумок тактичний напашний швидкоскидний Warrior Spirit;pouches_dangler;pouches_dangler;UNCHANGED;AUTO_CONFIRMED_WITH_ATTRIBUTES;semantic_primary_product
p4qr4u5lm3zg;Передня панель для плитоноски з 3 підсумками під магазин;pouches_magazines;pouches_panels;CHANGED_HIGH_CONFIDENCE;AUTO_CONFIRMED_WITH_ATTRIBUTES;semantic_primary_product
p4r7xwu7n18t;Підсумок під гранату Ф-1, РГД- 5 CORDURA 1000D 11,5х7,5х5 см;pouches_grenades;pouches_grenades;UNCHANGED;AUTO_CONFIRMED_WITH_ATTRIBUTES;semantic_primary_product
p4s7ff5km3ta;Антидронова сітка (6×8 м) вічко 50 мм, нитка 1,8 мм, біла міцна сітка для захисту техніки та позицій;camouflage_antidrone;camouflage_antidrone;UNCHANGED;AUTO_CONFIRMED_WITH_ATTRIBUTES;semantic_primary_product
p4sdcphjehqm;Маскувальна сітка M-WIN мультикам. Маскування зима. 2х8 м (площа 16 кв.м.);camouflage_nets;camouflage_nets;UNCHANGED;AUTO_CONFIRMED_WITH_ATTRIBUTES;semantic_primary_product
p4sueat2ehw0;Надміцна маскувальна сітка M-WIN 7,5х8 метри;camouflage_nets;camouflage_nets;UNCHANGED;AUTO_CONFIRMED_WITH_ATTRIBUTES;semantic_primary_product
p4t7063uogug;Шапка поліція синя;clothing_headwear;clothing_headwear;UNCHANGED;AUTO_CONFIRMED_WITH_ATTRIBUTES;semantic_primary_product
p4t8xug9m3x5;"Зимовий спальний мішок Kiborg ""Omni-Heat"" -25°C (85x210)";field_sleeping;field_sleeping;UNCHANGED;AUTO_CONFIRMED_WITH_ATTRIBUTES;semantic_primary_product
p4tqw0pym3z2;Маскувальний костюм водонепроникний;camouflage_suits;camouflage_suits;UNCHANGED;AUTO_CONFIRMED_WITH_ATTRIBUTES;semantic_primary_product
p4tx8t9fehv7;Маскувальна сітка M-Win Хижак. Маскування осінь, весна. 4х9 м (площа 36 кв.м.);camouflage_nets;camouflage_nets;UNCHANGED;AUTO_CONFIRMED_WITH_ATTRIBUTES;semantic_primary_product
p4u6hf67m3ub;Балістичний Шолом Fast NIJ IIIA;helmets_ballistic;helmets_ballistic;UNCHANGED;AUTO_CONFIRMED_WITH_ATTRIBUTES;semantic_primary_product
p4ughng5m41r;Тактичний лонгслів Militex ARNO;clothing_tshirts;clothing_tshirts;UNCHANGED;AUTO_CONFIRMED_WITH_ATTRIBUTES;semantic_primary_product
p4va8i3ym3zv;Поліамідна ручка переносу вогню;weapon_accessories_grips;weapon_accessories_grips;UNCHANGED;SUPPLIER_MAPPING;unambiguous_supplier_mapping
p4wd6j1sehvp;Надміцна маскувальна сітка M-WIN 3х7 метри;camouflage_nets;camouflage_nets;UNCHANGED;AUTO_CONFIRMED_WITH_ATTRIBUTES;semantic_primary_product
p4xphbunehpr;Маскувальна сітка M-Win Листя осінь. Маскування весна, літо, осінь. 8х8 м (площа 64 кв.м.);camouflage_nets;camouflage_nets;UNCHANGED;AUTO_CONFIRMED_WITH_ATTRIBUTES;semantic_primary_product
p4xteq9bnqbk;"Штани зимові ""RAPTOR-3"" (мембрана + Мікрофліс)";clothing_pants;clothing_pants;UNCHANGED;AUTO_CONFIRMED_WITH_ATTRIBUTES;semantic_primary_product
p4y8h5rrm3uw;Бронежилет Kiborg Modular X-1 з балістичним захистом Militex (1 клас);field_fasteners;armor_vests;CHANGED_HIGH_CONFIDENCE;AUTO_CONFIRMED_WITH_ATTRIBUTES;semantic_primary_product
p4zb67vem409;Ремінь 3-точковий для АК, РПК;weapon_accessories_slings;weapon_accessories_slings;UNCHANGED;AUTO_CONFIRMED_WITH_ATTRIBUTES;semantic_primary_product
p504ccxom410;Сумка-бананка із водовідштовхувального матеріалу;bags_waist;bags_waist;UNCHANGED;AUTO_CONFIRMED_WITH_ATTRIBUTES;semantic_primary_product
p50h8btkehpq;Маскувальна сітка M-Win Листя осінь. Маскування весна, літо, осінь. 7х9 м (площа 63 кв.м.);camouflage_nets;camouflage_nets;UNCHANGED;AUTO_CONFIRMED_WITH_ATTRIBUTES;semantic_primary_product
p50l0xotehv0;Маскувальна сітка M-Win Хижак. Маскування осінь, весна. 3х10 м (площа 30 кв.м.);camouflage_nets;camouflage_nets;UNCHANGED;AUTO_CONFIRMED_WITH_ATTRIBUTES;semantic_primary_product
p50ve8srogut;Штани тактичні Пегас ріп-стоп мультикам;clothing_pants;clothing_pants;UNCHANGED;AUTO_CONFIRMED_WITH_ATTRIBUTES;semantic_primary_product
p51z6q6pm3sx;Антидронова сітка (12×6 м) вічко 50 мм, нитка 1,8 мм, чорна міцна сітка для захисту техніки та позицій;camouflage_antidrone;camouflage_antidrone;UNCHANGED;AUTO_CONFIRMED_WITH_ATTRIBUTES;semantic_primary_product
p52202vqehvd;Маскувальна сітка M-Win Хижак. Маскування осінь, весна. 6х8 м (площа 48 кв.м.);camouflage_nets;camouflage_nets;UNCHANGED;AUTO_CONFIRMED_WITH_ATTRIBUTES;semantic_primary_product
p52nvifhogsg;Тактичні літні перфоровані берці Кіборг;footwear_boots;footwear_boots;UNCHANGED;AUTO_CONFIRMED_WITH_ATTRIBUTES;semantic_primary_product
p533c208m3ur;Бойові штани Rip-Stop: 6 кишень, захист колін, регулювання посадки;clothing_pants;clothing_pants;UNCHANGED;AUTO_CONFIRMED_WITH_ATTRIBUTES;semantic_primary_product
p535vit8m3zh;Перехідник блок живлення для заряджання телефона від fpv батареї 4 USB виходи Kiborg;power_stations;power_cables;CHANGED_HIGH_CONFIDENCE;AUTO_CONFIRMED_WITH_ATTRIBUTES;semantic_primary_product
p547dzocm42f;Утеплений зимовий костюм (куртка + штани);clothing_jackets;clothing_costumes;CHANGED_HIGH_CONFIDENCE;AUTO_CONFIRMED_WITH_ATTRIBUTES;semantic_primary_product
p54sfn4km41l;Тактична футболка поло Military (44р);clothing_tshirts;clothing_tshirts;UNCHANGED;AUTO_CONFIRMED_WITH_ATTRIBUTES;semantic_primary_product
p54whu68ehnb;Балістичний захист шиї / Горжет 1 клас M-WIN;armor_sets;armor_soft;CHANGED_HIGH_CONFIDENCE;AUTO_CONFIRMED_WITH_ATTRIBUTES;semantic_primary_product
p55dve7xogq6;Підсумок органайзер (аптечка), колір мультикам;pouches_ifak;pouches_medical;CHANGED_HIGH_CONFIDENCE;AUTO_CONFIRMED_WITH_ATTRIBUTES;semantic_primary_product
p55pfpiyogop;Кофта тактична флісова чорна;clothing_fleece;clothing_fleece;UNCHANGED;AUTO_CONFIRMED_WITH_ATTRIBUTES;semantic_primary_product
p578r2xfm434;Шолом SHC BURAN 4.0 матеріал арамір Super High Cut, (53–55 см);helmets_ballistic;helmets_ballistic;UNCHANGED;AUTO_CONFIRMED_WITH_ATTRIBUTES;semantic_primary_product
p57bniy3ehu4;Маскувальна сітка M-Win Темний мультикам. Маскування весна, літо, осінь. 10х10 м (площа 100 кв.м.);camouflage_nets;camouflage_nets;UNCHANGED;AUTO_CONFIRMED_WITH_ATTRIBUTES;semantic_primary_product
p57ux95unqar;"Куртка тактична ""ANTITERROR II"" (мембрана)";clothing_jackets;clothing_jackets;UNCHANGED;AUTO_CONFIRMED_WITH_ATTRIBUTES;semantic_primary_product
p585kpd3m40z;Сумка для захисту паху MILITEX з балістичним пакетом 2 класу;field_fasteners;armor_accessories;CHANGED_HIGH_CONFIDENCE;AUTO_CONFIRMED_WITH_ATTRIBUTES;semantic_primary_product
p58jnnthm43a;SICH-Tourniquet – кровоспинний джгут-турнікет “СІЧ”;medical_tourniquets;medical_tourniquets;UNCHANGED;AUTO_CONFIRMED_WITH_ATTRIBUTES;semantic_primary_product
p58qu870m437;Штани Han-Wild G3 з наколінниками | Регулювання + посилення | Для полігону й тактики;clothing_pants;clothing_pants;UNCHANGED;AUTO_CONFIRMED_WITH_ATTRIBUTES;semantic_primary_product
p58t1mfan138;Балістичний пакет BP200x165(135) Клас 1 (Напашник);pouches_dangler;armor_soft;CHANGED_HIGH_CONFIDENCE;AUTO_CONFIRMED_WITH_ATTRIBUTES;semantic_primary_product
p58u18q1ehsn;Маскувальна сітка M-Win Світлий мультикам. Маскування весна, літо, осінь. 2х10 м (площа 20 кв.м.);camouflage_nets;camouflage_nets;UNCHANGED;AUTO_CONFIRMED_WITH_ATTRIBUTES;semantic_primary_product
p591lk61ehsg;Маскувальна сітка M-Win Піксель. Маскування весна, літо, осінь. 7х7 м (площа 49 кв.м.);camouflage_nets;camouflage_nets;UNCHANGED;AUTO_CONFIRMED_WITH_ATTRIBUTES;semantic_primary_product
p59ifg3gehsn;Маскувальна сітка M-Win Світлий мультикам. Маскування весна, літо, осінь. 20х20 м (площа 400 кв.м.);camouflage_nets;camouflage_nets;UNCHANGED;AUTO_CONFIRMED_WITH_ATTRIBUTES;semantic_primary_product
p5ageuuzm3yd;Маскувальна сітка з основою 10х15м Militex;camouflage_nets;camouflage_nets;UNCHANGED;AUTO_CONFIRMED_WITH_ATTRIBUTES;semantic_primary_product
p5ao58a9m3xo;Комплект буферної трубки для AR15 Key-Arma Mill spec Aluminium 7000 series (KEY-500);weapon_accessories_other;weapon_accessories_other;UNCHANGED;AUTO_CONFIRMED_WITH_ATTRIBUTES;semantic_primary_product
p5aoms2dehnc;Бронежилет тактичний Ranger. Плитоноска M-WIN GEN.2 XL-XXL. Комплект;armor_vests;armor_vests;UNCHANGED;AUTO_CONFIRMED_WITH_ATTRIBUTES;semantic_primary_product
p5auojodognl;Берці всесезонні Пантера;footwear_boots;footwear_boots;UNCHANGED;AUTO_CONFIRMED_WITH_ATTRIBUTES;semantic_primary_product
p5avyxqkm3t1;Антидронова сітка (3×6 м) вічко 70 мм, нитка 1,8 мм, чорна міцна сітка для захисту техніки та позицій;camouflage_antidrone;camouflage_antidrone;UNCHANGED;AUTO_CONFIRMED_WITH_ATTRIBUTES;semantic_primary_product
p5bt5ukrehpq;Маскувальна сітка M-Win Листя осінь. Маскування весна, літо, осінь. 6х9 м (площа 54 кв.м.);camouflage_nets;camouflage_nets;UNCHANGED;AUTO_CONFIRMED_WITH_ATTRIBUTES;semantic_primary_product
p5cex3jdm3wz;Зимова маскувальна сітка Militex Альпійська клякса 4х8м (площа 32 кв.м.);camouflage_nets;camouflage_nets;UNCHANGED;AUTO_CONFIRMED_WITH_ATTRIBUTES;semantic_primary_product
p5ckud4pehvq;Надміцна маскувальна сітка M-WIN 4,5х10 метри;camouflage_nets;camouflage_nets;UNCHANGED;AUTO_CONFIRMED_WITH_ATTRIBUTES;semantic_primary_product
p5dbbcvfogrg;Тактична поясна сумка (бананка);bags_waist;bags_waist;UNCHANGED;AUTO_CONFIRMED_WITH_ATTRIBUTES;semantic_primary_product
p5doxwz0n18b;Підсумок аптечка тактична MOLLE для РПС, разгрузки або жилету;pouches_ifak;pouches_medical;CHANGED_HIGH_CONFIDENCE;AUTO_CONFIRMED_WITH_ATTRIBUTES;semantic_primary_product
p5dsn1mjogq0;Майка військова бавовна, мультикам;clothing_tshirts;clothing_tshirts;UNCHANGED;AUTO_CONFIRMED_WITH_ATTRIBUTES;semantic_primary_product
p5fabf16ogp1;Кросівки перфоровані літні, оливкові;footwear_sneakers;footwear_sneakers;UNCHANGED;AUTO_CONFIRMED_WITH_ATTRIBUTES;semantic_primary_product
p5fi8sdpehs0;Маскувальна сітка M-Win Піксель. Маскування весна, літо, осінь. 2х8 м (площа 16 кв.м.);camouflage_nets;camouflage_nets;UNCHANGED;AUTO_CONFIRMED_WITH_ATTRIBUTES;semantic_primary_product
p5gonefkm3yj;Маскувальна сітка Militex 10х15м (площа 150 кв.м.);camouflage_nets;camouflage_nets;UNCHANGED;AUTO_CONFIRMED_WITH_ATTRIBUTES;semantic_primary_product
p5h4mkd8ehp5;Маскувальна сітка M-Win камуфляж. Маскування весна, літо, осінь. 3х10 м (площа 30 кв.м.);camouflage_nets;camouflage_nets;UNCHANGED;AUTO_CONFIRMED_WITH_ATTRIBUTES;semantic_primary_product
p5h8268iehnj;Магазин для АК 5.45 х 39 мм на 30 патронів без вікна;weapon_accessories_magazines;weapon_accessories_magazines;UNCHANGED;AUTO_CONFIRMED_WITH_ATTRIBUTES;semantic_primary_product
p5hov08lnqbp;"Штани тактичні ""SHTORM"" (Джинс)";clothing_pants;clothing_pants;UNCHANGED;AUTO_CONFIRMED_WITH_ATTRIBUTES;semantic_primary_product
p5i7yqbnn1bm;Тактичні безпалі рукавички MECHANIX M-PACT® Fingerless Розмір;clothing_gloves;clothing_gloves;UNCHANGED;AUTO_CONFIRMED_WITH_ATTRIBUTES;semantic_primary_product
p5id5rc8ehvl;Надміцна маскувальна сітка M-WIN 1,5х6 метри;camouflage_nets;camouflage_nets;UNCHANGED;AUTO_CONFIRMED_WITH_ATTRIBUTES;semantic_primary_product
p5iqoqhem3y0;Кріплення J-arm для PVS-14;electronics_mounts;electronics_mounts;UNCHANGED;AUTO_CONFIRMED_WITH_ATTRIBUTES;semantic_primary_product
p5jls6noehrg;Маскувальна сітка M-Win Осінній мультикам. Маскування осінь, весна. 4х4 м (площа 16 кв.м.);camouflage_nets;camouflage_nets;UNCHANGED;AUTO_CONFIRMED_WITH_ATTRIBUTES;semantic_primary_product
p5jryesgehts;Маскувальна сітка M-WIN Темний камуфляж. Маскування осінь, зима, весна. 4х9 м (площа 36 кв.м.);camouflage_nets;camouflage_nets;UNCHANGED;AUTO_CONFIRMED_WITH_ATTRIBUTES;semantic_primary_product
p5jw6nxem3x3;Зимовий комлект костюма (куртка+штани) LVL 7;clothing_jackets;clothing_costumes;CHANGED_HIGH_CONFIDENCE;SUPPLIER_MAPPING;unambiguous_supplier_mapping
p5kqb6cmogtl;Форма для ДСНС;clothing_costumes;clothing_costumes;UNCHANGED;AUTO_CONFIRMED_WITH_ATTRIBUTES;semantic_primary_product
p5my63fhn1bm;Тактичні безпалі рукавички MECHANIX -PACT® Fingerless Розмір;clothing_gloves;clothing_gloves;UNCHANGED;AUTO_CONFIRMED_WITH_ATTRIBUTES;semantic_primary_product
p5n09o9fm3v3;Бронеплити 3 класу Ultimate (НВМПЕ) M (2шт) BRONYX;armor_plates;armor_plates;UNCHANGED;AUTO_CONFIRMED_WITH_ATTRIBUTES;semantic_primary_product
p5nr0zijehtk;Маскувальна сітка M-WIN Темний камуфляж. Маскування осінь, зима, весна. 3х10 м (площа 30 кв.м.);camouflage_nets;camouflage_nets;UNCHANGED;AUTO_CONFIRMED_WITH_ATTRIBUTES;semantic_primary_product
p5ntzmh6m41j;Тактична футблока поло Military (46р);clothing_tshirts;clothing_tshirts;UNCHANGED;AUTO_CONFIRMED_WITH_ATTRIBUTES;semantic_primary_product
p5o0tiram41v;Тактичні кросівки Forester Low Beige з Waterproof захистом;footwear_sneakers;footwear_sneakers;UNCHANGED;AUTO_CONFIRMED_WITH_ATTRIBUTES;semantic_primary_product
p5omagw3m3t9;Антидронова сітка (6×73 м) вічко 50 мм, нитка 1,8 мм, чорна міцна сітка для захисту техніки та позицій;camouflage_antidrone;camouflage_antidrone;UNCHANGED;AUTO_CONFIRMED_WITH_ATTRIBUTES;semantic_primary_product
p5p7ncoum3z7;Набір спортивних шкарпеток STREET 2 пари компресійні ультралегкі;footwear_socks;footwear_socks;UNCHANGED;AUTO_CONFIRMED_WITH_ATTRIBUTES;semantic_primary_product
p5pdaz0oogss;Тактичні черевики Фрегат на мембрані;footwear_shoes;footwear_shoes;UNCHANGED;AUTO_CONFIRMED_WITH_ATTRIBUTES;semantic_primary_product
p5pv9wvdm42t;Чотирьохсекційний каремат п'ятиточка П-4 Кордура;field_seats;field_seats;UNCHANGED;AUTO_CONFIRMED_WITH_ATTRIBUTES;semantic_primary_product
p5pwehltn13a;Балістичний пакет BP285x120 Клас 1;armor_soft;armor_soft;UNCHANGED;AUTO_CONFIRMED_WITH_ATTRIBUTES;semantic_primary_product
p5py7rgnm3y0;Кріплення J-arm для ITL Mini N/SEAS;electronics_mounts;electronics_mounts;UNCHANGED;AUTO_CONFIRMED_WITH_ATTRIBUTES;semantic_primary_product
p5pywk7bognx;Берці тактичні зимові шкіряні Яструб;footwear_boots;footwear_boots;UNCHANGED;AUTO_CONFIRMED_WITH_ATTRIBUTES;semantic_primary_product
p5q12ynnm40x;Сумка - Баул Kiborg 120;bags_duffel;bags_duffel;UNCHANGED;AUTO_CONFIRMED_WITH_ATTRIBUTES;semantic_primary_product
p5qs1o9oehso;Маскувальна сітка M-Win Світлий мультикам. Маскування весна, літо, осінь. 2х3 м (площа 6 кв.м.);camouflage_nets;camouflage_nets;UNCHANGED;AUTO_CONFIRMED_WITH_ATTRIBUTES;semantic_primary_product
p5rcvs1uehqi;Маскувальна сітка M-WIN мультикам. Маскування зима. 10х20 м (площа 200 кв.м.);camouflage_nets;camouflage_nets;UNCHANGED;AUTO_CONFIRMED_WITH_ATTRIBUTES;semantic_primary_product
p5rgt84tehqg;Маскувальна сітка M-Win мультикам. Маскування весна, літо.3х4 м (площа 12 кв.м.);camouflage_nets;camouflage_nets;UNCHANGED;AUTO_CONFIRMED_WITH_ATTRIBUTES;semantic_primary_product
p5rrx4mvehpq;Маскувальна сітка M-Win Листя осінь. Маскування весна, літо, осінь. 4х7 м (площа 28 кв.м.);camouflage_nets;camouflage_nets;UNCHANGED;AUTO_CONFIRMED_WITH_ATTRIBUTES;semantic_primary_product
p5s5v6ucogqx;Сумка тактична через плече;camouflage_nets;bags_shoulder;CHANGED_HIGH_CONFIDENCE;AUTO_CONFIRMED_WITH_ATTRIBUTES;semantic_primary_product
p5sl4vw0ogql;Розвантажувальна система РПС Single Sword;load_bearing_rps;load_bearing_rps;UNCHANGED;AUTO_CONFIRMED_WITH_ATTRIBUTES;semantic_primary_product
p5sltyciehn8;Антидронова маскувальна сітка M-WIN Листя осінь 4х6 м (площа 24 кв.м.);camouflage_antidrone;camouflage_antidrone;UNCHANGED;AUTO_CONFIRMED_WITH_ATTRIBUTES;semantic_primary_product
p5swg7feehpq;Маскувальна сітка M-Win Листя осінь. Маскування весна, літо, осінь. 4х9 м (площа 36 кв.м.);camouflage_nets;camouflage_nets;UNCHANGED;AUTO_CONFIRMED_WITH_ATTRIBUTES;semantic_primary_product
p5szykhfm403;Пояс до РПС GEN.2 Kiborg R-1 с IRR-покриттям;load_bearing_rps;load_bearing_belts;CHANGED_HIGH_CONFIDENCE;AUTO_CONFIRMED_WITH_ATTRIBUTES;semantic_primary_product
p5u317j7ogq6;Підсумок із системою кріплення MOLLE і жорстиким стінками в кольорі /Мультикам;pouches_utility;pouches_other;CHANGED_HIGH_CONFIDENCE;AUTO_CONFIRMED_WITH_ATTRIBUTES;semantic_primary_product
p5u86pdtm3td;Антидронова сітка (сітка проти дронів для машин, доріг) 6*75м - 45мм вічко, нитка 0,9мм;camouflage_antidrone;camouflage_antidrone;UNCHANGED;AUTO_CONFIRMED_WITH_ATTRIBUTES;semantic_primary_product
p5v67aj3n18f;Підсумок для гранат USA;pouches_grenades;pouches_grenades;UNCHANGED;AUTO_CONFIRMED_WITH_ATTRIBUTES;semantic_primary_product
p5va8p2sm423;Телескопічний приклад FSM1 Key-Arma для AR/AK Mill spec Polymer;weapon_accessories_stocks;weapon_accessories_stocks;UNCHANGED;AUTO_CONFIRMED_WITH_ATTRIBUTES;semantic_primary_product
p5vqj4bum3t0;Антидронова сітка (3×6 м) вічко 50 мм, нитка 1,8 мм, міцна сітка для захисту техніки та позицій;camouflage_antidrone;camouflage_antidrone;UNCHANGED;AUTO_CONFIRMED_WITH_ATTRIBUTES;semantic_primary_product
p5w0klxbn15u;Костюм (Кітель+Штани) ММ-14 розмір 52 (L);clothing_costumes;clothing_costumes;UNCHANGED;AUTO_CONFIRMED_WITH_ATTRIBUTES;semantic_primary_product
p5y6x01dn14e;Засіб від води бруду та снігу Waterproof;footwear_accessories;footwear_accessories;UNCHANGED;AUTO_CONFIRMED_WITH_ATTRIBUTES;semantic_primary_product
p5ye3ot9ogub;Чоловічі лофери з натуральної замші сірі;__CATEGORY_REVIEW__;footwear_shoes;CHANGED_HIGH_CONFIDENCE;AUTO_CONFIRMED_WITH_ATTRIBUTES;semantic_primary_product
p5ykhiogm3xb;Каремат-сидушка Kiborg 20mm (посилена) Cordura під бронепакет;armor_soft;field_seats;CHANGED_HIGH_CONFIDENCE;AUTO_CONFIRMED_WITH_ATTRIBUTES;semantic_primary_product
p5yx1n75ehpw;Маскувальна сітка M-Win мультикам. Маскування весна, літо. 2х6 м (площа 12 кв.м.);camouflage_nets;camouflage_nets;UNCHANGED;AUTO_CONFIRMED_WITH_ATTRIBUTES;semantic_primary_product
p5zdn6qkehsk;Маскувальна сітка M-Win Піксель. Маскування весна, літо, осінь. Індивідуального розміру (ціна за 1 кв.м.);camouflage_nets;camouflage_nets;UNCHANGED;AUTO_CONFIRMED_WITH_ATTRIBUTES;semantic_primary_product
p5zf17wtogpv;Куртка Softshell з утепленням Omni-Heat;clothing_jackets;clothing_jackets;UNCHANGED;AUTO_CONFIRMED_WITH_ATTRIBUTES;semantic_primary_product
p60clj0weho6;Маскувальна сітка M-Win Весняний камуфляж. Маскування весна, літо. 8х10 м (площа 80 кв.м.);camouflage_nets;camouflage_nets;UNCHANGED;AUTO_CONFIRMED_WITH_ATTRIBUTES;semantic_primary_product
p60lk403nqal;"Костюм літній польовий ""PHANTOM"" (Поплін)";clothing_costumes;clothing_costumes;UNCHANGED;AUTO_CONFIRMED_WITH_ATTRIBUTES;semantic_primary_product
p60zvjaanqbq;Штани тактичні з ременем 5см (Rip-Stop);clothing_pants;clothing_pants;UNCHANGED;AUTO_CONFIRMED_WITH_ATTRIBUTES;semantic_primary_product
p61t2f7gehpq;Маскувальна сітка M-Win Листя осінь. Маскування весна, літо, осінь. 7х10м (площа 70 кв.м.);camouflage_nets;camouflage_nets;UNCHANGED;AUTO_CONFIRMED_WITH_ATTRIBUTES;semantic_primary_product
p62bdtdaogri;Тактична сорочка, убакс мультикам;clothing_combat_shirts;clothing_combat_shirts;UNCHANGED;AUTO_CONFIRMED_WITH_ATTRIBUTES;semantic_primary_product
p6399452ehvz;Надміцна маскувальна сітка M-WIN 7,5х7 метри;camouflage_nets;camouflage_nets;UNCHANGED;AUTO_CONFIRMED_WITH_ATTRIBUTES;semantic_primary_product
p63d8ug7m40h;Рукавиці Mechanix M-Pact Fingerless;clothing_gloves;clothing_gloves;UNCHANGED;AUTO_CONFIRMED_WITH_ATTRIBUTES;semantic_primary_product
p63qsqluehs5;Маскувальна сітка M-Win Піксель. Маскування весна, літо, осінь. 3х8 м (площа 24 кв.м.);camouflage_nets;camouflage_nets;UNCHANGED;AUTO_CONFIRMED_WITH_ATTRIBUTES;semantic_primary_product
p64uhz9jn1a5;Рукавиці тактичні на хутрі;clothing_gloves;clothing_gloves;UNCHANGED;AUTO_CONFIRMED_WITH_ATTRIBUTES;semantic_primary_product
p65c9kryognk;Берці армійські перфоровані літні;footwear_boots;footwear_boots;UNCHANGED;AUTO_CONFIRMED_WITH_ATTRIBUTES;semantic_primary_product
p66jplh5ehpp;Маскувальна сітка M-Win Листя осінь. Маскування весна, літо, осінь. 3х3 м (площа 9 кв.м.);camouflage_nets;camouflage_nets;UNCHANGED;AUTO_CONFIRMED_WITH_ATTRIBUTES;semantic_primary_product
p66owm3nognp;Берці демісезонні Яструб чорні;footwear_boots;footwear_boots;UNCHANGED;AUTO_CONFIRMED_WITH_ATTRIBUTES;semantic_primary_product
p67e666behot;Маскувальна сітка M-Win Зелене листя. Маскування весна, літо. 7х10 м (площа 70 кв.м.);camouflage_nets;camouflage_nets;UNCHANGED;AUTO_CONFIRMED_WITH_ATTRIBUTES;semantic_primary_product
p67nqvnsehnw;Маскувальна сітка M-Win Весняний камуфляж. Маскування весна, літо. 4х5 м (площа 20 кв.м.);camouflage_nets;camouflage_nets;UNCHANGED;AUTO_CONFIRMED_WITH_ATTRIBUTES;semantic_primary_product
p68zp6nfehvp;Надміцна маскувальна сітка M-WIN 3х8 метри;camouflage_nets;camouflage_nets;UNCHANGED;AUTO_CONFIRMED_WITH_ATTRIBUTES;semantic_primary_product
p69e4p98ehvj;Надміцна маскувальна сітка M-WIN 1,5х10 метри;camouflage_nets;camouflage_nets;UNCHANGED;AUTO_CONFIRMED_WITH_ATTRIBUTES;semantic_primary_product
p69oqdg9m42b;Трьохсекційний килимок(каремат) для сидіння п'ятиточка П-3 Кордура;field_seats;field_seats;UNCHANGED;AUTO_CONFIRMED_WITH_ATTRIBUTES;semantic_primary_product
p6amc306m3xy;Кріплення для ПНБ L4G24 NVG MOUNT;electronics_mounts;electronics_mounts;UNCHANGED;AUTO_CONFIRMED_WITH_ATTRIBUTES;semantic_primary_product
p6bafjkrehnh;Літній спальний мішок з капюшоном M-WIN 220×88 см;field_sleeping;field_sleeping;UNCHANGED;AUTO_CONFIRMED_WITH_ATTRIBUTES;semantic_primary_product
p6bl59o7m3v7;Бронеплити AP3-L BRONYX (1.56 кг/3 клас) 260*330 2шт;armor_plates;armor_plates;UNCHANGED;AUTO_CONFIRMED_WITH_ATTRIBUTES;semantic_primary_product
p6bm37ojogts;Футболка поло, теніска ДСНС, синя;clothing_tshirts;clothing_tshirts;UNCHANGED;AUTO_CONFIRMED_WITH_ATTRIBUTES;semantic_primary_product
p6dg20t0m3xi;Кітель Twill FS;clothing_costumes;clothing_combat_shirts;CHANGED_HIGH_CONFIDENCE;AUTO_CONFIRMED_WITH_ATTRIBUTES;semantic_primary_product
p6du2tbpm3tr;Балістичний захист 2 класу Militex для сумки під захист паху L (28,9*16,8 см);armor_soft;armor_soft;UNCHANGED;AUTO_CONFIRMED_WITH_ATTRIBUTES;semantic_primary_product
p6e6ntg3m3ug;Безпалі каучукові рукавиці з кісточками Outdoor Tactics;clothing_gloves;clothing_gloves;UNCHANGED;AUTO_CONFIRMED_WITH_ATTRIBUTES;semantic_primary_product
p6ekhmnfehpr;Маскувальна сітка M-Win мультикам. Маскування весна, літо. 10х10 м (площа 100 кв.м.);camouflage_nets;camouflage_nets;UNCHANGED;AUTO_CONFIRMED_WITH_ATTRIBUTES;semantic_primary_product
p6epuvqbogo1;Берці Фрегат на мембрані;footwear_boots;footwear_boots;UNCHANGED;AUTO_CONFIRMED_WITH_ATTRIBUTES;semantic_primary_product
p6erj9lqehu6;Маскувальна сітка M-Win Темний мультикам. Маскування весна, літо, осінь. 2х10 м (площа 20 кв.м.);camouflage_nets;camouflage_nets;UNCHANGED;AUTO_CONFIRMED_WITH_ATTRIBUTES;semantic_primary_product
p6f4u01fogto;Форма тактична, мультикам;camouflage_nets;clothing_costumes;CHANGED_HIGH_CONFIDENCE;AUTO_CONFIRMED_WITH_ATTRIBUTES;semantic_primary_product
p6fozvq4m3vg;Водонепроникні кросівки Forester Low Vibram;footwear_sneakers;footwear_sneakers;UNCHANGED;AUTO_CONFIRMED_WITH_ATTRIBUTES;semantic_primary_product
p6ft622fehuk;Маскувальна сітка M-Win Темний мультикам. Маскування весна, літо, осінь. 6х10 м (площа 60 кв.м.);camouflage_nets;camouflage_nets;UNCHANGED;AUTO_CONFIRMED_WITH_ATTRIBUTES;semantic_primary_product
p6g466jrm3wr;Зимова маскувальна сітка з основою індивідуального розміру (110грн кв.м.) Militex Зимовий мультикам;camouflage_nets;camouflage_nets;UNCHANGED;AUTO_CONFIRMED_WITH_ATTRIBUTES;semantic_primary_product
p6gcvolqehvi;Маскувальний костюм-кікімора M-WIN;camouflage_suits;camouflage_suits;UNCHANGED;AUTO_CONFIRMED_WITH_ATTRIBUTES;semantic_primary_product
p6hibti3ogtk;Флісова кофта з капюшоном тактична / мультикам;clothing_fleece;clothing_fleece;UNCHANGED;AUTO_CONFIRMED_WITH_ATTRIBUTES;semantic_primary_product
p6hlsaugogsc;Тактичні зимові штани UKR-TEC Soft Shell Грізлі;clothing_pants;clothing_pants;UNCHANGED;AUTO_CONFIRMED_WITH_ATTRIBUTES;semantic_primary_product
p6iingxdehpl;Маскувальна сітка M-Win камуфляж. Маскування весна, літо, осінь. 7х7 м (площа 49 кв.м.);camouflage_nets;camouflage_nets;UNCHANGED;AUTO_CONFIRMED_WITH_ATTRIBUTES;semantic_primary_product
p6j46vfrm3y1;Кросівки Мангуст Undolini - вставка з дихаючої 3D сітки;footwear_sneakers;footwear_sneakers;UNCHANGED;AUTO_CONFIRMED_WITH_ATTRIBUTES;semantic_primary_product
p6j617neogv8;Штани, штани тактичні Soft Shell UKR-TEC;clothing_pants;clothing_pants;UNCHANGED;AUTO_CONFIRMED_WITH_ATTRIBUTES;semantic_primary_product
p6jz434tm40g;Рукавиці Mechanix ColdWork Base Layer;clothing_gloves;clothing_gloves;UNCHANGED;AUTO_CONFIRMED_WITH_ATTRIBUTES;semantic_primary_product
p6k7gxrdm41h;Тактична зимова куртка нової генерації від бренду YINREN;clothing_jackets;clothing_jackets;UNCHANGED;AUTO_CONFIRMED_WITH_ATTRIBUTES;semantic_primary_product
p6l8u6upn171;Навушники тактичні активні Earmor M31;communications_headphones;communications_headphones;UNCHANGED;AUTO_CONFIRMED_WITH_ATTRIBUTES;semantic_primary_product
p6lnvdnqm3t1;Антидронова сітка (4×6 м) вічко 50 мм, нитка 1,8 мм, міцна сітка для захисту техніки та позицій;camouflage_antidrone;camouflage_antidrone;UNCHANGED;AUTO_CONFIRMED_WITH_ATTRIBUTES;semantic_primary_product
p6nfgnukogum;Штани Армійські ріп-стоп;clothing_pants;clothing_pants;UNCHANGED;AUTO_CONFIRMED_WITH_ATTRIBUTES;semantic_primary_product
p6ngdv2wm3zt;Плитоноска Kiborg GU gen.1;armor_carriers;armor_carriers;UNCHANGED;AUTO_CONFIRMED_WITH_ATTRIBUTES;semantic_primary_product
p6nqj1ciehuw;Маскувальна сітка M-Win Хижак. Маскування осінь, весна. 2х10 м (площа 20 кв.м.);camouflage_nets;camouflage_nets;UNCHANGED;AUTO_CONFIRMED_WITH_ATTRIBUTES;semantic_primary_product
p6nx0ccin1b3;"Тактична сорочка (Убакс) ""ARNO"" від Raptor Tac";clothing_combat_shirts;clothing_combat_shirts;UNCHANGED;AUTO_CONFIRMED_WITH_ATTRIBUTES;semantic_primary_product
p6o1slbtogt7;Тактичні штани HAN-WILD Combat G2, мультікам;clothing_pants;clothing_pants;UNCHANGED;AUTO_CONFIRMED_WITH_ATTRIBUTES;semantic_primary_product
p6olynuxn19r;Ремінь двоточковий еластичний RAGNAROK FORSETI Gen.II;weapon_accessories_slings;weapon_accessories_slings;UNCHANGED;AUTO_CONFIRMED_WITH_ATTRIBUTES;semantic_primary_product
p6otn6wxehnv;Маскувальна сітка M-Win Весняний камуфляж. Маскування весна, літо. 4х4 м (площа 16 кв.м.);camouflage_nets;camouflage_nets;UNCHANGED;AUTO_CONFIRMED_WITH_ATTRIBUTES;semantic_primary_product
p6otrfk4nqbg;Шапка тепла 340 (Фліс);clothing_headwear;clothing_headwear;UNCHANGED;AUTO_CONFIRMED_WITH_ATTRIBUTES;semantic_primary_product
p6pc7z6wm3v1;Бронекомплект для бронежилета Militex захист(спини/грудного відділу/камербанди) 1 клас;armor_sets;armor_sets;UNCHANGED;AUTO_CONFIRMED_WITH_ATTRIBUTES;semantic_primary_product
p6pl927gm3zj;Підвісна система + подушки для шолому Team Wendy Cam Fit (R) GEN.4;helmets_suspension;helmets_suspension;UNCHANGED;AUTO_CONFIRMED_WITH_ATTRIBUTES;semantic_primary_product
p6ppad3dnqb9;"Футболка з принтом "" WATER"" (Бавовна)";clothing_tshirts;clothing_tshirts;UNCHANGED;AUTO_CONFIRMED_WITH_ATTRIBUTES;semantic_primary_product
p6pvn43em3yi;Маскувальна сітка з основою 6х8м Militex;camouflage_nets;camouflage_nets;UNCHANGED;AUTO_CONFIRMED_WITH_ATTRIBUTES;semantic_primary_product
p6q2ing8m40k;Рукавички MOG Target Light Duty рожеві;clothing_gloves;clothing_gloves;UNCHANGED;AUTO_CONFIRMED_WITH_ATTRIBUTES;semantic_primary_product
p6qbua4cehp4;Маскувальна сітка M-Win камуфляж. Маскування весна, літо, осінь. 2х7 м (площа 14 кв.м.);camouflage_nets;camouflage_nets;UNCHANGED;AUTO_CONFIRMED_WITH_ATTRIBUTES;semantic_primary_product
p6qebrvnogpx;Куртка, парка тактична зимова UKR-TEC slimtex omni-heat;clothing_jackets;clothing_jackets;UNCHANGED;AUTO_CONFIRMED_WITH_ATTRIBUTES;semantic_primary_product
p6t1s9fzm427;Термошкарпетки - «К2» Merino wool;footwear_socks;footwear_socks;UNCHANGED;AUTO_CONFIRMED_WITH_ATTRIBUTES;semantic_primary_product
p6t2yupim41j;Тактична футблока поло Military (44р);clothing_tshirts;clothing_tshirts;UNCHANGED;AUTO_CONFIRMED_WITH_ATTRIBUTES;semantic_primary_product
p6tsporcm421;Тактичні шорти BR Stinger | Стрейч, | Літо, ТрО, польові умови;clothing_shorts;clothing_shorts;UNCHANGED;AUTO_CONFIRMED_WITH_ATTRIBUTES;semantic_primary_product
p6u413dfehr2;Маскувальна сітка M-WIN мультикам. Маскування зима. 8х10 м (площа 80 кв.м.);camouflage_nets;camouflage_nets;UNCHANGED;AUTO_CONFIRMED_WITH_ATTRIBUTES;semantic_primary_product
p6uaum3lm432;Шолом Sestan-Busch Mich -(57-60);helmets_ballistic;helmets_ballistic;UNCHANGED;AUTO_CONFIRMED_WITH_ATTRIBUTES;semantic_primary_product
p6v88q59nqb3;Сумка - органайзер для зброї (Cordura);bags_organizers;bags_organizers;UNCHANGED;AUTO_CONFIRMED_WITH_ATTRIBUTES;semantic_primary_product
p6vue1p9n1ag;Рюкзак тактичний штурмовий з клапаном для шолома Warrior Spirit;bags_assault;bags_assault;UNCHANGED;AUTO_CONFIRMED_WITH_ATTRIBUTES;semantic_primary_product
p6vxig7oehvb;Маскувальна сітка M-Win Хижак. Маскування осінь, весна. 6х10 м (площа 60 кв.м.);camouflage_nets;camouflage_nets;UNCHANGED;AUTO_CONFIRMED_WITH_ATTRIBUTES;semantic_primary_product
p6w4ja7qogth;Термобілизна, чорна;clothing_thermal;clothing_thermal;UNCHANGED;AUTO_CONFIRMED_WITH_ATTRIBUTES;semantic_primary_product
p6z0n8dkehvi;Маскувальний тактичний шарф-арафатка M-WIN 110х100 см;clothing_headwear;clothing_balaclavas;CHANGED_HIGH_CONFIDENCE;AUTO_CONFIRMED_WITH_ATTRIBUTES;semantic_primary_product
p6zfrp19ogsj;Тактичні літні черевики Ukr-Tec, сітка;footwear_shoes;footwear_shoes;UNCHANGED;AUTO_CONFIRMED_WITH_ATTRIBUTES;semantic_primary_product
p70rjrmoogpf;Кросівки тактичні Ukr-Tec демісезонні;footwear_sneakers;footwear_sneakers;UNCHANGED;AUTO_CONFIRMED_WITH_ATTRIBUTES;semantic_primary_product
p713ygfnehuu;Маскувальна сітка M-Win Хижак. Маскування осінь, весна. 10х15 м (площа 150 кв.м.);camouflage_nets;camouflage_nets;UNCHANGED;AUTO_CONFIRMED_WITH_ATTRIBUTES;semantic_primary_product
p72it84lm3vh;Вологозахисна куртка Tactical Flex Pro FS — з 4WStretch (3000мм);clothing_jackets;clothing_jackets;UNCHANGED;AUTO_CONFIRMED_WITH_ATTRIBUTES;semantic_primary_product
p73d3drjm3wc;Захист живота Gen.2 з балістичним захистом 1 клас Militex Cordura original USA;field_fasteners;armor_soft;CHANGED_HIGH_CONFIDENCE;AUTO_CONFIRMED_WITH_ATTRIBUTES;semantic_primary_product
p73lj35mogns;Берці літні перфоровані, бежеві;footwear_boots;footwear_boots;UNCHANGED;AUTO_CONFIRMED_WITH_ATTRIBUTES;semantic_primary_product
p73ws5x7ogtx;Футболка CoolMax з велкро панелями;clothing_tshirts;clothing_tshirts;UNCHANGED;AUTO_CONFIRMED_WITH_ATTRIBUTES;semantic_primary_product
p749h0f7ogtj;Флісова балаклава;clothing_balaclavas;clothing_balaclavas;UNCHANGED;AUTO_CONFIRMED_WITH_ATTRIBUTES;semantic_primary_product
p74f4ibbm3xl;Комплект бронеплит (2шт) Bronyx (4.72 кг) (4 клас) 250*300;armor_plates;armor_plates;UNCHANGED;AUTO_CONFIRMED_WITH_ATTRIBUTES;semantic_primary_product
p75quro4m41w;Тактичні кросівки Undolini Крейзі Літо;footwear_sneakers;footwear_sneakers;UNCHANGED;AUTO_CONFIRMED_WITH_ATTRIBUTES;semantic_primary_product
p75rsh9uogov;Кофта флісова тактична;clothing_fleece;clothing_fleece;UNCHANGED;AUTO_CONFIRMED_WITH_ATTRIBUTES;semantic_primary_product
p769k1m0n68f;Балаклава флісова;clothing_balaclavas;clothing_balaclavas;UNCHANGED;AUTO_CONFIRMED_WITH_ATTRIBUTES;semantic_primary_product
p76cvgxgogsm;Тактичні рукавички;clothing_gloves;clothing_gloves;UNCHANGED;AUTO_CONFIRMED_WITH_ATTRIBUTES;semantic_primary_product
p76g5y3wehpf;Маскувальна сітка M-Win камуфляж. Маскування весна, літо, осінь. 5х6 м (площа 30 кв.м.);camouflage_nets;camouflage_nets;UNCHANGED;AUTO_CONFIRMED_WITH_ATTRIBUTES;semantic_primary_product
p79jwnhdn12n;Адміністративна плечова сумка E-Gear;bags_tactical_bags;bags_shoulder;CHANGED_HIGH_CONFIDENCE;AUTO_CONFIRMED_WITH_ATTRIBUTES;semantic_primary_product
p7biq19gm3ul;Блок багатоканальної швидкої зарядки Bandera Power 860S;power_stations;power_stations;UNCHANGED;AUTO_CONFIRMED_WITH_ATTRIBUTES;semantic_primary_product
p7bl2a24ogqo;Рукавиці тактичні Protect Armor Caoutch;clothing_gloves;clothing_gloves;UNCHANGED;AUTO_CONFIRMED_WITH_ATTRIBUTES;semantic_primary_product
p7e5mdhoogoj;Костюм мультикам зимовий;clothing_costumes;clothing_costumes;UNCHANGED;AUTO_CONFIRMED_WITH_ATTRIBUTES;semantic_primary_product
p7e6f01zm3sy;Антидронова сітка (2×6 м) вічко 100 мм, нитка 1,8 мм, чорна міцна сітка для захисту техніки та позицій;camouflage_antidrone;camouflage_antidrone;UNCHANGED;AUTO_CONFIRMED_WITH_ATTRIBUTES;semantic_primary_product
p7eo97mom3t3;Антидронова сітка (5×6 м) вічко 50 мм, нитка 1,8 мм, міцна сітка для захисту техніки та позицій;camouflage_antidrone;camouflage_antidrone;UNCHANGED;AUTO_CONFIRMED_WITH_ATTRIBUTES;semantic_primary_product
p7esy0f0ogu9;Черевики тактичні зимові шкіряні Памір;footwear_shoes;footwear_shoes;UNCHANGED;AUTO_CONFIRMED_WITH_ATTRIBUTES;semantic_primary_product
p7etgkz3ogsv;Тактичні чоловічі демісезонні берці Пегас;footwear_boots;footwear_boots;UNCHANGED;AUTO_CONFIRMED_WITH_ATTRIBUTES;semantic_primary_product
p7ex9ye0ehny;Маскувальна сітка M-Win Весняний камуфляж. Маскування весна, літо. 5х10 м (площа 50 кв.м.);camouflage_nets;camouflage_nets;UNCHANGED;AUTO_CONFIRMED_WITH_ATTRIBUTES;semantic_primary_product
p7f0yz8cm3wj;Захист попереку Kiborg з балістичним пакетом 1 клас захисту Militex;field_fasteners;armor_soft;CHANGED_HIGH_CONFIDENCE;AUTO_CONFIRMED_WITH_ATTRIBUTES;semantic_primary_product
p7f7n4qrn19t;"Ремінь збройовий триточковий RAGNAROK ""Hel"" Gen.II carbine";weapon_accessories_slings;weapon_accessories_slings;UNCHANGED;AUTO_CONFIRMED_WITH_ATTRIBUTES;semantic_primary_product
p7fikqgzm3zx;Польовий спальний мішок Tactical Sleep System –10 °C (0,73*2,2 м);field_sleeping;field_sleeping;UNCHANGED;AUTO_CONFIRMED_WITH_ATTRIBUTES;semantic_primary_product
p7gfzd3fn14t;Зимові тактичні рукавиці Soft-shell розмір;clothing_gloves;clothing_gloves;UNCHANGED;AUTO_CONFIRMED_WITH_ATTRIBUTES;semantic_primary_product
p7hkko66ehop;Маскувальна сітка M-Win Зелене листя. Маскування весна, літо. 5х5 м (площа 25 кв.м.);camouflage_nets;camouflage_nets;UNCHANGED;AUTO_CONFIRMED_WITH_ATTRIBUTES;semantic_primary_product
p7ic8mrpogst;Тактичні черевики ATTACK;footwear_shoes;footwear_shoes;UNCHANGED;AUTO_CONFIRMED_WITH_ATTRIBUTES;semantic_primary_product
p7imt7jon1dd;Штани COMBAT;clothing_pants;clothing_pants;UNCHANGED;AUTO_CONFIRMED_WITH_ATTRIBUTES;semantic_primary_product
p7iooylsn19p;Ремінно-плечова система (РПС);load_bearing_rps;load_bearing_rps;UNCHANGED;AUTO_CONFIRMED_WITH_ATTRIBUTES;semantic_primary_product
p7iwrb9vehtg;Маскувальна сітка M-WIN Темний камуфляж. Маскування осінь, зима, весна. 2х4 м (площа 8 кв.м.);camouflage_nets;camouflage_nets;UNCHANGED;AUTO_CONFIRMED_WITH_ATTRIBUTES;semantic_primary_product
p7jljhriehty;Маскувальна сітка M-WIN Темний камуфляж. Маскування осінь, зима, весна. 6х9 м (площа 54 кв.м.);camouflage_nets;camouflage_nets;UNCHANGED;AUTO_CONFIRMED_WITH_ATTRIBUTES;semantic_primary_product
p7jtip6an18n;Підсумок медичний USA;pouches_medical;pouches_medical;UNCHANGED;AUTO_CONFIRMED_WITH_ATTRIBUTES;semantic_primary_product
p7keuwq0ehpq;Маскувальна сітка M-Win Листя осінь. Маскування весна, літо, осінь. 7х8 м (площа 56 кв.м.);camouflage_nets;camouflage_nets;UNCHANGED;AUTO_CONFIRMED_WITH_ATTRIBUTES;semantic_primary_product
p7kqhhgum3tn;Балістичний захист 1 класу Militex для підсумка під захист живота M (30.8*15.8);armor_soft;armor_soft;UNCHANGED;AUTO_CONFIRMED_WITH_ATTRIBUTES;semantic_primary_product
p7l3za7wehue;Маскувальна сітка M-Win Темний мультикам. Маскування весна, літо, осінь. 4х5 м (площа 20 кв.м.);camouflage_nets;camouflage_nets;UNCHANGED;AUTO_CONFIRMED_WITH_ATTRIBUTES;semantic_primary_product
p7ljbahqm3we;Захист паху (напашник-фартух) Militex з балістичним захистом 2 клас cordura USA;armor_sets;armor_soft;CHANGED_HIGH_CONFIDENCE;AUTO_CONFIRMED_WITH_ATTRIBUTES;semantic_primary_product
p7lx7lbiehoc;Маскувальна сітка M-Win Зелене листя. Маскування весна, літо. 2х10 м (площа 20 кв.м.);camouflage_nets;camouflage_nets;UNCHANGED;AUTO_CONFIRMED_WITH_ATTRIBUTES;semantic_primary_product
p7mi5winm3zy;Пончо-дощовик Kiborg із запаяними швами;clothing_rainwear;clothing_rainwear;UNCHANGED;AUTO_CONFIRMED_WITH_ATTRIBUTES;semantic_primary_product
p7mk0jynogrw;Тактичні всесезонні черевики Пегас на мембрані;footwear_shoes;footwear_shoes;UNCHANGED;AUTO_CONFIRMED_WITH_ATTRIBUTES;semantic_primary_product
p7o684jzm3t6;Антидронова сітка (6×50 м) вічко 50 мм, нитка 1,8 мм, чорна міцна сітка для захисту техніки та позицій;camouflage_antidrone;camouflage_antidrone;UNCHANGED;AUTO_CONFIRMED_WITH_ATTRIBUTES;semantic_primary_product
p7oj0d5om3w4;Демісезонні напівчеревики Крейзі Undolini USA;footwear_shoes;footwear_shoes;UNCHANGED;AUTO_CONFIRMED_WITH_ATTRIBUTES;semantic_primary_product
p7okkdpgm3yq;Маскувальна сітка Militex Листя осінь 2х5м (площа 10 кв.м.);camouflage_nets;camouflage_nets;UNCHANGED;AUTO_CONFIRMED_WITH_ATTRIBUTES;semantic_primary_product
p7osp2fjehoy;Маскувальна сітка M-Win Зелене листя. Маскування весна, літо.6х8 м (площа 48 кв.м.);camouflage_nets;camouflage_nets;UNCHANGED;AUTO_CONFIRMED_WITH_ATTRIBUTES;semantic_primary_product
p7otkvy6m41w;Тактичні літні штани GECON BR | Nylon-Stretch | Колір;clothing_pants;clothing_pants;UNCHANGED;AUTO_CONFIRMED_WITH_ATTRIBUTES;semantic_primary_product
p7q62bs2ehve;Маскувальна сітка M-Win Хижак. Маскування осінь, весна. 7х10 м (площа 70 кв.м.);camouflage_nets;camouflage_nets;UNCHANGED;AUTO_CONFIRMED_WITH_ATTRIBUTES;semantic_primary_product
p7qx4bnvm3t0;Антидронова сітка (3×6 м) вічко 50 мм, нитка 1,8 мм, чорна міцна сітка для захисту техніки та позицій;camouflage_antidrone;camouflage_antidrone;UNCHANGED;AUTO_CONFIRMED_WITH_ATTRIBUTES;semantic_primary_product
p7wo68sim3vc;Велкро липучки(панелі) 5шт для шолому;helmets_ballistic;helmets_accessories;CHANGED_HIGH_CONFIDENCE;AUTO_CONFIRMED_WITH_ATTRIBUTES;semantic_primary_product
p7wslmlsehnq;Маскувальна сітка M-Win Весняний камуфляж. Маскування весна, літо. 2х9 м (площа 18 кв.м.);camouflage_nets;camouflage_nets;UNCHANGED;AUTO_CONFIRMED_WITH_ATTRIBUTES;semantic_primary_product
p7zndq5nm3uu;Бронежилет (XL) Militex Modular X-1 (збільшена площа захисту) з балістичними пакетами,, 2 клас;field_fasteners;armor_vests;CHANGED_HIGH_CONFIDENCE;AUTO_CONFIRMED_WITH_ATTRIBUTES;semantic_primary_product
p808vuc1m3ur;Болти та гайки для шолома Fast, Arch, Mich;helmets_ballistic;helmets_accessories;CHANGED_HIGH_CONFIDENCE;AUTO_CONFIRMED_WITH_ATTRIBUTES;semantic_primary_product
p80e9r49m3uh;Берці Крейзі Air-Tex USA;footwear_boots;footwear_boots;UNCHANGED;AUTO_CONFIRMED_WITH_ATTRIBUTES;semantic_primary_product
p80zh3inehp7;Маскувальна сітка M-Win камуфляж. Маскування весна, літо, осінь. 3х4 м (площа 12 кв.м.);camouflage_nets;camouflage_nets;UNCHANGED;AUTO_CONFIRMED_WITH_ATTRIBUTES;semantic_primary_product
p816kl1aogor;Кофта флісова / мультикам;clothing_fleece;clothing_fleece;UNCHANGED;AUTO_CONFIRMED_WITH_ATTRIBUTES;semantic_primary_product
p81rdttgn15u;Костюм (Кітель+Штани) ММ-14 розмір 50 (L) long;clothing_costumes;clothing_costumes;UNCHANGED;AUTO_CONFIRMED_WITH_ATTRIBUTES;semantic_primary_product
p81vswkvehtp;Маскувальна сітка M-WIN Темний камуфляж. Маскування осінь, зима, весна. 4х5 м (площа 20 кв.м.);camouflage_nets;camouflage_nets;UNCHANGED;AUTO_CONFIRMED_WITH_ATTRIBUTES;semantic_primary_product
p83ds88cogqi;Ремінь одноточковий;weapon_accessories_slings;weapon_accessories_slings;UNCHANGED;AUTO_CONFIRMED_WITH_ATTRIBUTES;semantic_primary_product
p83fbijzehw8;Прапор України 90×135 см — під древко. M-WIN;field_other;field_other;UNCHANGED;AUTO_CONFIRMED_WITH_ATTRIBUTES;semantic_primary_product
p83joha6m3tj;База антабки QD M-LOK Militex;weapon_accessories_other;weapon_accessories_other;UNCHANGED;AUTO_CONFIRMED_WITH_ATTRIBUTES;semantic_primary_product
p84ghiasehpq;Маскувальна сітка M-Win Листя осінь. Маскування весна, літо, осінь. 5х9 м (площа 45 кв.м.);camouflage_nets;camouflage_nets;UNCHANGED;AUTO_CONFIRMED_WITH_ATTRIBUTES;semantic_primary_product
p86kekx1nqam;"Костюм польовий ""VOЇN "" (Rip-Stop)";clothing_costumes;clothing_costumes;UNCHANGED;AUTO_CONFIRMED_WITH_ATTRIBUTES;semantic_primary_product
p86nhgmoehpq;Маскувальна сітка M-Win Листя осінь. Маскування весна, літо, осінь. 5х7 м (площа 35 кв.м.);camouflage_nets;camouflage_nets;UNCHANGED;AUTO_CONFIRMED_WITH_ATTRIBUTES;semantic_primary_product
p86ov95mnqax;"Підсумок на стегно ""ANTITERROR II"" (Cordura)";pouches_utility;pouches_other;CHANGED_HIGH_CONFIDENCE;AUTO_CONFIRMED_WITH_ATTRIBUTES;semantic_primary_product
p88mgy9tn193;Підсумок під турнікет відкритий Ragnarok;pouches_tourniquets;pouches_tourniquets;UNCHANGED;AUTO_CONFIRMED_WITH_ATTRIBUTES;semantic_primary_product
p88tpe15m3yq;Маскувальна сітка Militex Листя осінь 2х2,5м (площа 5 кв. м.);camouflage_nets;camouflage_nets;UNCHANGED;AUTO_CONFIRMED_WITH_ATTRIBUTES;semantic_primary_product
p8a5ogfpn16i;М'який балістичний пакет для РПС (кевлар + НВМПЕ) 1 Клас ДСТУ;load_bearing_rps;armor_soft;CHANGED_HIGH_CONFIDENCE;AUTO_CONFIRMED_WITH_ATTRIBUTES;semantic_primary_product
p8b1p75yehvb;Маскувальна сітка M-Win Хижак. Маскування осінь, весна. 6х6 м (площа 36 кв.м.);camouflage_nets;camouflage_nets;UNCHANGED;AUTO_CONFIRMED_WITH_ATTRIBUTES;semantic_primary_product
p8b273abm3x1;Зимова утеплена жіноча FS куртка-трансформер Soft Shell 2в1;clothing_jackets;clothing_jackets;UNCHANGED;AUTO_CONFIRMED_WITH_ATTRIBUTES;semantic_primary_product
p8dkfrqpm3xv;"Компресійні літні шкарпетки сіро-зелені ""ShortDry PRO""";footwear_socks;footwear_socks;UNCHANGED;AUTO_CONFIRMED_WITH_ATTRIBUTES;semantic_primary_product
p8ey6dpum41t;Тактичний рюкзак Molle Assault 55л + (3 органайзери);bags_organizers;bags_assault;CHANGED_HIGH_CONFIDENCE;AUTO_CONFIRMED_WITH_ATTRIBUTES;semantic_primary_product
p8f2wqbxm410;Сумка-бананка чорна із водовідштовхувального матеріалу;bags_waist;bags_waist;UNCHANGED;AUTO_CONFIRMED_WITH_ATTRIBUTES;semantic_primary_product
p8fbabihognj;Бейсболка, кепка мультикам;clothing_headwear;clothing_headwear;UNCHANGED;AUTO_CONFIRMED_WITH_ATTRIBUTES;semantic_primary_product
p8flb2zom3wt;Зимова маскувальна сітка Militex 2х2,5м (площа 5 кв. м.);camouflage_nets;camouflage_nets;UNCHANGED;AUTO_CONFIRMED_WITH_ATTRIBUTES;semantic_primary_product
p8fniocbehto;Маскувальна сітка M-WIN Темний камуфляж. Маскування осінь, зима, весна. 3х9 м (площа 27 кв.м.);camouflage_nets;camouflage_nets;UNCHANGED;AUTO_CONFIRMED_WITH_ATTRIBUTES;semantic_primary_product
p8gwazjcehro;Маскувальна сітка M-Win Осінній мультикам. Маскування осінь, весна. 6х8 м (площа 48 кв.м.);camouflage_nets;camouflage_nets;UNCHANGED;AUTO_CONFIRMED_WITH_ATTRIBUTES;semantic_primary_product
p8hsnkz9m40t;Сорочка польова Ubacs G3 Kiborg;clothing_combat_shirts;clothing_combat_shirts;UNCHANGED;AUTO_CONFIRMED_WITH_ATTRIBUTES;semantic_primary_product
p8ipz8lum3xx;Кришка вікна викиду гільзи AR15 Key-Arma DKP (KEY-708);weapon_accessories_other;weapon_accessories_other;UNCHANGED;AUTO_CONFIRMED_WITH_ATTRIBUTES;semantic_primary_product
p8jiqd4yehwa;Рюкзак-сумка, чохол для снайперської гвинтівки M-WIN;bags_tactical;bags_backpacks;CHANGED_HIGH_CONFIDENCE;AUTO_CONFIRMED_WITH_ATTRIBUTES;semantic_primary_product
p8jthacum3yo;Маскувальна сітка Militex 6х8м (площа 48 кв.м.);camouflage_nets;camouflage_nets;UNCHANGED;AUTO_CONFIRMED_WITH_ATTRIBUTES;semantic_primary_product
p8lbpg42ehv2;Маскувальна сітка M-Win Хижак. Маскування осінь, весна. 3х6 м (площа 18 кв.м.);camouflage_nets;camouflage_nets;UNCHANGED;AUTO_CONFIRMED_WITH_ATTRIBUTES;semantic_primary_product
p8mdqbj1n1bs;Тактичні рукавички MECHANIX SPECIALTY 0.5 мм Розмір;clothing_gloves;clothing_gloves;UNCHANGED;AUTO_CONFIRMED_WITH_ATTRIBUTES;semantic_primary_product
p8mkcfj0n6un;Кровоспинний турнікет «ДНІПРО» GEN 2;medical_tourniquets;medical_tourniquets;UNCHANGED;AUTO_CONFIRMED_WITH_ATTRIBUTES;semantic_primary_product
p8nnd7apn19y;Розвантажувальний пояс тактичний (РПС) з комплектом підсумків (5 шт);load_bearing_rps;load_bearing_belts;CHANGED_HIGH_CONFIDENCE;AUTO_CONFIRMED_WITH_ATTRIBUTES;semantic_primary_product
p8nzq1wlogv9;Штани, штани тактичні, стрейч котон, чорні;clothing_pants;clothing_pants;UNCHANGED;AUTO_CONFIRMED_WITH_ATTRIBUTES;semantic_primary_product
p8o729zbognk;Бейсболка, кепка чорна;clothing_headwear;clothing_headwear;UNCHANGED;AUTO_CONFIRMED_WITH_ATTRIBUTES;semantic_primary_product
p8p0s33eeht2;Маскувальна сітка M-Win Світлий мультикам. Маскування весна, літо, осінь. 5х7 м (площа 35 кв.м.);camouflage_nets;camouflage_nets;UNCHANGED;AUTO_CONFIRMED_WITH_ATTRIBUTES;semantic_primary_product
p8pakfs0m3x3;Зимовий бушлат Call Dragon Omni-Heat;clothing_jackets;clothing_jackets;UNCHANGED;AUTO_CONFIRMED_WITH_ATTRIBUTES;semantic_primary_product
p8pjdvd8m3zq;Підсумок рулонний під скидання KIBORG;pouches_dump;pouches_dump;UNCHANGED;AUTO_CONFIRMED_WITH_ATTRIBUTES;semantic_primary_product
p8qaimf5ehq7;Маскувальна сітка M-Win мультикам. Маскування весна, літо. 5х9 м (площа 45 кв.м.);camouflage_nets;camouflage_nets;UNCHANGED;AUTO_CONFIRMED_WITH_ATTRIBUTES;semantic_primary_product
p8r633pdm3u5;Балістичний пакет Militex для каремата-сидушки 26*36 Militex (2 клас захисту);armor_soft;armor_soft;UNCHANGED;AUTO_CONFIRMED_WITH_ATTRIBUTES;semantic_primary_product
p8res3ehn158;Кишеня під балістичний пакет Warrior Spirit 15*15 см;armor_accessories;armor_accessories;UNCHANGED;AUTO_CONFIRMED_WITH_ATTRIBUTES;semantic_primary_product
p8s2jda1ehv9;Маскувальна сітка M-Win Хижак. Маскування осінь, весна. 5х6 м (площа 30 кв.м.);camouflage_nets;camouflage_nets;UNCHANGED;AUTO_CONFIRMED_WITH_ATTRIBUTES;semantic_primary_product
p8srxw7aehw6;Плитоноска M-WIN Gen.3 Raven;armor_carriers;armor_carriers;UNCHANGED;AUTO_CONFIRMED_WITH_ATTRIBUTES;semantic_primary_product
p8syh5thm42r;Чоловічі берці Forester Middle Beige F310537;footwear_boots;footwear_boots;UNCHANGED;AUTO_CONFIRMED_WITH_ATTRIBUTES;semantic_primary_product
p8taok6en13g;Бейсболка з гербом Чорна;clothing_headwear;clothing_headwear;UNCHANGED;AUTO_CONFIRMED_WITH_ATTRIBUTES;semantic_primary_product
p8ts5ytyehwa;Розвантажувальний пояс РПС M-WIN GEN.2 під балістичний пакет;field_fasteners;load_bearing_belts;CHANGED_HIGH_CONFIDENCE;AUTO_CONFIRMED_WITH_ATTRIBUTES;semantic_primary_product
p8tvfi74m3v0;Бронезахист плитоноска Kiborg GU gen.2;armor_carriers;armor_carriers;UNCHANGED;AUTO_CONFIRMED_WITH_ATTRIBUTES;semantic_primary_product
p8u79b6un16j;Магнітний фіксатор для зброї MAG-R від RAGNAROK;weapon_accessories_other;weapon_accessories_other;UNCHANGED;AUTO_CONFIRMED_WITH_ATTRIBUTES;semantic_primary_product
p8ux8pceehpd;Маскувальна сітка M-Win камуфляж. Маскування весна, літо, осінь. 4х8 м (площа 32 кв.м.);camouflage_nets;camouflage_nets;UNCHANGED;AUTO_CONFIRMED_WITH_ATTRIBUTES;semantic_primary_product
p8xjpfesehsr;Маскувальна сітка M-Win Світлий мультикам. Маскування весна, літо, осінь. 2х9 м (площа 18 кв.м.);camouflage_nets;camouflage_nets;UNCHANGED;AUTO_CONFIRMED_WITH_ATTRIBUTES;semantic_primary_product
p8xpdhdqm3xo;Комплект захисту живота та паху Militex з балістичними пакетами 1 класу(, розмір);field_fasteners;armor_sets;CHANGED_HIGH_CONFIDENCE;AUTO_CONFIRMED_WITH_ATTRIBUTES;semantic_primary_product
p8xx3el2ehw1;Надміцна маскувальна сітка M-WIN 9х10 метри;camouflage_nets;camouflage_nets;UNCHANGED;AUTO_CONFIRMED_WITH_ATTRIBUTES;semantic_primary_product
p8y4wvozogqk;Ремінь тактичний;clothing_belts;clothing_belts;UNCHANGED;AUTO_CONFIRMED_WITH_ATTRIBUTES;semantic_primary_product
p8yaauh2m433;Шолом Sestan-Busch MID CUT (57-60);helmets_ballistic;helmets_ballistic;UNCHANGED;AUTO_CONFIRMED_WITH_ATTRIBUTES;semantic_primary_product
p8yn7fv6n1cf;Футболка ТТХ;clothing_tshirts;clothing_tshirts;UNCHANGED;AUTO_CONFIRMED_WITH_ATTRIBUTES;semantic_primary_product
p8zgrryiogtm;Форма ЗСУ ріп стоп;clothing_costumes;clothing_costumes;UNCHANGED;AUTO_CONFIRMED_WITH_ATTRIBUTES;semantic_primary_product
p912xk6kehu1;Маскувальна сітка M-WIN Темний камуфляж. Маскування осінь, зима, весна. 8х8 м (площа 64 кв.м.);camouflage_nets;camouflage_nets;UNCHANGED;AUTO_CONFIRMED_WITH_ATTRIBUTES;semantic_primary_product
p915ar90m3wu;Зимова маскувальна сітка Militex 4х8м (площа 32 кв.м.);camouflage_nets;camouflage_nets;UNCHANGED;AUTO_CONFIRMED_WITH_ATTRIBUTES;semantic_primary_product
p9245eyfogt6;Тактичні штани HAN-WILD Combat G2;clothing_pants;clothing_pants;UNCHANGED;AUTO_CONFIRMED_WITH_ATTRIBUTES;semantic_primary_product
p92g7v9im3yf;Маскувальна сітка з основою 3х2,5м Militex;camouflage_nets;camouflage_nets;UNCHANGED;AUTO_CONFIRMED_WITH_ATTRIBUTES;semantic_primary_product
p93lqhwum3wu;Зимова маскувальна сітка Militex 3х5м (площа 15 кв.м.);camouflage_nets;camouflage_nets;UNCHANGED;AUTO_CONFIRMED_WITH_ATTRIBUTES;semantic_primary_product
p94zsy3gehwe;Шолом FAST TEAM WENDY 2.0 балістичний NIJ IIIA. Каска тактична. Хакі. Розмір М;helmets_ballistic;helmets_ballistic;UNCHANGED;AUTO_CONFIRMED_WITH_ATTRIBUTES;semantic_primary_product
p952xq4pn1an;Спальний мішок зимовий з флісом (ковдра з капюшоном) розмір 220х100 см;field_sleeping;field_sleeping;UNCHANGED;AUTO_CONFIRMED_WITH_ATTRIBUTES;semantic_primary_product
p95qdg43m438;Штани Tactical Flex Pro FS - свобода рухів у будь-яких умовах;clothing_pants;clothing_pants;UNCHANGED;AUTO_CONFIRMED_WITH_ATTRIBUTES;semantic_primary_product
p96h3jomehw7;Прапор України 70×105 см — з люверсами. M-WIN;field_other;field_other;UNCHANGED;AUTO_CONFIRMED_WITH_ATTRIBUTES;semantic_primary_product
p974bnniehom;Маскувальна сітка M-Win Зелене листя. Маскування весна, літо. 4х5 м (площа 20 кв.м.);camouflage_nets;camouflage_nets;UNCHANGED;AUTO_CONFIRMED_WITH_ATTRIBUTES;semantic_primary_product
p9834yl1ehnh;М'який балістичний пакет 1 класу 150х200 мм - 1 шт.;armor_soft;armor_soft;UNCHANGED;AUTO_CONFIRMED_WITH_ATTRIBUTES;semantic_primary_product
p9aq2wniehwc;Тактичний ремінь War Belt M-WIN Gen. IV Піксель. Розмір;load_bearing_belts;load_bearing_belts;UNCHANGED;AUTO_CONFIRMED_WITH_ATTRIBUTES;semantic_primary_product
p9b7ocxtm3xy;"Кріплення для наушників ""Чебурашки"" EARMOR (Ops core arc)";helmets_mounts;communications_accessories;CHANGED_HIGH_CONFIDENCE;AUTO_CONFIRMED_WITH_ATTRIBUTES;semantic_primary_product
p9bti8rcehtl;Маскувальна сітка M-WIN Темний камуфляж. Маскування осінь, зима, весна. 3х4 м (площа 12 кв.м.);camouflage_nets;camouflage_nets;UNCHANGED;AUTO_CONFIRMED_WITH_ATTRIBUTES;semantic_primary_product
p9c70dw3m3z4;Набір для чищення зброї GK38+;weapon_accessories_cleaning;weapon_accessories_cleaning;UNCHANGED;AUTO_CONFIRMED_WITH_ATTRIBUTES;semantic_primary_product
p9d4w96kn1ay;Сумка-баул тактична, об'єм 85 літрів, Warrior Spirit;bags_duffel;bags_duffel;UNCHANGED;AUTO_CONFIRMED_WITH_ATTRIBUTES;semantic_primary_product
p9d96x2cm3xd;Каремат-сидушка Kiborg Оксфорд (39*30см);field_seats;field_seats;UNCHANGED;AUTO_CONFIRMED_WITH_ATTRIBUTES;semantic_primary_product
p9dfrdkyehu9;Маскувальна сітка M-Win Темний мультикам. Маскування весна, літо, осінь. 2х7 м (площа 14 кв.м.);camouflage_nets;camouflage_nets;UNCHANGED;AUTO_CONFIRMED_WITH_ATTRIBUTES;semantic_primary_product
p9dt3vcen19k;Прапор України 90х60см;field_other;field_other;UNCHANGED;AUTO_CONFIRMED_WITH_ATTRIBUTES;semantic_primary_product
p9dv5hj1n189;Панель під три магазини АК Warrior Spirit;pouches_magazines;pouches_panels;CHANGED_HIGH_CONFIDENCE;AUTO_CONFIRMED_WITH_ATTRIBUTES;semantic_primary_product
p9ei0a02n1c3;Термошкарпетки - «К2» Merino wool 43-45р Чорні;footwear_socks;footwear_socks;UNCHANGED;AUTO_CONFIRMED_WITH_ATTRIBUTES;semantic_primary_product
p9ekmu6nm3tb;Антидронова сітка (7×6 м) вічко 70 мм, нитка 1,8 мм, чорна міцна сітка для захисту техніки та позицій;camouflage_antidrone;camouflage_antidrone;UNCHANGED;AUTO_CONFIRMED_WITH_ATTRIBUTES;semantic_primary_product
p9fd07f3ogom;Костюм тактичний Soft Shell;clothing_costumes;clothing_costumes;UNCHANGED;AUTO_CONFIRMED_WITH_ATTRIBUTES;semantic_primary_product
p9fsx9egehwa;Рюкзак-сумка під гранатомет МК-19 Кордура;bags_tactical;bags_backpacks;CHANGED_HIGH_CONFIDENCE;AUTO_CONFIRMED_WITH_ATTRIBUTES;semantic_primary_product
p9gpx0mpm3tl;Балістична пластина (1 шт.) NIJ IV (6 клас ДСТУ) вага 2,8 кг Al2O3+PE;armor_plates;armor_plates;UNCHANGED;SUPPLIER_MAPPING;unambiguous_supplier_mapping
p9hd3zxin1bk;Тактичний Убакс RAPTOR - розмір;clothing_combat_shirts;clothing_combat_shirts;UNCHANGED;AUTO_CONFIRMED_WITH_ATTRIBUTES;semantic_primary_product
p9i3fj20n1b9;"Тактичний пояс RAGNAROK ""FENRIR"" – IRR CORDURA®";load_bearing_belts;load_bearing_belts;UNCHANGED;AUTO_CONFIRMED_WITH_ATTRIBUTES;semantic_primary_product
p9j3bnseogtb;Тактичні штани Soft Shell UKR-TEC, сині;clothing_pants;clothing_pants;UNCHANGED;AUTO_CONFIRMED_WITH_ATTRIBUTES;semantic_primary_product
p9j57skyogrs;Тактичний костюм (сорочка + штани), мультикам;clothing_pants;clothing_costumes;CHANGED_HIGH_CONFIDENCE;AUTO_CONFIRMED_WITH_ATTRIBUTES;semantic_primary_product
p9j81m6fehqk;Маскувальна сітка M-WIN мультикам. Маскування зима. 2х4 м (площа 8 кв.м.);camouflage_nets;camouflage_nets;UNCHANGED;AUTO_CONFIRMED_WITH_ATTRIBUTES;semantic_primary_product
p9jccsfpm3wa;Захисна балаклава Militex;clothing_balaclavas;clothing_balaclavas;UNCHANGED;AUTO_CONFIRMED_WITH_ATTRIBUTES;semantic_primary_product
p9k06qsnnqax;Плитоноска Plate Carrier KARGO (Cordura);armor_carriers;armor_carriers;UNCHANGED;AUTO_CONFIRMED_WITH_ATTRIBUTES;semantic_primary_product
p9ki35uhehu3;Маскувальна сітка M-WIN Темний камуфляж. Маскування осінь, зима, весна. 9х9 м (площа 81 кв.м.);camouflage_nets;camouflage_nets;UNCHANGED;AUTO_CONFIRMED_WITH_ATTRIBUTES;semantic_primary_product
p9koca4logt5;Тактичні штани чорні ріп-стоп;clothing_pants;clothing_pants;UNCHANGED;AUTO_CONFIRMED_WITH_ATTRIBUTES;semantic_primary_product
p9lli6amm3sl;Активні навушники з універсальним кріпленням Walker's Razor Kryptek Original;communications_accessories;communications_headphones;CHANGED_HIGH_CONFIDENCE;AUTO_CONFIRMED_WITH_ATTRIBUTES;semantic_primary_product
p9m70r8lm41e;Сумка-чохол Kiborg для зберігання та перенесення шолому;bags_tactical_bags;bags_tactical_bags;UNCHANGED;AUTO_CONFIRMED_WITH_ATTRIBUTES;semantic_primary_product
p9mbpzunnqan;"Костюм спортивний ""EXTRAVEL"" (2VStretch)";clothing_costumes;clothing_costumes;UNCHANGED;AUTO_CONFIRMED_WITH_ATTRIBUTES;semantic_primary_product
p9nezqflm3w5;Демісезонні шкарпетки компресійні MidDry;footwear_socks;footwear_socks;UNCHANGED;AUTO_CONFIRMED_WITH_ATTRIBUTES;semantic_primary_product
p9ouaaqim3za;Неопренові шкарпетки;footwear_socks;footwear_socks;UNCHANGED;AUTO_CONFIRMED_WITH_ATTRIBUTES;semantic_primary_product
p9p3mgzvogq3;Панама з короткими полями та кріпленням Molle;clothing_headwear;clothing_headwear;UNCHANGED;AUTO_CONFIRMED_WITH_ATTRIBUTES;semantic_primary_product
p9pzrufweho4;Маскувальна сітка M-Win Весняний камуфляж. Маскування весна, літо. 6х9 м (площа 54 кв.м.);camouflage_nets;camouflage_nets;UNCHANGED;AUTO_CONFIRMED_WITH_ATTRIBUTES;semantic_primary_product
p9q2o9q2m3zv;Полегшені напівчеревики Мангуст Undolini;footwear_shoes;footwear_shoes;UNCHANGED;AUTO_CONFIRMED_WITH_ATTRIBUTES;semantic_primary_product
p9q3uxgrm3tm;Балістичний захист 1 класу для плитоноски Militex Pro Series (M-L) 29,5*14,7 см камербанд, 1 шт;armor_carriers;armor_soft;CHANGED_HIGH_CONFIDENCE;AUTO_CONFIRMED_WITH_ATTRIBUTES;semantic_primary_product
p9qiagngognn;Берці демісезонні Памір;footwear_boots;footwear_boots;UNCHANGED;AUTO_CONFIRMED_WITH_ATTRIBUTES;semantic_primary_product
p9qvq216ehne;Зимова тактична куртка M-WIN Waterproof Level 7 Tinsul-M Розмір;clothing_jackets;clothing_jackets;UNCHANGED;AUTO_CONFIRMED_WITH_ATTRIBUTES;semantic_primary_product
p9riqf8um40c;Рукавиці (преміум-класу) MOG;clothing_gloves;clothing_gloves;UNCHANGED;AUTO_CONFIRMED_WITH_ATTRIBUTES;semantic_primary_product
p9rqvc22m40b;Розкладний каремат посилений (20мм+стропа) К-2;field_mats;field_mats;UNCHANGED;AUTO_CONFIRMED_WITH_ATTRIBUTES;semantic_primary_product
p9suy4bdm3xu;Комплект шолом Mich PE + навушники EARMOR M32 PLUS з універсальним кріпленням;helmets_mounts;helmets_ballistic;CHANGED_HIGH_CONFIDENCE;AUTO_CONFIRMED_WITH_ATTRIBUTES;semantic_primary_product
p9sxwv2mm3tz;Балістичний пакет для бронежилета Militex камербанди 2шт. XL/28,9*17 см (1 клас);armor_soft;armor_soft;UNCHANGED;AUTO_CONFIRMED_WITH_ATTRIBUTES;semantic_primary_product
p9t47vzhogpy;Літні тактичні кросівки 4.5.0;footwear_sneakers;footwear_sneakers;UNCHANGED;AUTO_CONFIRMED_WITH_ATTRIBUTES;semantic_primary_product
p9tk87udnqaz;Ремінь тактичний (5 см) (Поліамід);clothing_belts;clothing_belts;UNCHANGED;AUTO_CONFIRMED_WITH_ATTRIBUTES;semantic_primary_product
p9tkwf0ym3zi;Підвісна система + подушки для шолому Team Wendy Cam Fit (R);helmets_suspension;helmets_suspension;UNCHANGED;AUTO_CONFIRMED_WITH_ATTRIBUTES;semantic_primary_product
p9tvgstmm400;Потрійний захист паху/напашник з балістичним захистом 2 клас Militex cordura USA;pouches_dangler;armor_soft;CHANGED_HIGH_CONFIDENCE;AUTO_CONFIRMED_WITH_ATTRIBUTES;semantic_primary_product
p9twhwzqehoa;Маскувальна сітка M-Win Зелене листя. Маскування весна, літо. 10х15 м (площа 150 кв.м.);camouflage_nets;camouflage_nets;UNCHANGED;AUTO_CONFIRMED_WITH_ATTRIBUTES;semantic_primary_product
p9u7iz5mn14w;Кавер для шолому;helmets_covers;helmets_covers;UNCHANGED;AUTO_CONFIRMED_WITH_ATTRIBUTES;semantic_primary_product
p9uo8ps4ognc;Базовий тактичний гольф;clothing_sweaters;clothing_sweaters;UNCHANGED;AUTO_CONFIRMED_WITH_ATTRIBUTES;semantic_primary_product
p9vt0ld5m3wm;Зимова маскувальна сітка з основою 10х15м Militex Зимовий мультикам;camouflage_nets;camouflage_nets;UNCHANGED;AUTO_CONFIRMED_WITH_ATTRIBUTES;semantic_primary_product
p9wb0i1hm3ur;Бокові рейки для шолома MICH2000;helmets_rails;helmets_rails;UNCHANGED;AUTO_CONFIRMED_WITH_ATTRIBUTES;semantic_primary_product
p9wcg2fam3ws;Зимова маскувальна сітка Militex 10х15м (площа 150 кв.м.);camouflage_nets;camouflage_nets;UNCHANGED;AUTO_CONFIRMED_WITH_ATTRIBUTES;semantic_primary_product
p9wl3qflm3z8;Навушники активні з гарнітурою Earmor M32X PLUS;communications_headphones;communications_headphones;UNCHANGED;AUTO_CONFIRMED_WITH_ATTRIBUTES;semantic_primary_product
p9wtyglfogql;Ремінь трьохточковий;weapon_accessories_slings;weapon_accessories_slings;UNCHANGED;AUTO_CONFIRMED_WITH_ATTRIBUTES;semantic_primary_product
p9x8msr3ehqo;Маскувальна сітка M-WIN мультикам. Маскування зима. 3х3 м (площа 9 кв.м.);camouflage_nets;camouflage_nets;UNCHANGED;AUTO_CONFIRMED_WITH_ATTRIBUTES;semantic_primary_product
p9ydqyvkehni;М'який балістичний пакет 1 класу 150х200 мм - 2 шт.;armor_soft;armor_soft;UNCHANGED;AUTO_CONFIRMED_WITH_ATTRIBUTES;semantic_primary_product
p9yrs9pxn1a3;Рукавиці з відкритими пальцями Розмір;clothing_gloves;clothing_gloves;UNCHANGED;AUTO_CONFIRMED_WITH_ATTRIBUTES;semantic_primary_product
p9zstiejm3vi;Гідратор (питна система) Hidro Izotube 2.5л;bags_hydration;bags_hydration;UNCHANGED;AUTO_CONFIRMED_WITH_ATTRIBUTES;semantic_primary_product
p9zvgqraeht2;Маскувальна сітка M-Win Світлий мультикам. Маскування весна, літо, осінь. 5х6 м (площа 30 кв.м.);camouflage_nets;camouflage_nets;UNCHANGED;AUTO_CONFIRMED_WITH_ATTRIBUTES;semantic_primary_product
p9zwz1xtm3ye;Маскувальна сітка з основою 10х20м Militex;camouflage_nets;camouflage_nets;UNCHANGED;AUTO_CONFIRMED_WITH_ATTRIBUTES;semantic_primary_product
pa05plo1ehqs;Маскувальна сітка M-WIN мультикам. Маскування зима. 4х4 м (площа 16 кв.м.);camouflage_nets;camouflage_nets;UNCHANGED;AUTO_CONFIRMED_WITH_ATTRIBUTES;semantic_primary_product
pa1x7rjim42z;Шолом Protection Group Denmark ARCH;helmets_ballistic;helmets_ballistic;UNCHANGED;AUTO_CONFIRMED_WITH_ATTRIBUTES;semantic_primary_product
pa47dxirm426;Термоковдра Blizzard EMS Trauma Blanket - Помаранчева - Vacuum Packed;field_blankets;field_blankets;UNCHANGED;AUTO_CONFIRMED_WITH_ATTRIBUTES;semantic_primary_product
pa4hbmvfehvx;Надміцна маскувальна сітка M-WIN 6х9 метри;camouflage_nets;camouflage_nets;UNCHANGED;AUTO_CONFIRMED_WITH_ATTRIBUTES;semantic_primary_product
pa5detrmm42a;"Трикотажна футболка ""ARNO"" виробник Militex — Чорна";clothing_tshirts;clothing_tshirts;UNCHANGED;AUTO_CONFIRMED_WITH_ATTRIBUTES;semantic_primary_product
pa5p2fimm3yd;Магазин FireON АR 5.56х45,.223REM;weapon_accessories_magazines;weapon_accessories_magazines;UNCHANGED;AUTO_CONFIRMED_WITH_ATTRIBUTES;semantic_primary_product
pa7036n9n1br;"Тактичні рукавиці ""Strike""";clothing_gloves;clothing_gloves;UNCHANGED;AUTO_CONFIRMED_WITH_ATTRIBUTES;semantic_primary_product
pa7l1vv9m3yi;Маскувальна сітка з основою 6х10м Militex;camouflage_nets;camouflage_nets;UNCHANGED;AUTO_CONFIRMED_WITH_ATTRIBUTES;semantic_primary_product
pa7v4c87m425;Термоковдра на поліетиленовій основі 200см x 230см;field_blankets;field_blankets;UNCHANGED;AUTO_CONFIRMED_WITH_ATTRIBUTES;semantic_primary_product
pa8ba36kogok;Костюм тактичний (аналог 5.11), куртка + штани, мультикам;clothing_pants;clothing_costumes;CHANGED_HIGH_CONFIDENCE;AUTO_CONFIRMED_WITH_ATTRIBUTES;semantic_primary_product
pa8llqq4ehtf;Маскувальна сітка M-WIN Темний камуфляж. Маскування осінь, зима, весна. 2х10 м (площа 20 кв.м.);camouflage_nets;camouflage_nets;UNCHANGED;AUTO_CONFIRMED_WITH_ATTRIBUTES;semantic_primary_product
pa9t6gdzn18k;Підсумок для скидання магазинів (MOLLE, на тактичний пояс, розвантаження, РПС);pouches_dump;pouches_dump;UNCHANGED;AUTO_CONFIRMED_WITH_ATTRIBUTES;semantic_primary_product
paagc4o3m3z3;Модуль живлення BanderaSolar 300L;power_solar;power_accessories;CHANGED_HIGH_CONFIDENCE;AUTO_CONFIRMED_WITH_ATTRIBUTES;semantic_primary_product
pabd6ao2nqac;"Вітровка ""TRAVEL DEFENCE"" (Таслан + Мікрофліс)";clothing_jackets;clothing_jackets;UNCHANGED;AUTO_CONFIRMED_WITH_ATTRIBUTES;semantic_primary_product
pacf3twvehsx;Маскувальна сітка M-Win Світлий мультикам. Маскування весна, літо, осінь. 4х5 м (площа 20 кв.м.);camouflage_nets;camouflage_nets;UNCHANGED;AUTO_CONFIRMED_WITH_ATTRIBUTES;semantic_primary_product
paclgmnfehoi;Маскувальна сітка M-Win Зелене листя. Маскування весна, літо. 3х5 м (площа 15 кв.м.);camouflage_nets;camouflage_nets;UNCHANGED;AUTO_CONFIRMED_WITH_ATTRIBUTES;semantic_primary_product
pacqk51xn13m;Беруші EARMOR М-02;communications_headphones;communications_headphones;UNCHANGED;AUTO_CONFIRMED_WITH_ATTRIBUTES;semantic_primary_product
padcygp9ehu2;Маскувальна сітка M-WIN Темний камуфляж. Маскування осінь, зима, весна. 9х10 м (площа 90 кв.м.);camouflage_nets;camouflage_nets;UNCHANGED;AUTO_CONFIRMED_WITH_ATTRIBUTES;semantic_primary_product
padt520tehrq;Маскувальна сітка M-Win Осінній мультикам. Маскування осінь, весна. 7х9 м (площа 63 кв.м.);camouflage_nets;camouflage_nets;UNCHANGED;AUTO_CONFIRMED_WITH_ATTRIBUTES;semantic_primary_product
pae4bmwpm3wc;Захист живота (кишківник) Kiborg з балістичним пакетом 1 клас захисту Militex;field_fasteners;armor_soft;CHANGED_HIGH_CONFIDENCE;AUTO_CONFIRMED_WITH_ATTRIBUTES;semantic_primary_product
pafbuytmm3ts;Балістичний пакет 12*20 Militex (2 клас захисту);armor_soft;armor_soft;UNCHANGED;AUTO_CONFIRMED_WITH_ATTRIBUTES;semantic_primary_product
paghgkivehrc;Маскувальна сітка M-Win Осінній мультикам. Маскування осінь, весна. 3х3 м (площа 9 кв.м.);camouflage_nets;camouflage_nets;UNCHANGED;AUTO_CONFIRMED_WITH_ATTRIBUTES;semantic_primary_product
pagrqe8rehpt;Маскувальна сітка M-Win мультикам. Маскування весна, літо. 20х20 м (площа 400 кв.м.);camouflage_nets;camouflage_nets;UNCHANGED;AUTO_CONFIRMED_WITH_ATTRIBUTES;semantic_primary_product
pahk11cun1bv;Тактичні штани Raptor «FLEX» з наколінниками та еластичними вставками;clothing_pants;clothing_pants;UNCHANGED;AUTO_CONFIRMED_WITH_ATTRIBUTES;semantic_primary_product
paik6yvum3yb;Магазин для АР15/М4 під патрон 5,56х45 NATO;weapon_accessories_magazines;weapon_accessories_magazines;UNCHANGED;AUTO_CONFIRMED_WITH_ATTRIBUTES;semantic_primary_product
pak9tx77ehwa;Сумка для скидання магазинів M-WIN;camouflage_nets;pouches_dump;CHANGED_HIGH_CONFIDENCE;AUTO_CONFIRMED_WITH_ATTRIBUTES;semantic_primary_product
pakzfq3znqar;"Куртка спортивна ""EXTRAVEL"" (2VStretch)";clothing_jackets;clothing_jackets;UNCHANGED;AUTO_CONFIRMED_WITH_ATTRIBUTES;semantic_primary_product
pal28oy7ogsw;Тактичні чоловічі демісезонні берці Evolution, чорні;footwear_boots;footwear_boots;UNCHANGED;AUTO_CONFIRMED_WITH_ATTRIBUTES;semantic_primary_product
palp70t2oguf;Шапка зимова;clothing_headwear;clothing_headwear;UNCHANGED;AUTO_CONFIRMED_WITH_ATTRIBUTES;semantic_primary_product
palw8dgrehr5;Маскувальна сітка M-Win Осінній мультикам. Маскування осінь, весна. 10х10 м (площа 100 кв.м.);camouflage_nets;camouflage_nets;UNCHANGED;AUTO_CONFIRMED_WITH_ATTRIBUTES;semantic_primary_product
pam792esm3tj;Армійська панама PLV (ріп-стоп) Чорна;clothing_headwear;clothing_headwear;UNCHANGED;AUTO_CONFIRMED_WITH_ATTRIBUTES;semantic_primary_product
paml4o6sogsn;Тактичні рукавички безпалі чорні;clothing_gloves;clothing_gloves;UNCHANGED;AUTO_CONFIRMED_WITH_ATTRIBUTES;semantic_primary_product
pamn54cvm3v0;Бронековдра KIBORG з балістичним захистом 2 класу від Militex у кольорі;armor_sets;armor_soft;CHANGED_HIGH_CONFIDENCE;AUTO_CONFIRMED_WITH_ATTRIBUTES;semantic_primary_product
pamwut6rm3ts;Балістичний пакет 12*20 Militex (1 клас захисту);armor_soft;armor_soft;UNCHANGED;AUTO_CONFIRMED_WITH_ATTRIBUTES;semantic_primary_product
pan5nq6jogrm;Тактична флісова кофта чорна 4.5.0.;clothing_fleece;clothing_fleece;UNCHANGED;AUTO_CONFIRMED_WITH_ATTRIBUTES;semantic_primary_product
pan82b6om3us;Бронежилет (L) Militex Modular X-1 (збільшена площа захисту) з балістичними пакетами,, 2 клас;field_fasteners;armor_vests;CHANGED_HIGH_CONFIDENCE;AUTO_CONFIRMED_WITH_ATTRIBUTES;semantic_primary_product
pan8s11mehqc;Маскувальна сітка M-Win мультикам. Маскування весна, літо. 7х8 м (площа 56 кв.м.);camouflage_nets;camouflage_nets;UNCHANGED;AUTO_CONFIRMED_WITH_ATTRIBUTES;semantic_primary_product
pankcvlin1b7;Тактичний ліхтарик з червоним світлом;lighting_tactical;lighting_tactical;UNCHANGED;AUTO_CONFIRMED_WITH_ATTRIBUTES;semantic_primary_product
paoklfkyehnp;Маскувальна сітка M-Win Весняний камуфляж. Маскування весна, літо. 2х7 м (площа 14 кв.м.);camouflage_nets;camouflage_nets;UNCHANGED;AUTO_CONFIRMED_WITH_ATTRIBUTES;semantic_primary_product
paovhvjkm434;Шорти тактичні Oper FSRip-Stop;clothing_shorts;clothing_shorts;UNCHANGED;AUTO_CONFIRMED_WITH_ATTRIBUTES;semantic_primary_product
pap5gc10m3zc;Односекційний килимок для сидіння п'ятиточка П-1 Оксфорд;field_seats;field_seats;UNCHANGED;AUTO_CONFIRMED_WITH_ATTRIBUTES;semantic_primary_product
paqckvlrm3wb;Захист живота (кишківник) з балістичним пакетом 1 клас захисту Militex cordura USA;field_fasteners;armor_soft;CHANGED_HIGH_CONFIDENCE;AUTO_CONFIRMED_WITH_ATTRIBUTES;semantic_primary_product
paqkfasfm3x4;Зимовий костюм Water Repellent MILITEX Gen 6 (бушлат+штани);clothing_costumes;clothing_costumes;UNCHANGED;AUTO_CONFIRMED_WITH_ATTRIBUTES;semantic_primary_product
paqzdsxam41t;Тактичний утеплений анорак FS —;clothing_jackets;clothing_jackets;UNCHANGED;AUTO_CONFIRMED_WITH_ATTRIBUTES;semantic_primary_product
pat2ubqinqb0;"Рюкзак ""ШТУРМ"" 20л ""ANTITERROR II"" (Cordura)";clothing_costumes;bags_assault;CHANGED_HIGH_CONFIDENCE;AUTO_CONFIRMED_WITH_ATTRIBUTES;semantic_primary_product
patoilh5n139;Балістичний пакет BP225x160 Клас 2;armor_soft;armor_soft;UNCHANGED;AUTO_CONFIRMED_WITH_ATTRIBUTES;semantic_primary_product
pau8z4c5m3y8;Літня куртка-вітровка сірого кольору (1192-);clothing_jackets;clothing_jackets;UNCHANGED;AUTO_CONFIRMED_WITH_ATTRIBUTES;semantic_primary_product
pav1izxqm3to;Балістичний захист 1 класу Militex для сумки під захист паху M (26,2*15,8 см);armor_soft;armor_soft;UNCHANGED;AUTO_CONFIRMED_WITH_ATTRIBUTES;semantic_primary_product
paw75mliehoe;Маскувальна сітка M-Win Зелене листя. Маскування весна, літо. 2х6 м (площа 12 кв.м.);camouflage_nets;camouflage_nets;UNCHANGED;AUTO_CONFIRMED_WITH_ATTRIBUTES;semantic_primary_product
paxreg9mm3wa;Захисне низькопрофільне скло для ПНБ (від умамків та пилу) з різьбою 30мм;electronics_mounts;electronics_accessories;CHANGED_HIGH_CONFIDENCE;AUTO_CONFIRMED_WITH_ATTRIBUTES;semantic_primary_product
payoudldogsg;Тактичні літні перфоровані берці Бізон;footwear_boots;footwear_boots;UNCHANGED;AUTO_CONFIRMED_WITH_ATTRIBUTES;semantic_primary_product
paze5dpjehs0;Маскувальна сітка M-Win Піксель. Маскування весна, літо, осінь. 2х9 м (площа 18 кв.м.);camouflage_nets;camouflage_nets;UNCHANGED;AUTO_CONFIRMED_WITH_ATTRIBUTES;semantic_primary_product
pazsco2om3yp;Маскувальна сітка Militex Листя осінь 10х10м (площа 100 кв.м.);camouflage_nets;camouflage_nets;UNCHANGED;AUTO_CONFIRMED_WITH_ATTRIBUTES;semantic_primary_product
pb0a8qlpeht5;Маскувальна сітка M-Win Світлий мультикам. Маскування весна, літо, осінь. 6х7 м (площа 42 кв.м.);camouflage_nets;camouflage_nets;UNCHANGED;AUTO_CONFIRMED_WITH_ATTRIBUTES;semantic_primary_product
pb0zjafnm41d;Сумка-напашник Kiborg GU Cordura з NIR-просоченням;field_fasteners;pouches_dangler;CHANGED_HIGH_CONFIDENCE;AUTO_CONFIRMED_WITH_ATTRIBUTES;semantic_primary_product
pb19kcq6ehs6;Маскувальна сітка M-Win Піксель. Маскування весна, літо, осінь. 3х9 м (площа 27 кв.м.);camouflage_nets;camouflage_nets;UNCHANGED;AUTO_CONFIRMED_WITH_ATTRIBUTES;semantic_primary_product
pb207v3lehrs;Маскувальна сітка M-Win Осінній мультикам. Маскування осінь, весна. 8х9 м (площа 72 кв.м.);camouflage_nets;camouflage_nets;UNCHANGED;AUTO_CONFIRMED_WITH_ATTRIBUTES;semantic_primary_product
pb337f21nqag;"Комплект ""URBAN SCOUT"" (SoftShell)";clothing_costumes;clothing_costumes;UNCHANGED;SUPPLIER_MAPPING;unambiguous_supplier_mapping
pb35asnmn1b4;Тактична сорочка UBACS від Raptor Tac (вогнетривка);clothing_combat_shirts;clothing_combat_shirts;UNCHANGED;AUTO_CONFIRMED_WITH_ATTRIBUTES;semantic_primary_product
pb36b1cfm3w0;Демісезоний костюм Softshell Kiborg;clothing_costumes;clothing_costumes;UNCHANGED;AUTO_CONFIRMED_WITH_ATTRIBUTES;semantic_primary_product
pb4pc8svehpr;Маскувальна сітка M-Win Листя осінь. Маскування весна, літо, осінь. 9х9 м (площа 81 кв.м.);camouflage_nets;camouflage_nets;UNCHANGED;AUTO_CONFIRMED_WITH_ATTRIBUTES;semantic_primary_product
pb4tvvpoogtg;Термобілизна трикотажна;clothing_thermal;clothing_thermal;UNCHANGED;AUTO_CONFIRMED_WITH_ATTRIBUTES;semantic_primary_product
pb5i1repn1ba;Тактичний ремінь-липучка Ragnarok;load_bearing_belts;clothing_belts;CHANGED_HIGH_CONFIDENCE;AUTO_CONFIRMED_WITH_ATTRIBUTES;semantic_primary_product
pb639j1uehq1;Маскувальна сітка M-Win мультикам. Маскування весна, літо. 4х10 м (площа 40 кв.м.);camouflage_nets;camouflage_nets;UNCHANGED;AUTO_CONFIRMED_WITH_ATTRIBUTES;semantic_primary_product
pb6o3gs4m40a;Ремінь 3-х точковий Kiborg;weapon_accessories_slings;weapon_accessories_slings;UNCHANGED;AUTO_CONFIRMED_WITH_ATTRIBUTES;semantic_primary_product
pb78f0tvehs2;Маскувальна сітка M-Win Піксель. Маскування весна, літо, осінь. 3х4 м (площа 12 кв.м.);camouflage_nets;camouflage_nets;UNCHANGED;AUTO_CONFIRMED_WITH_ATTRIBUTES;semantic_primary_product
pb7aztzom3z3;Набір аксесуарів для PVS-14;electronics_mounts;electronics_accessories;CHANGED_HIGH_CONFIDENCE;AUTO_CONFIRMED_WITH_ATTRIBUTES;semantic_primary_product
pb7iwgfcehp9;Маскувальна сітка M-Win камуфляж. Маскування весна, літо, осінь. 3х8 м (площа 24 кв.м.);camouflage_nets;camouflage_nets;UNCHANGED;AUTO_CONFIRMED_WITH_ATTRIBUTES;semantic_primary_product
pb7qkuuhm3wm;Зимова маскувальна сітка з основою 10х20м Militex Зимовий мультикам;camouflage_nets;camouflage_nets;UNCHANGED;AUTO_CONFIRMED_WITH_ATTRIBUTES;semantic_primary_product
pb8193phehun;Маскувальна сітка M-Win Темний мультикам. Маскування весна, літо, осінь. 7х10 м (площа 70 кв.м.);camouflage_nets;camouflage_nets;UNCHANGED;AUTO_CONFIRMED_WITH_ATTRIBUTES;semantic_primary_product
pb89xaacm3sl;Активні Навушники Walker's Razor Slim;communications_headphones;communications_headphones;UNCHANGED;AUTO_CONFIRMED_WITH_ATTRIBUTES;semantic_primary_product
pb8sd3e2ehr1;Маскувальна сітка M-WIN мультикам. Маскування зима. 7х7 м (площа 49 кв.м.);camouflage_nets;camouflage_nets;UNCHANGED;AUTO_CONFIRMED_WITH_ATTRIBUTES;semantic_primary_product
pb9bzi7gehv7;Маскувальна сітка M-Win Хижак. Маскування осінь, весна. 4х8 м (площа 32 кв.м.);camouflage_nets;camouflage_nets;UNCHANGED;AUTO_CONFIRMED_WITH_ATTRIBUTES;semantic_primary_product
pb9uani8m42o;Хорватський Шолом Sestan-Busch Helmet MID CUT;helmets_ballistic;helmets_ballistic;UNCHANGED;AUTO_CONFIRMED_WITH_ATTRIBUTES;semantic_primary_product
pbargkrum40c;Рукавиці /камуфляж Mechanix;clothing_gloves;clothing_gloves;UNCHANGED;AUTO_CONFIRMED_WITH_ATTRIBUTES;semantic_primary_product
pbb5veojehqt;Маскувальна сітка M-WIN мультикам. Маскування зима. 4х6 м (площа 24 кв.м.);camouflage_nets;camouflage_nets;UNCHANGED;AUTO_CONFIRMED_WITH_ATTRIBUTES;semantic_primary_product
pbbnn3m6m436;Штани з вставними наколінниками “YEVHEV” Gen-3;clothing_pants;clothing_pants;UNCHANGED;AUTO_CONFIRMED_WITH_ATTRIBUTES;semantic_primary_product
pbc4rknrm3uu;Бронежилет з збільшеною площею захисту Kiborg Modular X-1 —;armor_vests;armor_vests;UNCHANGED;AUTO_CONFIRMED_WITH_ATTRIBUTES;semantic_primary_product
pbcuwn1nm3sw;Антидронова сітка (11×6 м) вічко 50 мм, нитка 1,8 мм, чорна міцна сітка для захисту техніки та позицій;camouflage_antidrone;camouflage_antidrone;UNCHANGED;AUTO_CONFIRMED_WITH_ATTRIBUTES;semantic_primary_product
pbcxnqpim3uj;Берці Undolini хутро;footwear_boots;footwear_boots;UNCHANGED;AUTO_CONFIRMED_WITH_ATTRIBUTES;semantic_primary_product
pbd18fguehn9;Балістичний захист плечей 1 клас M-WIN Мультикам. Комплект 2 шт.;armor_sets;armor_soft;CHANGED_HIGH_CONFIDENCE;AUTO_CONFIRMED_WITH_ATTRIBUTES;semantic_primary_product
pbd231gaogt8;Тактичні штани Soft Shell;clothing_pants;clothing_pants;UNCHANGED;AUTO_CONFIRMED_WITH_ATTRIBUTES;semantic_primary_product
pbe22t9rm439;Militex Тактична куртка 4WSTRETCH, колір, розмір;clothing_jackets;clothing_jackets;UNCHANGED;AUTO_CONFIRMED_WITH_ATTRIBUTES;semantic_primary_product
pbf9oivgehv1;Маскувальна сітка M-Win Хижак. Маскування осінь, весна. 3х4 м (площа 12 кв.м.);camouflage_nets;camouflage_nets;UNCHANGED;AUTO_CONFIRMED_WITH_ATTRIBUTES;semantic_primary_product
pbfcbyjaogs1;Тактичні жіночі берці Energy;footwear_boots;footwear_boots;UNCHANGED;AUTO_CONFIRMED_WITH_ATTRIBUTES;semantic_primary_product
pbfiosqnm42o;Цифрові активні ззахисні навушники Earmor M32 PLUS;communications_headphones;communications_headphones;UNCHANGED;AUTO_CONFIRMED_WITH_ATTRIBUTES;semantic_primary_product
pbfnneidm3wy;Зимова маскувальна сітка Militex Альпійська клякса 20х20 (площа 400 кв.м.);camouflage_nets;camouflage_nets;UNCHANGED;AUTO_CONFIRMED_WITH_ATTRIBUTES;semantic_primary_product
pbg6rq4fm3zp;Підсумок під турнікет з кріпленнями для ножиць та маркера;pouches_tourniquets;pouches_tourniquets;UNCHANGED;AUTO_CONFIRMED_WITH_ATTRIBUTES;semantic_primary_product
pbgc55x4ehsa;Маскувальна сітка M-Win Піксель. Маскування весна, літо, осінь. 5х10 м (площа 50 кв.м.);camouflage_nets;camouflage_nets;UNCHANGED;AUTO_CONFIRMED_WITH_ATTRIBUTES;semantic_primary_product
pbgebdf2ogt3;Тактичні штани з системою Molle;clothing_pants;clothing_pants;UNCHANGED;AUTO_CONFIRMED_WITH_ATTRIBUTES;semantic_primary_product
pbgq6vpeehrf;Маскувальна сітка M-Win Осінній мультикам. Маскування осінь, весна. 3х8 м (площа 24 кв.м.);camouflage_nets;camouflage_nets;UNCHANGED;AUTO_CONFIRMED_WITH_ATTRIBUTES;semantic_primary_product
pbgzpuzdm3xm;Комплект бронеплит (2шт) Bronyx (5.6 кг) (4 клас) 270*330;armor_plates;armor_plates;UNCHANGED;AUTO_CONFIRMED_WITH_ATTRIBUTES;semantic_primary_product
pbhit0kgm3ut;Бронежилет (M) Militex Modular X-1 (збільшена площа захисту) з балістичними пакетами,, 2 клас;field_fasteners;armor_vests;CHANGED_HIGH_CONFIDENCE;AUTO_CONFIRMED_WITH_ATTRIBUTES;semantic_primary_product
pbholaavm3x3;Зимовий костюм горка;clothing_costumes;clothing_costumes;UNCHANGED;AUTO_CONFIRMED_WITH_ATTRIBUTES;semantic_primary_product
pbiy8rf0n1ar;Сумка для скидання магазинів IDOGEAR;pouches_dump;pouches_dump;UNCHANGED;AUTO_CONFIRMED_WITH_ATTRIBUTES;semantic_primary_product
pbj4y6suehu0;Маскувальна сітка M-WIN Темний камуфляж. Маскування осінь, зима, весна. 8х10 м (площа 80 кв.м.);camouflage_nets;camouflage_nets;UNCHANGED;AUTO_CONFIRMED_WITH_ATTRIBUTES;semantic_primary_product
pbjlnjygehw2;Надміцна маскувальна сітка M-WIN 9х7 метри;camouflage_nets;camouflage_nets;UNCHANGED;AUTO_CONFIRMED_WITH_ATTRIBUTES;semantic_primary_product
pbjr00exehp5;Маскувальна сітка M-Win камуфляж. Маскування весна, літо, осінь. 2х9 м (площа 18 кв.м.);camouflage_nets;camouflage_nets;UNCHANGED;AUTO_CONFIRMED_WITH_ATTRIBUTES;semantic_primary_product
pbka687yehp6;Маскувальна сітка M-Win камуфляж. Маскування весна, літо, осінь. 3х3 м (площа 9 кв.м.);camouflage_nets;camouflage_nets;UNCHANGED;AUTO_CONFIRMED_WITH_ATTRIBUTES;semantic_primary_product
pbkh8zqsehpq;Маскувальна сітка M-Win Листя осінь. Маскування весна, літо, осінь. 4х10 м (площа 40 кв.м.);camouflage_nets;camouflage_nets;UNCHANGED;AUTO_CONFIRMED_WITH_ATTRIBUTES;semantic_primary_product
pbknx04rehnl;Маскувальна сітка M-Win Весняний камуфляж. Маскування весна, літо. 10х20 м (площа 200 кв.м.);camouflage_nets;camouflage_nets;UNCHANGED;AUTO_CONFIRMED_WITH_ATTRIBUTES;semantic_primary_product
pbkte9tjogr8;Тактична зимова куртка, парка 4.5.0 мультикам;clothing_jackets;clothing_jackets;UNCHANGED;AUTO_CONFIRMED_WITH_ATTRIBUTES;semantic_primary_product
pbl0196wehux;Маскувальна сітка M-Win Хижак. Маскування осінь, весна. 2х4 м (площа 8 кв.м.);camouflage_nets;camouflage_nets;UNCHANGED;AUTO_CONFIRMED_WITH_ATTRIBUTES;semantic_primary_product
pblpop5jm40t;Смарт-сумка через плече Militex Tactic city bag Cordura original USA;bags_shoulder;bags_shoulder;UNCHANGED;AUTO_CONFIRMED_WITH_ATTRIBUTES;semantic_primary_product
pbluu6ddogso;Тактичні рукавички оливкові безпалі;clothing_gloves;clothing_gloves;UNCHANGED;AUTO_CONFIRMED_WITH_ATTRIBUTES;semantic_primary_product
pbmr51skehsj;Маскувальна сітка M-Win Піксель. Маскування весна, літо, осінь. 8х9 м (площа 72 кв.м.);camouflage_nets;camouflage_nets;UNCHANGED;AUTO_CONFIRMED_WITH_ATTRIBUTES;semantic_primary_product
pbnbmgo8m405;Пояс РПС Militex R-3 GEN.2 з балістичним захистом 2 класу —;field_fasteners;load_bearing_belts;CHANGED_HIGH_CONFIDENCE;AUTO_CONFIRMED_WITH_ATTRIBUTES;semantic_primary_product
pbnl215bogo7;Вітровка-куртка тактична легка літня;clothing_jackets;clothing_jackets;UNCHANGED;AUTO_CONFIRMED_WITH_ATTRIBUTES;semantic_primary_product
pbnxsah4n134;Балістичний пакет BP170x120 Клас 1;armor_soft;armor_soft;UNCHANGED;AUTO_CONFIRMED_WITH_ATTRIBUTES;semantic_primary_product
pbpl6bwuehul;Маскувальна сітка M-Win Темний мультикам. Маскування весна, літо, осінь. 6х7 м (площа 42 кв.м.);camouflage_nets;camouflage_nets;UNCHANGED;AUTO_CONFIRMED_WITH_ATTRIBUTES;semantic_primary_product
pbqdk8rjn19w;Ремінь тактичний Україна Розмір 120*3,5;load_bearing_belts;clothing_belts;CHANGED_HIGH_CONFIDENCE;AUTO_CONFIRMED_WITH_ATTRIBUTES;semantic_primary_product
pbqrb1lim3yr;Маскувальна сітка Militex Листя осінь 5х10м (площа 50 кв.м.);camouflage_nets;camouflage_nets;UNCHANGED;AUTO_CONFIRMED_WITH_ATTRIBUTES;semantic_primary_product
pbqtjo8fogte;Тактичні штани, штани UKR-TEC ріп-стоп, чорні;clothing_pants;clothing_pants;UNCHANGED;AUTO_CONFIRMED_WITH_ATTRIBUTES;semantic_primary_product
pbqysfbvm3w4;Демісезонні компресійні шкарпетки MidDry+;footwear_socks;footwear_socks;UNCHANGED;AUTO_CONFIRMED_WITH_ATTRIBUTES;semantic_primary_product
pbrfr8g0ehnj;М'який балістичний пакет 2 класу 150х200 мм - 2 шт.;armor_soft;armor_soft;UNCHANGED;AUTO_CONFIRMED_WITH_ATTRIBUTES;semantic_primary_product
pbrizierm3y7;Літня куртка-вітровка;clothing_jackets;clothing_jackets;UNCHANGED;AUTO_CONFIRMED_WITH_ATTRIBUTES;semantic_primary_product
pbrphcpxm41w;Тактичні кросівки Yaguar від TM Undolini;footwear_sneakers;footwear_sneakers;UNCHANGED;AUTO_CONFIRMED_WITH_ATTRIBUTES;semantic_primary_product
pbv0kjt6eho5;Маскувальна сітка M-Win Весняний камуфляж. Маскування весна, літо. 7х7 м (площа 49 кв.м.);camouflage_nets;camouflage_nets;UNCHANGED;AUTO_CONFIRMED_WITH_ATTRIBUTES;semantic_primary_product
pbv5ky15m3wz;Зимова маскувальна сітка Militex Альпійська клякса 5х10м (площа 50 кв.м.);camouflage_nets;camouflage_nets;UNCHANGED;AUTO_CONFIRMED_WITH_ATTRIBUTES;semantic_primary_product
pbvgq4afehv2;Маскувальна сітка M-Win Хижак. Маскування осінь, весна. 3х5 м (площа 15 кв.м.);camouflage_nets;camouflage_nets;UNCHANGED;AUTO_CONFIRMED_WITH_ATTRIBUTES;semantic_primary_product
pbwfj5b9m3sj;"Адаптер кріплення для навшуників ""чебурашки"" EARMOR M16C (R)";helmets_mounts;communications_accessories;CHANGED_HIGH_CONFIDENCE;AUTO_CONFIRMED_WITH_ATTRIBUTES;semantic_primary_product
pbwudn44m3zs;Плащ-дощовик з запаяними швами;clothing_rainwear;clothing_rainwear;UNCHANGED;AUTO_CONFIRMED_WITH_ATTRIBUTES;semantic_primary_product
pbx1zjd6n13b;Балістичний пакет BP350x150 Клас 1;armor_soft;armor_soft;UNCHANGED;AUTO_CONFIRMED_WITH_ATTRIBUTES;semantic_primary_product
pbxmy6yfogsb;Тактичні зимові штани на підкладці Omni Heat;clothing_pants;clothing_pants;UNCHANGED;AUTO_CONFIRMED_WITH_ATTRIBUTES;semantic_primary_product
pbxwvz3ym3xq;Комплект наколінники + налокітники Kiborg;limb_protection_sets;limb_protection_sets;UNCHANGED;AUTO_CONFIRMED_WITH_ATTRIBUTES;semantic_primary_product
pby12w4in19i;Портативний фільтр для очищення води Filterwell 0,1 мікрон;bags_hydration;field_other;CHANGED_HIGH_CONFIDENCE;AUTO_CONFIRMED_WITH_ATTRIBUTES;semantic_primary_product
pby7ue3vogv0;Штани тактичні Soft Shell UKR-TEC / чорні;clothing_pants;clothing_pants;UNCHANGED;AUTO_CONFIRMED_WITH_ATTRIBUTES;semantic_primary_product
pbytkekwm3zv;Полегшені керамічні бронеплити 6 класу, 2.4 кг, 25х30 см;armor_plates;armor_plates;UNCHANGED;AUTO_CONFIRMED_WITH_ATTRIBUTES;semantic_primary_product
pbyya501ogu1;Черевики Памір тактичні шкіряні всесезонні на мембрані;footwear_shoes;footwear_shoes;UNCHANGED;AUTO_CONFIRMED_WITH_ATTRIBUTES;semantic_primary_product
pbz1cto0ogpe;Кросівки тактичні Energy перфоровані, чорні;footwear_sneakers;footwear_sneakers;UNCHANGED;AUTO_CONFIRMED_WITH_ATTRIBUTES;semantic_primary_product
pbze8ukim42a;Трекінгові короткі шкарпетки Глорія;footwear_socks;footwear_socks;UNCHANGED;AUTO_CONFIRMED_WITH_ATTRIBUTES;semantic_primary_product
pbztpxnim3xl;Комплект бронезахисту Kiborg GU gen.2 + плити NIJ IV + пакети Militex 2 класу —;armor_sets;armor_sets;UNCHANGED;AUTO_CONFIRMED_WITH_ATTRIBUTES;semantic_primary_product
pbzv59dgn134;Балістичний пакет BP150x150 Клас 1;armor_soft;armor_soft;UNCHANGED;AUTO_CONFIRMED_WITH_ATTRIBUTES;semantic_primary_product
pc00qf04ehr7;Маскувальна сітка M-Win Осінній мультикам. Маскування осінь, весна. 20х20 м (площа 400 кв.м.);camouflage_nets;camouflage_nets;UNCHANGED;AUTO_CONFIRMED_WITH_ATTRIBUTES;semantic_primary_product
pc2gh4grehny;Маскувальна сітка M-Win Весняний камуфляж. Маскування весна, літо. 4х9 м (площа 36 кв.м.);camouflage_nets;camouflage_nets;UNCHANGED;AUTO_CONFIRMED_WITH_ATTRIBUTES;semantic_primary_product
pc3lq3hum3ta;Антидронова сітка (6×8 м) вічко 50 мм, нитка 1,8 мм, чорна міцна сітка для захисту техніки та позицій;camouflage_antidrone;camouflage_antidrone;UNCHANGED;AUTO_CONFIRMED_WITH_ATTRIBUTES;semantic_primary_product
pc400876m3zh;Перехідник живлення Kiborg для заряджання телефона від FPV батареї XT60 4xUSB + Type-C PD;power_cables;power_cables;UNCHANGED;AUTO_CONFIRMED_WITH_ATTRIBUTES;semantic_primary_product
pc4wuwq8ehsr;Маскувальна сітка M-Win Світлий мультикам. Маскування весна, літо, осінь. 2х8 м (площа 16 кв.м.);camouflage_nets;camouflage_nets;UNCHANGED;AUTO_CONFIRMED_WITH_ATTRIBUTES;semantic_primary_product
pc55lkivehpq;Маскувальна сітка M-Win Листя осінь. Маскування весна, літо, осінь. 3х6 м (площа 18 кв.м.);camouflage_nets;camouflage_nets;UNCHANGED;AUTO_CONFIRMED_WITH_ATTRIBUTES;semantic_primary_product
pc5h5nmpogta;Тактичні штани Soft Shell UKR-TEC Ягуар 2;clothing_pants;clothing_pants;UNCHANGED;AUTO_CONFIRMED_WITH_ATTRIBUTES;semantic_primary_product
pc5o0ounm3t2;Антидронова сітка (5×6 м) вічко 100 мм, нитка 1,8 мм, чорна міцна сітка для захисту техніки та позицій;camouflage_antidrone;camouflage_antidrone;UNCHANGED;AUTO_CONFIRMED_WITH_ATTRIBUTES;semantic_primary_product
pc602816m3yj;Маскувальна сітка з основою індивідуального розміру (110грн кв.м.) Militex;camouflage_nets;camouflage_nets;UNCHANGED;AUTO_CONFIRMED_WITH_ATTRIBUTES;semantic_primary_product
pc6bpb2gn1bq;ТАКТИЧНІ ОКУЛЯРИ 5.11 AILERON SHIELD З 3 ЛІНЗАМИ;eye_protection_glasses;eye_protection_glasses;UNCHANGED;AUTO_CONFIRMED_WITH_ATTRIBUTES;semantic_primary_product
pc7rvzj9ehvs;Надміцна маскувальна сітка M-WIN 4,5х5 метри;camouflage_nets;camouflage_nets;UNCHANGED;AUTO_CONFIRMED_WITH_ATTRIBUTES;semantic_primary_product
pc7vq6ksm3yf;Маскувальна сітка з основою 3х5м Militex;camouflage_nets;camouflage_nets;UNCHANGED;AUTO_CONFIRMED_WITH_ATTRIBUTES;semantic_primary_product
pc8eb6ntm3vg;Водостійкі тактичні зимові штани FS RINGO;clothing_pants;clothing_pants;UNCHANGED;AUTO_CONFIRMED_WITH_ATTRIBUTES;semantic_primary_product
pc8h3hm1ehv3;Маскувальна сітка M-Win Хижак. Маскування осінь, весна. 3х8 м (площа 24 кв.м.);camouflage_nets;camouflage_nets;UNCHANGED;AUTO_CONFIRMED_WITH_ATTRIBUTES;semantic_primary_product
pc8xcregm41d;Сумка-рюкзак Kiborg ЗСУ з IRR-просоченням;bags_tactical;bags_backpacks;CHANGED_HIGH_CONFIDENCE;AUTO_CONFIRMED_WITH_ATTRIBUTES;semantic_primary_product
pc9bs09wehst;Маскувальна сітка M-Win Світлий мультикам. Маскування весна, літо, осінь. 3х4 м (площа 12 кв.м.);camouflage_nets;camouflage_nets;UNCHANGED;AUTO_CONFIRMED_WITH_ATTRIBUTES;semantic_primary_product
pcaofredn19p;Ремінь бойовий «SRB» (USA);load_bearing_belts;load_bearing_belts;UNCHANGED;AUTO_CONFIRMED_WITH_ATTRIBUTES;semantic_primary_product
pcayxey6ogqm;Рукавиці тактичні Combat безпалі;clothing_gloves;clothing_gloves;UNCHANGED;AUTO_CONFIRMED_WITH_ATTRIBUTES;semantic_primary_product
pcbe2hdxehq6;Маскувальна сітка M-Win мультикам. Маскування весна, літо. 5х6 м (площа 30 кв.м.);camouflage_nets;camouflage_nets;UNCHANGED;AUTO_CONFIRMED_WITH_ATTRIBUTES;semantic_primary_product
pcbkjl6qeht6;Маскувальна сітка M-Win Світлий мультикам. Маскування весна, літо, осінь. 6х8 м (площа 48 кв.м.);camouflage_nets;camouflage_nets;UNCHANGED;AUTO_CONFIRMED_WITH_ATTRIBUTES;semantic_primary_product
pcctcrq8ogpj;Куртка зимова UKR-TEC slimtex omni-heat, пиксель;clothing_jackets;clothing_jackets;UNCHANGED;AUTO_CONFIRMED_WITH_ATTRIBUTES;semantic_primary_product
pccw8249m3w9;Зарядний мульти пристрій універсальний для рацій Motorola серії DP4xxx, R7, R7a (6 осередків);communications_accessories;power_accessories;CHANGED_HIGH_CONFIDENCE;AUTO_CONFIRMED_WITH_ATTRIBUTES;semantic_primary_product
pcdv5oe2n19t;"Ремінь збройовий триточковий RAGNAROK ""Hel"" Gen.II QD";weapon_accessories_slings;weapon_accessories_slings;UNCHANGED;AUTO_CONFIRMED_WITH_ATTRIBUTES;semantic_primary_product
pce35x1em3zi;Підвісна система + подушки для шолому Team Wendy Cam Fit (R) GEN.2 V2;helmets_suspension;helmets_suspension;UNCHANGED;AUTO_CONFIRMED_WITH_ATTRIBUTES;semantic_primary_product
pcfq106wm3sm;Активні навушники Walker's Razor Slim Original;communications_headphones;communications_headphones;UNCHANGED;AUTO_CONFIRMED_WITH_ATTRIBUTES;semantic_primary_product
pciv3pkcm40j;Рукавиці Mechanix Specialty Hi-Dexterity;clothing_gloves;clothing_gloves;UNCHANGED;AUTO_CONFIRMED_WITH_ATTRIBUTES;semantic_primary_product
pcixti2dehrt;Маскувальна сітка M-Win Осінній мультикам. Маскування осінь, весна. Індивідуального розміру (ціна за 1 кв.м.);camouflage_nets;camouflage_nets;UNCHANGED;AUTO_CONFIRMED_WITH_ATTRIBUTES;semantic_primary_product
pcj6gz1sm3vb;В'язана шапка-балаклава;clothing_balaclavas;clothing_balaclavas;UNCHANGED;AUTO_CONFIRMED_WITH_ATTRIBUTES;semantic_primary_product
pcjg01tloguy;Штани тактичні Han Wild / мультикам;clothing_pants;clothing_pants;UNCHANGED;AUTO_CONFIRMED_WITH_ATTRIBUTES;semantic_primary_product
pck0z6jqehpz;Маскувальна сітка M-Win мультикам. Маскування весна, літо. 3х5 м (площа 15 кв.м.);camouflage_nets;camouflage_nets;UNCHANGED;AUTO_CONFIRMED_WITH_ATTRIBUTES;semantic_primary_product
pck5wacwm3wv;Зимова маскувальна сітка Militex 5х10м (площа 50 кв.м.);camouflage_nets;camouflage_nets;UNCHANGED;AUTO_CONFIRMED_WITH_ATTRIBUTES;semantic_primary_product
pckj19zrehr0;Маскувальна сітка M-WIN мультикам. Маскування зима. 7х10 м (площа 70 кв.м.);camouflage_nets;camouflage_nets;UNCHANGED;AUTO_CONFIRMED_WITH_ATTRIBUTES;semantic_primary_product
pcktsxbgogrs;Тактичний комбінезон Soft Shell;camouflage_nets;clothing_costumes;CHANGED_HIGH_CONFIDENCE;AUTO_CONFIRMED_WITH_ATTRIBUTES;semantic_primary_product
pckv60dsm3to;Балістичний захист 1 класу Militex для поясу РПС R-3 — S (84,6*17,7 см);load_bearing_rps;armor_soft;CHANGED_HIGH_CONFIDENCE;AUTO_CONFIRMED_WITH_ATTRIBUTES;semantic_primary_product
pcl38gbpehn9;Антимоскітна сітка на голову -WIN + підсумок-чохол в кольорі;clothing_headwear;field_hygiene;CHANGED_HIGH_CONFIDENCE;AUTO_CONFIRMED_WITH_ATTRIBUTES;semantic_primary_product
pclkz2woehs7;Маскувальна сітка M-Win Піксель. Маскування весна, літо, осінь. 4х4 м (площа 16 кв.м.);camouflage_nets;camouflage_nets;UNCHANGED;AUTO_CONFIRMED_WITH_ATTRIBUTES;semantic_primary_product
pcly2sb8eho4;Маскувальна сітка M-Win Весняний камуфляж. Маскування весна, літо. 7х10 м (площа 70 кв.м.);camouflage_nets;camouflage_nets;UNCHANGED;AUTO_CONFIRMED_WITH_ATTRIBUTES;semantic_primary_product
pclztlm2ehry;Маскувальна сітка M-Win Піксель. Маскування весна, літо, осінь. 2х4 м (площа 8 кв.м.);camouflage_nets;camouflage_nets;UNCHANGED;AUTO_CONFIRMED_WITH_ATTRIBUTES;semantic_primary_product
pcn98jgbm433;Шолом Sestan-Busch MID CUT (60-64);helmets_ballistic;helmets_ballistic;UNCHANGED;AUTO_CONFIRMED_WITH_ATTRIBUTES;semantic_primary_product
pcnzntnln14a;Додаткове кріплення на звуження прикладу;weapon_accessories_stocks;weapon_accessories_other;CHANGED_HIGH_CONFIDENCE;AUTO_CONFIRMED_WITH_ATTRIBUTES;semantic_primary_product
pcp2xvwxehpp;Маскувальна сітка M-Win Листя осінь. Маскування весна, літо, осінь. 10х10 м (площа 100 кв.м.);camouflage_nets;camouflage_nets;UNCHANGED;AUTO_CONFIRMED_WITH_ATTRIBUTES;semantic_primary_product
pcqk303xnqa9;"Анорак ""TRAVEL DEFENCE"" (Таслан + Мікрофліс)";clothing_fleece;clothing_jackets;CHANGED_HIGH_CONFIDENCE;AUTO_CONFIRMED_WITH_ATTRIBUTES;semantic_primary_product
pcqmpmr4n15y;Костюм (Кітель+Штани) розмір 54 (XL);clothing_costumes;clothing_costumes;UNCHANGED;AUTO_CONFIRMED_WITH_ATTRIBUTES;semantic_primary_product
pcqpgmi4m431;Шолом Sestan-Busch Fast M-(55-57 см);helmets_ballistic;helmets_ballistic;UNCHANGED;AUTO_CONFIRMED_WITH_ATTRIBUTES;semantic_primary_product
pcqwbyp3nqbe;"Футболка з рукавами "" WATER"" & (Трикотаж)";clothing_tshirts;clothing_tshirts;UNCHANGED;AUTO_CONFIRMED_WITH_ATTRIBUTES;semantic_primary_product
pcrk1nqcehn4;Анорак антимоскіт M-WIN;clothing_jackets;clothing_jackets;UNCHANGED;AUTO_CONFIRMED_WITH_ATTRIBUTES;semantic_primary_product
pct2g972nqb1;Сорочка бойова UBACS (Rip-Stop + CoolMax + Ribana);clothing_combat_shirts;clothing_combat_shirts;UNCHANGED;AUTO_CONFIRMED_WITH_ATTRIBUTES;semantic_primary_product
pct3c86inqbf;"Футболка UBACS тактична ""ANTITERROR II"" (CoolPass + Трикотаж)";clothing_combat_shirts;clothing_combat_shirts;UNCHANGED;AUTO_CONFIRMED_WITH_ATTRIBUTES;semantic_primary_product
pctd2titnqap;"Куртка бушлат зимова ""RAPTOR-3"" ВВЗ (мембрана + синтепон + Фліс)";clothing_jackets;clothing_jackets;UNCHANGED;AUTO_CONFIRMED_WITH_ATTRIBUTES;semantic_primary_product
pctic3gam42z;Шолом PE Fast NIJ IIIA;helmets_ballistic;helmets_ballistic;UNCHANGED;AUTO_CONFIRMED_WITH_ATTRIBUTES;semantic_primary_product
pcw2foennqad;"Кепка мілітарі ""TANK R"" (Rip-Stop)";clothing_headwear;clothing_headwear;UNCHANGED;AUTO_CONFIRMED_WITH_ATTRIBUTES;semantic_primary_product
pcxih1igehrx;Маскувальна сітка M-Win Піксель. Маскування весна, літо, осінь. 2х10 м (площа 20 кв.м.);camouflage_nets;camouflage_nets;UNCHANGED;AUTO_CONFIRMED_WITH_ATTRIBUTES;semantic_primary_product
pcxvsjb8m3u2;Балістичний пакет для РПС Kiborg R-1 розмір (S) 81,3*17,2 (1 клас захисту);armor_soft;armor_soft;UNCHANGED;AUTO_CONFIRMED_WITH_ATTRIBUTES;semantic_primary_product
pcxwfyn1n1bo;Тактичні захисні окуляри Crossbow Polarized із трьома змінними лінзами;eye_protection_glasses;eye_protection_glasses;UNCHANGED;AUTO_CONFIRMED_WITH_ATTRIBUTES;semantic_primary_product
pcz40q0pm3yc;Магазин FireON АК30 5,45*39;weapon_accessories_magazines;weapon_accessories_magazines;UNCHANGED;AUTO_CONFIRMED_WITH_ATTRIBUTES;semantic_primary_product
pczkto6on19q;Ремінь бойовий USA;load_bearing_belts;load_bearing_belts;UNCHANGED;AUTO_CONFIRMED_WITH_ATTRIBUTES;semantic_primary_product
pczo4fe9m3y3;Куртка Windproof Softshell вітрозахисна, водостійка, фліс 320 г/м2;clothing_jackets;clothing_jackets;UNCHANGED;AUTO_CONFIRMED_WITH_ATTRIBUTES;semantic_primary_product
pczvaskqm3sw;Антидронова сітка (12×6 м) вічко 100 мм, нитка 1,8 мм, чорна міцна сітка для захисту техніки та позицій;camouflage_antidrone;camouflage_antidrone;UNCHANGED;AUTO_CONFIRMED_WITH_ATTRIBUTES;semantic_primary_product
pd00ojx4ogrz;Тактичні демісезонні черевики Памір з підсиленим носком;footwear_shoes;footwear_shoes;UNCHANGED;AUTO_CONFIRMED_WITH_ATTRIBUTES;semantic_primary_product
pd0fvp0wehrc;Маскувальна сітка M-Win Осінній мультикам. Маскування осінь, весна. 3х10 м (площа 30 кв.м.);camouflage_nets;camouflage_nets;UNCHANGED;AUTO_CONFIRMED_WITH_ATTRIBUTES;semantic_primary_product
pd1guo6nognq;Берці зимові Кіборг;footwear_boots;footwear_boots;UNCHANGED;AUTO_CONFIRMED_WITH_ATTRIBUTES;semantic_primary_product
pd1k1pt7ogp4;Кросівки тактичні демісезонні Ukr-Tec;footwear_sneakers;footwear_sneakers;UNCHANGED;AUTO_CONFIRMED_WITH_ATTRIBUTES;semantic_primary_product
pd2ird1fnqaw;"Панама польова ""PHANTOM"" (Rip-Stop)";clothing_headwear;clothing_headwear;UNCHANGED;AUTO_CONFIRMED_WITH_ATTRIBUTES;semantic_primary_product
pd2iy45qehrh;Маскувальна сітка M-Win Осінній мультикам. Маскування осінь, весна. 4х5 м (площа 20 кв.м.);camouflage_nets;camouflage_nets;UNCHANGED;AUTO_CONFIRMED_WITH_ATTRIBUTES;semantic_primary_product
pd2m6ongehqy;Маскувальна сітка M-WIN мультикам. Маскування зима. 6х6 м (площа 36 кв.м.);camouflage_nets;camouflage_nets;UNCHANGED;AUTO_CONFIRMED_WITH_ATTRIBUTES;semantic_primary_product
pd34o8glehwe;Шолом FAST TEAM WENDY 2.0 балістичний NIJ IIIA. Каска тактична. Хакі.;helmets_ballistic;helmets_ballistic;UNCHANGED;AUTO_CONFIRMED_WITH_ATTRIBUTES;semantic_primary_product
pd3a8d9lm3zk;Підсумок для 1 гранати Militex Cordura original USA;pouches_grenades;pouches_grenades;UNCHANGED;AUTO_CONFIRMED_WITH_ATTRIBUTES;semantic_primary_product
pd3dicx4m3uz;Бронежилет Modular X-1 Kiborg (без підсумків);armor_vests;armor_vests;UNCHANGED;AUTO_CONFIRMED_WITH_ATTRIBUTES;semantic_primary_product
pd3mwe34m3w5;Денна кришка для PVS-14 і PVS-7;electronics_mounts;electronics_accessories;CHANGED_HIGH_CONFIDENCE;AUTO_CONFIRMED_WITH_ATTRIBUTES;semantic_primary_product
pd5i0mvrogrd;Тактична легка куртка;clothing_jackets;clothing_jackets;UNCHANGED;AUTO_CONFIRMED_WITH_ATTRIBUTES;semantic_primary_product
pd64awsrm3t7;Антидронова сітка (6×6 м) вічко 50 мм, нитка 1,8 мм, біла міцна сітка для захисту техніки та позицій;camouflage_antidrone;camouflage_antidrone;UNCHANGED;AUTO_CONFIRMED_WITH_ATTRIBUTES;semantic_primary_product
pd6asqpdehqv;Маскувальна сітка M-WIN мультикам. Маскування зима. 5х10 м (площа 50 кв.м.);camouflage_nets;camouflage_nets;UNCHANGED;AUTO_CONFIRMED_WITH_ATTRIBUTES;semantic_primary_product
pd6p37z3m41o;Тактична чорна футболка(поло) Militex;clothing_tshirts;clothing_tshirts;UNCHANGED;AUTO_CONFIRMED_WITH_ATTRIBUTES;semantic_primary_product
pd883balm40e;Рукавиці iTouch;clothing_gloves;clothing_gloves;UNCHANGED;AUTO_CONFIRMED_WITH_ATTRIBUTES;semantic_primary_product
pd8zakpmehrm;Маскувальна сітка M-Win Осінній мультикам. Маскування осінь, весна. 6х10 м (площа 60 кв.м.);camouflage_nets;camouflage_nets;UNCHANGED;AUTO_CONFIRMED_WITH_ATTRIBUTES;semantic_primary_product
pd9bfyafogrq;Тактична, військова флісова кофта;clothing_fleece;clothing_fleece;UNCHANGED;SUPPLIER_MAPPING;unambiguous_supplier_mapping
pda6zlvum3wt;Зимова маскувальна сітка Militex 2х5м (площа 10 кв.м.);camouflage_nets;camouflage_nets;UNCHANGED;AUTO_CONFIRMED_WITH_ATTRIBUTES;semantic_primary_product
pdakd922ehuf;Маскувальна сітка M-Win Темний мультикам. Маскування весна, літо, осінь. 4х7 м (площа 28 кв.м.);camouflage_nets;camouflage_nets;UNCHANGED;AUTO_CONFIRMED_WITH_ATTRIBUTES;semantic_primary_product
pdaqbz68m3xs;Комплект протиударних подушок для шолома GEN.2;helmets_ballistic;helmets_suspension;CHANGED_HIGH_CONFIDENCE;SUPPLIER_MAPPING;unambiguous_supplier_mapping
pdaxem3eogs9;Тактичні зимові черевики Фрегат;footwear_shoes;footwear_shoes;UNCHANGED;AUTO_CONFIRMED_WITH_ATTRIBUTES;semantic_primary_product
pdb0z63nm42r;Чоловічі берці Forester High SWAT F3560 Waterresistant;footwear_boots;footwear_boots;UNCHANGED;AUTO_CONFIRMED_WITH_ATTRIBUTES;semantic_primary_product
pdb6stacn14j;Збройовий ремінь Ragnarok «Katana»;weapon_accessories_slings;weapon_accessories_slings;UNCHANGED;AUTO_CONFIRMED_WITH_ATTRIBUTES;semantic_primary_product
pdc1ywgpm3x6;Зимові тактичні рукавички Mechanix M-Pact з утеплювачем Мультикам;clothing_gloves;clothing_gloves;UNCHANGED;AUTO_CONFIRMED_WITH_ATTRIBUTES;semantic_primary_product
pdc8l36pm3xn;Комплект бронеплит gen.2 Miilux 4,2мм 2 клаc захисту;armor_plates;armor_plates;UNCHANGED;AUTO_CONFIRMED_WITH_ATTRIBUTES;semantic_primary_product
pdco0uo0ehr8;Маскувальна сітка M-Win Осінній мультикам. Маскування осінь, весна. 2х3 м (площа 6 кв.м.);camouflage_nets;camouflage_nets;UNCHANGED;AUTO_CONFIRMED_WITH_ATTRIBUTES;semantic_primary_product
pddlw4cem3tu;Балістичний пакет 15*30 Militex (1 клас захисту);armor_soft;armor_soft;UNCHANGED;AUTO_CONFIRMED_WITH_ATTRIBUTES;semantic_primary_product
pde036lwogtv;Футболка темно-синя ДСНС (бавовна);clothing_tshirts;clothing_tshirts;UNCHANGED;AUTO_CONFIRMED_WITH_ATTRIBUTES;semantic_primary_product
pden6t6km3tf;Антидронова сітка основа 6*140м, вічко 150 мм, нитка 1 мм;camouflage_antidrone;camouflage_antidrone;UNCHANGED;AUTO_CONFIRMED_WITH_ATTRIBUTES;semantic_primary_product
pdes1rabehvu;Надміцна маскувальна сітка M-WIN 4,5х9 метри;camouflage_nets;camouflage_nets;UNCHANGED;AUTO_CONFIRMED_WITH_ATTRIBUTES;semantic_primary_product
pdgfecd1m3w8;Жіноча бойова сорочка UBACS для бронежилета;clothing_combat_shirts;clothing_combat_shirts;UNCHANGED;AUTO_CONFIRMED_WITH_ATTRIBUTES;semantic_primary_product
pdggr84oom0s;Шапка флісова;clothing_headwear;clothing_headwear;UNCHANGED;AUTO_CONFIRMED_WITH_ATTRIBUTES;semantic_primary_product
pdgnrk9mm3ze;Панама тактична РL-64 Militex;clothing_headwear;clothing_headwear;UNCHANGED;AUTO_CONFIRMED_WITH_ATTRIBUTES;semantic_primary_product
pdgwxwafm43a;PTT кнопка Opsmen Earmor M52 для радіо станції Kenwood і Baofeng;communications_ptt;communications_ptt;UNCHANGED;AUTO_CONFIRMED_WITH_ATTRIBUTES;semantic_primary_product
pdgzstysm412;Сумка-баул нейлон 100л;bags_duffel;bags_duffel;UNCHANGED;AUTO_CONFIRMED_WITH_ATTRIBUTES;semantic_primary_product
pdhrmhgln1b4;Тактична чоловіча флісова кофта, Колір: Розмір:;clothing_fleece;clothing_fleece;UNCHANGED;AUTO_CONFIRMED_WITH_ATTRIBUTES;semantic_primary_product
pdhy31w3ehw6;Подушка M-WIN;field_sleeping;field_other;CHANGED_HIGH_CONFIDENCE;AUTO_CONFIRMED_WITH_ATTRIBUTES;semantic_primary_product
pdifd5k9ogqp;Рюкзак тактичний 25л із системою Моллі;bags_tactical;bags_backpacks;CHANGED_HIGH_CONFIDENCE;AUTO_CONFIRMED_WITH_ATTRIBUTES;semantic_primary_product
pdjb6lsgm3yl;Маскувальна сітка Militex 3х2,5м (площа 7,5 кв.м.);camouflage_nets;camouflage_nets;UNCHANGED;AUTO_CONFIRMED_WITH_ATTRIBUTES;semantic_primary_product
pdjix0qhogq1;Маскувальний костюм зимовий.;camouflage_suits;camouflage_suits;UNCHANGED;AUTO_CONFIRMED_WITH_ATTRIBUTES;semantic_primary_product
pdjyj0vmehpx;Маскувальна сітка M-Win мультикам. Маскування весна, літо. 2х8 м (площа 16 кв.м.);camouflage_nets;camouflage_nets;UNCHANGED;AUTO_CONFIRMED_WITH_ATTRIBUTES;semantic_primary_product
pdkysfiyehvk;Надміцна маскувальна сітка M-WIN 1,5х5 метри;camouflage_nets;camouflage_nets;UNCHANGED;AUTO_CONFIRMED_WITH_ATTRIBUTES;semantic_primary_product
pdlrx9aom42b;Трьохсекційний каремат п'ятиточка П-3 Оксфорд;field_seats;field_seats;UNCHANGED;AUTO_CONFIRMED_WITH_ATTRIBUTES;semantic_primary_product
pdmnxfwsm42o;Хорватський Шолом Sestan-Busch Helmet L MID CUT;helmets_ballistic;helmets_ballistic;UNCHANGED;AUTO_CONFIRMED_WITH_ATTRIBUTES;semantic_primary_product
pdnb9s00m3u0;Балістичний пакет для напашника Kiborg 29*29*15 (1 клас захисту);armor_soft;armor_soft;UNCHANGED;AUTO_CONFIRMED_WITH_ATTRIBUTES;semantic_primary_product
pdnknmzkehpq;Маскувальна сітка M-Win Листя осінь. Маскування весна, літо, осінь. 5х10 м (площа 50 кв.м.);camouflage_nets;camouflage_nets;UNCHANGED;AUTO_CONFIRMED_WITH_ATTRIBUTES;semantic_primary_product
pdnv3xonehse;Маскувальна сітка M-Win Піксель. Маскування весна, літо, осінь. 6х7 м (площа 42 кв.м.);camouflage_nets;camouflage_nets;UNCHANGED;AUTO_CONFIRMED_WITH_ATTRIBUTES;semantic_primary_product
pdo42sjgm3vj;Гідратор на 3л із рюкзаком;bags_hydration;bags_hydration;UNCHANGED;AUTO_CONFIRMED_WITH_ATTRIBUTES;semantic_primary_product
pdo6nl4pn150;Каремат для сидіння 30x40x1 см Камуфляж;field_seats;field_seats;UNCHANGED;AUTO_CONFIRMED_WITH_ATTRIBUTES;semantic_primary_product
pdojimu6m3x1;Зимова маскувальна сітка Militex індивідуального розміру (50 грн за 1 кв.м.);camouflage_nets;camouflage_nets;UNCHANGED;AUTO_CONFIRMED_WITH_ATTRIBUTES;semantic_primary_product
pdow4ekeehu3;Маскувальна сітка M-WIN Темний камуфляж. Маскування осінь, зима, весна. Індивідуального розміру (ціна за 1 кв.м.);camouflage_nets;camouflage_nets;UNCHANGED;AUTO_CONFIRMED_WITH_ATTRIBUTES;semantic_primary_product
pdp5iwdvehw3;Панама тактична з короткими полями M-WIN NyCo розмір;clothing_headwear;clothing_headwear;UNCHANGED;AUTO_CONFIRMED_WITH_ATTRIBUTES;semantic_primary_product
pdpb6uxcehuj;Маскувальна сітка M-Win Темний мультикам. Маскування весна, літо, осінь. 5х8 м (площа 40 кв.м.);camouflage_nets;camouflage_nets;UNCHANGED;AUTO_CONFIRMED_WITH_ATTRIBUTES;semantic_primary_product
pdpeio5mogrk;Тактична сумка через плече нагрудна 5л;bags_shoulder;bags_shoulder;UNCHANGED;AUTO_CONFIRMED_WITH_ATTRIBUTES;semantic_primary_product
pdq0m97aogpo;Куртка тактична KODOR Soft Shell;clothing_jackets;clothing_jackets;UNCHANGED;AUTO_CONFIRMED_WITH_ATTRIBUTES;semantic_primary_product
pdqrbl4tm3v7;Бронеплити AP3-M BRONYX (1.4 кг/3 клас) 250*300 2шт;armor_plates;armor_plates;UNCHANGED;AUTO_CONFIRMED_WITH_ATTRIBUTES;semantic_primary_product
pdr22l1dogq2;Окуляри тактичні Daisy зі знімними лінзами D2;eye_protection_glasses;eye_protection_glasses;UNCHANGED;AUTO_CONFIRMED_WITH_ATTRIBUTES;semantic_primary_product
pdr80ufjm41y;Тактичні напівчеревики Бруклін Undolini;footwear_shoes;footwear_shoes;UNCHANGED;AUTO_CONFIRMED_WITH_ATTRIBUTES;semantic_primary_product
pdrn02i8m3t9;Антидронова сітка (6×7 м) вічко 50 мм, нитка 1,8 мм, чорна міцна сітка для захисту техніки та позицій;camouflage_antidrone;camouflage_antidrone;UNCHANGED;AUTO_CONFIRMED_WITH_ATTRIBUTES;semantic_primary_product
pdsz5i2pogo8;Водовідштовхуючий спрей для шкіри і текстилю Nasse Blocker;footwear_accessories;footwear_accessories;UNCHANGED;AUTO_CONFIRMED_WITH_ATTRIBUTES;semantic_primary_product
pdtufy7hm42p;Цівка для AK з планками пікатіні/M-LOK Key-Arma Polymer (KEY-200A);weapon_accessories_grips;weapon_accessories_grips;UNCHANGED;AUTO_CONFIRMED_WITH_ATTRIBUTES;semantic_primary_product
pduk02e5ogv7;Штани Soft Shell UKR-TEC з підсиленими вставками мультикам;clothing_pants;clothing_pants;UNCHANGED;AUTO_CONFIRMED_WITH_ATTRIBUTES;semantic_primary_product
pdv30u1nm3wz;Зимова маскувальна сітка Militex Альпійська клякса 5х5м (площа 25 кв.м.);camouflage_nets;camouflage_nets;UNCHANGED;AUTO_CONFIRMED_WITH_ATTRIBUTES;semantic_primary_product
pdv8jy1nm41d;Сумка-напашник Militex Cordura original USA з NIR-просоченням;field_fasteners;pouches_dangler;CHANGED_HIGH_CONFIDENCE;AUTO_CONFIRMED_WITH_ATTRIBUTES;semantic_primary_product
pdvn733iehqe;Маскувальна сітка M-Win мультикам. Маскування весна, літо. 9х10 м (площа 90 кв.м.);camouflage_nets;camouflage_nets;UNCHANGED;AUTO_CONFIRMED_WITH_ATTRIBUTES;semantic_primary_product
pdw6vhutm3sv;Антидронова сітка (11×6 м) вічко 100 мм, нитка 1,8 мм, чорна міцна сітка для захисту техніки та позицій;camouflage_antidrone;camouflage_antidrone;UNCHANGED;AUTO_CONFIRMED_WITH_ATTRIBUTES;semantic_primary_product
pdwgp0hgehnb;Балістичний захист попереку 2 клас M-WIN;armor_soft;armor_soft;UNCHANGED;AUTO_CONFIRMED_WITH_ATTRIBUTES;semantic_primary_product
pdwu7bxwnqaf;"Комплект ""TRAVEL DEFENCE"" 3 в 1 АНОРАК (Таслан + Мікрофліс)";clothing_fleece;clothing_jackets;CHANGED_HIGH_CONFIDENCE;AUTO_CONFIRMED_WITH_ATTRIBUTES;semantic_primary_product
pdy4idgkm40s;Смарт-сумка через плече Kiborg Tactic city bag Чорна;bags_shoulder;bags_shoulder;UNCHANGED;AUTO_CONFIRMED_WITH_ATTRIBUTES;semantic_primary_product
pdyag387eht0;Маскувальна сітка M-Win Світлий мультикам. Маскування весна, літо, осінь. 4х9 м (площа 36 кв.м.);camouflage_nets;camouflage_nets;UNCHANGED;AUTO_CONFIRMED_WITH_ATTRIBUTES;semantic_primary_product
pdydx11fehp1;Маскувальна сітка M-Win камуфляж. Маскування весна, літо, осінь. 2х10 м (площа 20 кв.м.);camouflage_nets;camouflage_nets;UNCHANGED;AUTO_CONFIRMED_WITH_ATTRIBUTES;semantic_primary_product
pdyshz5on135;Балістичний пакет BP192x155 Клас 2;armor_soft;armor_soft;UNCHANGED;AUTO_CONFIRMED_WITH_ATTRIBUTES;semantic_primary_product
pdzk7jedehru;Маскувальна сітка M-Win Піксель. Маскування весна, літо, осінь. 10х10 м (площа 100 кв.м.);camouflage_nets;camouflage_nets;UNCHANGED;AUTO_CONFIRMED_WITH_ATTRIBUTES;semantic_primary_product
pdzvw6dyehv6;Маскувальна сітка M-Win Хижак. Маскування осінь, весна. 4х7 м (площа 28 кв.м.);camouflage_nets;camouflage_nets;UNCHANGED;AUTO_CONFIRMED_WITH_ATTRIBUTES;semantic_primary_product
pe0i9lnnogps;Куртка тактична Soft Shell Ukr-Tec темно-синя, ДСНС;clothing_jackets;clothing_jackets;UNCHANGED;AUTO_CONFIRMED_WITH_ATTRIBUTES;semantic_primary_product
pe14xyj8ogoh;Каркасний багатофункціональний рюкзак 80 літрів / мультикам;bags_tactical;bags_backpacks;CHANGED_HIGH_CONFIDENCE;AUTO_CONFIRMED_WITH_ATTRIBUTES;semantic_primary_product
pe16ovtwm3zj;Підсумок аптечка з швидким скиданням Militex Cordura original USA;pouches_dump;pouches_medical;CHANGED_HIGH_CONFIDENCE;AUTO_CONFIRMED_WITH_ATTRIBUTES;semantic_primary_product
pe1bmhj8m3tu;Балістичний пакет 15*30 Militex (2 клас захисту);armor_soft;armor_soft;UNCHANGED;AUTO_CONFIRMED_WITH_ATTRIBUTES;semantic_primary_product
pe1jk10sm40q;Сітка «Павутиння» 0,6 мм — 11 × 105 м вічко 100 мм;camouflage_antidrone;__CATEGORY_REVIEW__;INSUFFICIENT_DATA;INSUFFICIENT_DATA;insufficient_primary_product
pe1jms7sehvt;Надміцна маскувальна сітка M-WIN 4,5х7 метри;camouflage_nets;camouflage_nets;UNCHANGED;AUTO_CONFIRMED_WITH_ATTRIBUTES;semantic_primary_product
pe3wshxan1cr;Шапка флісова Raptor Розмір;clothing_headwear;clothing_headwear;UNCHANGED;AUTO_CONFIRMED_WITH_ATTRIBUTES;semantic_primary_product
pe50yzj9ehrl;Маскувальна сітка M-Win Осінній мультикам. Маскування осінь, весна. 5х8 м (площа 40 кв.м.);camouflage_nets;camouflage_nets;UNCHANGED;AUTO_CONFIRMED_WITH_ATTRIBUTES;semantic_primary_product
pe6qk827m3y9;Лямки для ремінно-плечової системи (РПС) Militex | Cordura 1000D |;field_fasteners;load_bearing_shoulder;CHANGED_HIGH_CONFIDENCE;AUTO_CONFIRMED_WITH_ATTRIBUTES;semantic_primary_product
pe78lda2m3v6;"Бронеплити титаново-керамічні (6+ клас захисту) 25*30см ""анті Ігольник""";armor_plates;armor_plates;UNCHANGED;AUTO_CONFIRMED_WITH_ATTRIBUTES;semantic_primary_product
pe7rs6obehpp;Маскувальна сітка M-Win Листя осінь. Маскування весна, літо, осінь. 20х20 м (площа 400 кв.м.);camouflage_nets;camouflage_nets;UNCHANGED;AUTO_CONFIRMED_WITH_ATTRIBUTES;semantic_primary_product
pe8n615rehu4;Маскувальна сітка M-Win Темний мультикам. Маскування весна, літо, осінь. 10х15 м (площа 150 кв.м.);camouflage_nets;camouflage_nets;UNCHANGED;AUTO_CONFIRMED_WITH_ATTRIBUTES;semantic_primary_product
pe984m7tehqr;Маскувальна сітка M-WIN мультикам. Маскування зима. 4х10 м (площа 40 кв.м.);camouflage_nets;camouflage_nets;UNCHANGED;AUTO_CONFIRMED_WITH_ATTRIBUTES;semantic_primary_product
pea7uuj5m40q;Рюкзак тактичний з MOLLE Kiborg Cordura Squadron;bags_tactical;bags_backpacks;CHANGED_HIGH_CONFIDENCE;AUTO_CONFIRMED_WITH_ATTRIBUTES;semantic_primary_product
peafq7iiehsg;Маскувальна сітка M-Win Піксель. Маскування весна, літо, осінь. 7х10 м (площа 70 кв.м.);camouflage_nets;camouflage_nets;UNCHANGED;AUTO_CONFIRMED_WITH_ATTRIBUTES;semantic_primary_product
peclp0v8ehqw;Маскувальна сітка M-WIN мультикам. Маскування зима. 5х6 м (площа 30 кв.м.);camouflage_nets;camouflage_nets;UNCHANGED;AUTO_CONFIRMED_WITH_ATTRIBUTES;semantic_primary_product
pecwfb9pehne;Кавер на шолом FAST M-WIN;helmets_covers;helmets_covers;UNCHANGED;AUTO_CONFIRMED_WITH_ATTRIBUTES;semantic_primary_product
ped37o1rm3t4;Антидронова сітка (6×20 м) вічко 50 мм, нитка 1,8 мм, чорна міцна сітка для захисту техніки та позицій;camouflage_antidrone;camouflage_antidrone;UNCHANGED;AUTO_CONFIRMED_WITH_ATTRIBUTES;semantic_primary_product
ped9qzowehpq;Маскувальна сітка M-Win Листя осінь. Маскування весна, літо, осінь. 6х8 м (площа 48 кв.м.);camouflage_nets;camouflage_nets;UNCHANGED;AUTO_CONFIRMED_WITH_ATTRIBUTES;semantic_primary_product
pedmvblwm41n;Тактична футболка убакс G4 Kiborg з коротким рукавом койот+піксель;clothing_combat_shirts;clothing_combat_shirts;UNCHANGED;AUTO_CONFIRMED_WITH_ATTRIBUTES;semantic_primary_product
pedyafk3ogtj;Устілки для взуття амортизаційні, анатомічні;footwear_accessories;footwear_accessories;UNCHANGED;AUTO_CONFIRMED_WITH_ATTRIBUTES;semantic_primary_product
peeai3rvm3ww;Зимова маскувальна сітка Militex 6х10м (площа 60 кв.м.);camouflage_nets;camouflage_nets;UNCHANGED;AUTO_CONFIRMED_WITH_ATTRIBUTES;semantic_primary_product
peeevuk6m41e;Тактична анатомічна футболка;clothing_tshirts;clothing_tshirts;UNCHANGED;AUTO_CONFIRMED_WITH_ATTRIBUTES;semantic_primary_product
pefa28xsehuv;Маскувальна сітка M-Win Хижак. Маскування осінь, весна. 10х20 м (площа 200 кв.м.);camouflage_nets;camouflage_nets;UNCHANGED;AUTO_CONFIRMED_WITH_ATTRIBUTES;semantic_primary_product
pefztcayehr3;Маскувальна сітка M-WIN мультикам. Маскування зима. 8х8 м (площа 64 кв.м.);camouflage_nets;camouflage_nets;UNCHANGED;AUTO_CONFIRMED_WITH_ATTRIBUTES;semantic_primary_product
peg9q8oqm3te;Антидронова сітка основа 12*100м, вічко 40 мм, нитка 1.2мм;camouflage_antidrone;camouflage_antidrone;UNCHANGED;AUTO_CONFIRMED_WITH_ATTRIBUTES;semantic_primary_product
peh2210xn19w;Ремінь тактичний ЗСУ;load_bearing_belts;clothing_belts;CHANGED_HIGH_CONFIDENCE;AUTO_CONFIRMED_WITH_ATTRIBUTES;semantic_primary_product
peht2bizm3ue;Батарейка літієва ENERLIGHT Lithium ndustrial CR123A, 3V, bli 1;power_batteries;power_batteries;UNCHANGED;AUTO_CONFIRMED_WITH_ATTRIBUTES;semantic_primary_product
pehxjmz2m3tu;Балістичний пакет 15*20 Militex (2 клас захисту);armor_soft;armor_soft;UNCHANGED;AUTO_CONFIRMED_WITH_ATTRIBUTES;semantic_primary_product
pei3d6kvehvi;Маскувальний костюм-кікімора M-WIN Дубок Осінь;camouflage_suits;camouflage_suits;UNCHANGED;AUTO_CONFIRMED_WITH_ATTRIBUTES;semantic_primary_product
peimpeg5n187;Пальник газовий туристичний зі шлангом під балони;field_burners;field_burners;UNCHANGED;AUTO_CONFIRMED_WITH_ATTRIBUTES;semantic_primary_product
pejhjetjognu;Берці тактичні армійські літні;footwear_boots;footwear_boots;UNCHANGED;AUTO_CONFIRMED_WITH_ATTRIBUTES;semantic_primary_product
peji52smogs7;Тактичні зимові черевики Комбат, чорні;footwear_shoes;footwear_shoes;UNCHANGED;AUTO_CONFIRMED_WITH_ATTRIBUTES;semantic_primary_product
pelzery1m3y2;Кросівки Forester з анатомічною підтримкою стопи Biom;footwear_sneakers;footwear_sneakers;UNCHANGED;AUTO_CONFIRMED_WITH_ATTRIBUTES;semantic_primary_product
pemj82i9n16n;Міні мультитул Roxon M3 зі змінними бітами;tools_multitools;tools_multitools;UNCHANGED;AUTO_CONFIRMED_WITH_ATTRIBUTES;semantic_primary_product
pen17h2dm3ub;Балістичний шолом High Cut ECLIPSE GEN 2 SXE GROUP —;helmets_ballistic;helmets_ballistic;UNCHANGED;AUTO_CONFIRMED_WITH_ATTRIBUTES;semantic_primary_product
penr6vasehpy;Маскувальна сітка M-Win мультикам. Маскування весна, літо. 3х10 м (площа 30 кв.м.);camouflage_nets;camouflage_nets;UNCHANGED;AUTO_CONFIRMED_WITH_ATTRIBUTES;semantic_primary_product
pensesdnm40c;Розкладний каремат посилений (20мм+стропа) Kiborg К-2;field_mats;field_mats;UNCHANGED;AUTO_CONFIRMED_WITH_ATTRIBUTES;semantic_primary_product
peo8tsn7m3w9;Жіночі польові штани FS з корсетною посадкою;clothing_pants;clothing_pants;UNCHANGED;AUTO_CONFIRMED_WITH_ATTRIBUTES;semantic_primary_product
peo9km0hm3u0;Балістичний пакет для бронежилета Militex XL (спина 60,8*51,2 см/груди 41,9*45,9 см) 1 клас;armor_soft;armor_soft;UNCHANGED;AUTO_CONFIRMED_WITH_ATTRIBUTES;semantic_primary_product
peocc8ukn15o;Комплект полегшених керамічних захисних бронеплит;armor_plates;armor_plates;UNCHANGED;AUTO_CONFIRMED_WITH_ATTRIBUTES;semantic_primary_product
peofeblwm3tm;Балістичний захист 1 класу для плитоноски Militex Pro Series (S-M) 25,5*14,3 см камербанд, 1 шт;armor_carriers;armor_soft;CHANGED_HIGH_CONFIDENCE;AUTO_CONFIRMED_WITH_ATTRIBUTES;semantic_primary_product
peogyua1m3ue;Баф флісовий з регулятором;clothing_balaclavas;clothing_balaclavas;UNCHANGED;AUTO_CONFIRMED_WITH_ATTRIBUTES;semantic_primary_product
pep8nv0bogty;Футболка CoolPass;clothing_tshirts;clothing_tshirts;UNCHANGED;AUTO_CONFIRMED_WITH_ATTRIBUTES;semantic_primary_product
pepap0cxehsc;Маскувальна сітка M-Win Піксель. Маскування весна, літо, осінь. 5х8 м (площа 40 кв.м.);camouflage_nets;camouflage_nets;UNCHANGED;AUTO_CONFIRMED_WITH_ATTRIBUTES;semantic_primary_product
pepj101em3xm;Комплект бронеплит gen.2 Miilux 3- 3мм 2 клас (комплект 2 шт);armor_plates;armor_plates;UNCHANGED;AUTO_CONFIRMED_WITH_ATTRIBUTES;semantic_primary_product
pepqtxqvm3tp;Балістичний захист 2 класу для плитоноски Militex Pro Series (S-M) 25,5*14,3 см камербанд, 1 шт;armor_carriers;armor_soft;CHANGED_HIGH_CONFIDENCE;AUTO_CONFIRMED_WITH_ATTRIBUTES;semantic_primary_product
peq989l1ognx;Берці тактичні зимові Яструб чорні;footwear_boots;footwear_boots;UNCHANGED;AUTO_CONFIRMED_WITH_ATTRIBUTES;semantic_primary_product
peqlxqj2ogo0;Берці тактичні Ukr-Tec замшеві;footwear_boots;footwear_boots;UNCHANGED;AUTO_CONFIRMED_WITH_ATTRIBUTES;semantic_primary_product
per0yfe0m3xx;Кріплення адаптер J-arm для монокулярів NVLS;electronics_mounts;electronics_mounts;UNCHANGED;AUTO_CONFIRMED_WITH_ATTRIBUTES;semantic_primary_product
peslbeo1n188;Пальник газовий туристичний KL-S2-P;field_burners;field_burners;UNCHANGED;AUTO_CONFIRMED_WITH_ATTRIBUTES;semantic_primary_product
pesza73aehvi;Маскувальна сітка M-Win Хижак. Маскування осінь, весна. 9х9 м (площа 81 кв.м.);camouflage_nets;camouflage_nets;UNCHANGED;AUTO_CONFIRMED_WITH_ATTRIBUTES;semantic_primary_product
petq2vuvogtw;Футболка чорна (стрейч кулір);clothing_tshirts;clothing_tshirts;UNCHANGED;AUTO_CONFIRMED_WITH_ATTRIBUTES;semantic_primary_product
peud6xprm3zc;Односекційний килимок для сидіння П-1 Оксфорд;field_seats;field_seats;UNCHANGED;AUTO_CONFIRMED_WITH_ATTRIBUTES;semantic_primary_product
peueem4cehpq;Маскувальна сітка M-Win Листя осінь. Маскування весна, літо, осінь. 3х8 м (площа 24 кв.м.);camouflage_nets;camouflage_nets;UNCHANGED;AUTO_CONFIRMED_WITH_ATTRIBUTES;semantic_primary_product
peuk6sc9m41c;Сумка-напашник Kiborg GU з NIR-просоченням (Чорна);field_fasteners;pouches_dangler;CHANGED_HIGH_CONFIDENCE;AUTO_CONFIRMED_WITH_ATTRIBUTES;semantic_primary_product
pevd8eb7m40p;Рюкзак з MOLLE швидкоз'ємний;bags_tactical;bags_backpacks;CHANGED_HIGH_CONFIDENCE;AUTO_CONFIRMED_WITH_ATTRIBUTES;semantic_primary_product
pew4jyt9ogr2;Тактична бойова футболка UBACS;clothing_combat_shirts;clothing_combat_shirts;UNCHANGED;AUTO_CONFIRMED_WITH_ATTRIBUTES;semantic_primary_product
pewbg0coehsk;Маскувальна сітка M-Win Піксель. Маскування весна, літо, осінь. 9х9 м (площа 81 кв.м.);camouflage_nets;camouflage_nets;UNCHANGED;AUTO_CONFIRMED_WITH_ATTRIBUTES;semantic_primary_product
pewrpe0bm3uv;Бронежилет з збільшеною площею захисту Kiborg Modular X-1 (M) —;armor_vests;armor_vests;UNCHANGED;AUTO_CONFIRMED_WITH_ATTRIBUTES;semantic_primary_product
pex8gd47ehrh;Маскувальна сітка M-Win Осінній мультикам. Маскування осінь, весна. 4х6 м (площа 24 кв.м.);camouflage_nets;camouflage_nets;UNCHANGED;AUTO_CONFIRMED_WITH_ATTRIBUTES;semantic_primary_product
peygb4tgm40f;Рукавиці Mechanix -Pact;clothing_gloves;clothing_gloves;UNCHANGED;AUTO_CONFIRMED_WITH_ATTRIBUTES;semantic_primary_product
peyxaxyoehwa;Спальний мішок зимовий M-WIN Gen-2 Велетень (227х120 см);field_sleeping;field_sleeping;UNCHANGED;AUTO_CONFIRMED_WITH_ATTRIBUTES;semantic_primary_product
peyxckihm41l;Тактична футболка поло Military (50р);clothing_tshirts;clothing_tshirts;UNCHANGED;AUTO_CONFIRMED_WITH_ATTRIBUTES;semantic_primary_product
pez6he9tehuo;Маскувальна сітка M-Win Темний мультикам. Маскування весна, літо, осінь. 7х9 м (площа 63 кв.м.);camouflage_nets;camouflage_nets;UNCHANGED;AUTO_CONFIRMED_WITH_ATTRIBUTES;semantic_primary_product
pez8ct3um3wv;Зимова маскувальна сітка Militex 5х7м (площа 35 кв.м.);camouflage_nets;camouflage_nets;UNCHANGED;AUTO_CONFIRMED_WITH_ATTRIBUTES;semantic_primary_product
pezkjae2m3z4;Набір для чищення зброї GK-13;weapon_accessories_cleaning;weapon_accessories_cleaning;UNCHANGED;AUTO_CONFIRMED_WITH_ATTRIBUTES;semantic_primary_product
pf03gfnyogow;Кофта флісова тактична з капюшоном Грізлі;clothing_fleece;clothing_fleece;UNCHANGED;AUTO_CONFIRMED_WITH_ATTRIBUTES;semantic_primary_product
pf0irgynm3yb;Магазин для АК коробчатий прозорий темний;weapon_accessories_magazines;weapon_accessories_magazines;UNCHANGED;AUTO_CONFIRMED_WITH_ATTRIBUTES;semantic_primary_product
pf0lx3d7ehrq;Маскувальна сітка M-Win Осінній мультикам. Маскування осінь, весна. 7х8 м (площа 56 кв.м.);camouflage_nets;camouflage_nets;UNCHANGED;AUTO_CONFIRMED_WITH_ATTRIBUTES;semantic_primary_product
pf0q9rp3m3so;Акумулятор Westinghouse ICR18650F 2500 mAh 3.7V Li-ion Flat Top без захисту;power_batteries;power_batteries;UNCHANGED;AUTO_CONFIRMED_WITH_ATTRIBUTES;semantic_primary_product
pf0uoclrogpz;Майка військова бавовна;camouflage_nets;clothing_tshirts;CHANGED_HIGH_CONFIDENCE;AUTO_CONFIRMED_WITH_ATTRIBUTES;semantic_primary_product
pf11j7q7m40h;Рукавиці Mechanix M-Pact;clothing_gloves;clothing_gloves;UNCHANGED;AUTO_CONFIRMED_WITH_ATTRIBUTES;semantic_primary_product
pf1b8bkin12y;Багатофункціональний шестигранний ключ;tools_tools;tools_tools;UNCHANGED;AUTO_CONFIRMED_WITH_ATTRIBUTES;semantic_primary_product
pf237mf7m3xy;"Кріплення для активних наушників ""Чебурашки"" EARMOR";helmets_mounts;communications_accessories;CHANGED_HIGH_CONFIDENCE;AUTO_CONFIRMED_WITH_ATTRIBUTES;semantic_primary_product
pf2nsye4n158;Кишеня під балістичний пакет Warrior Spirit 20*15 см;armor_accessories;armor_accessories;UNCHANGED;AUTO_CONFIRMED_WITH_ATTRIBUTES;semantic_primary_product
pf2r32lqogq4;Панама камуфляжна НГУ;camouflage_nets;clothing_headwear;CHANGED_HIGH_CONFIDENCE;AUTO_CONFIRMED_WITH_ATTRIBUTES;semantic_primary_product
pf403nl7ehnj;Магазин для АК 5.45 х 39 мм на 30 патронів з вікном;weapon_accessories_magazines;weapon_accessories_magazines;UNCHANGED;AUTO_CONFIRMED_WITH_ATTRIBUTES;semantic_primary_product
pf4cfwd1n19y;Розвантажувальний пояс тактичний (РПС) з комплектом підсумків (5 шт) Palianytsia Advanced;load_bearing_rps;load_bearing_belts;CHANGED_HIGH_CONFIDENCE;AUTO_CONFIRMED_WITH_ATTRIBUTES;semantic_primary_product
pf4rsa2dm3yq;Маскувальна сітка Militex Листя осінь 3х2,5м (площа 7,5 кв.м.);camouflage_nets;camouflage_nets;UNCHANGED;AUTO_CONFIRMED_WITH_ATTRIBUTES;semantic_primary_product
pf4y96t0ehos;Маскувальна сітка M-Win Зелене листя. Маскування весна, літо. 6х6 м (площа 36 кв.м.);camouflage_nets;camouflage_nets;UNCHANGED;AUTO_CONFIRMED_WITH_ATTRIBUTES;semantic_primary_product
pf6l8r1nehps;Маскувальна сітка M-Win мультикам. Маскування весна, літо. 10х20 м (площа 200 кв.м.);camouflage_nets;camouflage_nets;UNCHANGED;AUTO_CONFIRMED_WITH_ATTRIBUTES;semantic_primary_product
pf6uh0heehnx;Маскувальна сітка M-Win Весняний камуфляж. Маскування весна, літо. 4х8 м (площа 32 кв.м.);camouflage_nets;camouflage_nets;UNCHANGED;AUTO_CONFIRMED_WITH_ATTRIBUTES;semantic_primary_product
pf77dba9m427;Термошкарпетки «Viva blue»;footwear_socks;footwear_socks;UNCHANGED;AUTO_CONFIRMED_WITH_ATTRIBUTES;semantic_primary_product
pf7l2j0ym3w0;Двоточковий збройовий ремінь зі швидким регулюванням USA з металевими карабінами (2шт);weapon_accessories_slings;weapon_accessories_slings;UNCHANGED;AUTO_CONFIRMED_WITH_ATTRIBUTES;semantic_primary_product
pf7mzfy0m42c;"Турнікет кровоспинний ""ДНІПРО"" GEN 2";medical_tourniquets;medical_tourniquets;UNCHANGED;AUTO_CONFIRMED_WITH_ATTRIBUTES;semantic_primary_product
pf8ik885m431;Шолом Sestan-Busch Mich;helmets_ballistic;helmets_ballistic;UNCHANGED;AUTO_CONFIRMED_WITH_ATTRIBUTES;semantic_primary_product
pf98gnwym3ty;Балістичний пакет для бронежилета Militex камербанди 2шт. M/19,4*14,2 см (1 клас);armor_soft;armor_soft;UNCHANGED;AUTO_CONFIRMED_WITH_ATTRIBUTES;semantic_primary_product
pf9chyeem3w1;Демісезонна куртка з прихованим капюшоном та водонепроникними блискавками;clothing_jackets;clothing_jackets;UNCHANGED;AUTO_CONFIRMED_WITH_ATTRIBUTES;semantic_primary_product
pf9oxgblm434;Шолом SHC BURAN 4.0 матеріал арамір Super High Cut, (56–59 см);helmets_ballistic;helmets_ballistic;UNCHANGED;AUTO_CONFIRMED_WITH_ATTRIBUTES;semantic_primary_product
pfa0iukam3y6;Літні трекінгові шкарпетки «Базові»;footwear_socks;footwear_socks;UNCHANGED;AUTO_CONFIRMED_WITH_ATTRIBUTES;semantic_primary_product
pfa7dt6qehrr;Маскувальна сітка M-Win Осінній мультикам. Маскування осінь, весна. 8х8 м (площа 64 кв.м.);camouflage_nets;camouflage_nets;UNCHANGED;AUTO_CONFIRMED_WITH_ATTRIBUTES;semantic_primary_product
pfbcqo6behu5;Маскувальна сітка M-Win Темний мультикам. Маскування весна, літо, осінь. 20х20 м (площа 400 кв.м.);camouflage_nets;camouflage_nets;UNCHANGED;AUTO_CONFIRMED_WITH_ATTRIBUTES;semantic_primary_product
pfckjx24ogoq;Кофта тактична чоловіча флісова;clothing_fleece;clothing_fleece;UNCHANGED;AUTO_CONFIRMED_WITH_ATTRIBUTES;semantic_primary_product
pfdkdpd8m3xe;Кепка «Німка» тактична Militex;clothing_headwear;clothing_headwear;UNCHANGED;AUTO_CONFIRMED_WITH_ATTRIBUTES;semantic_primary_product
pfdozqc2ehpi;Маскувальна сітка M-Win камуфляж. Маскування весна, літо, осінь. 6х7 м (площа 42 кв.м.);camouflage_nets;camouflage_nets;UNCHANGED;AUTO_CONFIRMED_WITH_ATTRIBUTES;semantic_primary_product
pfdzh22pm3tl;Балістичний бронекомплект для бронежилета захист спини та грудного відділу;armor_sets;armor_sets;UNCHANGED;AUTO_CONFIRMED_WITH_ATTRIBUTES;semantic_primary_product
pfe7cfg9m3wg;Захист попереку з балістичним захистом 2 клас Kiborg;armor_sets;armor_soft;CHANGED_HIGH_CONFIDENCE;AUTO_CONFIRMED_WITH_ATTRIBUTES;semantic_primary_product
pfe7pag9m3z7;Набір Пояс РПС Kiborg R-1 GEN.2 + підсумки;load_bearing_rps;load_bearing_belts;CHANGED_HIGH_CONFIDENCE;AUTO_CONFIRMED_WITH_ATTRIBUTES;semantic_primary_product
pffi89yfm42u;Шапка флісова;clothing_headwear;clothing_headwear;UNCHANGED;AUTO_CONFIRMED_WITH_ATTRIBUTES;semantic_primary_product
pfgdp04sogu3;Черевики тактичні всесезонні Варвар, чорні;footwear_shoes;footwear_shoes;UNCHANGED;AUTO_CONFIRMED_WITH_ATTRIBUTES;semantic_primary_product
pfgser2oehvy;Надміцна маскувальна сітка M-WIN 7,5х4 метри;camouflage_nets;camouflage_nets;UNCHANGED;AUTO_CONFIRMED_WITH_ATTRIBUTES;semantic_primary_product
pfh37ns9m3z3;Металеве кріплення для ПНБ Wilcox L4 G30 NVG Mount;electronics_mounts;electronics_mounts;UNCHANGED;AUTO_CONFIRMED_WITH_ATTRIBUTES;semantic_primary_product
pfhowsshn1ay;Сумка тактична на пояс Military Rangers;bags_tactical_bags;bags_tactical_bags;UNCHANGED;AUTO_CONFIRMED_WITH_ATTRIBUTES;semantic_primary_product
pfi6s1uuehtt;Маскувальна сітка M-WIN Темний камуфляж. Маскування осінь, зима, весна. 5х5 м (площа 25 кв.м.);camouflage_nets;camouflage_nets;UNCHANGED;AUTO_CONFIRMED_WITH_ATTRIBUTES;semantic_primary_product
pfj0ttp9m3wl;Зимова куртка Call Dragon GEN I;clothing_jackets;clothing_jackets;UNCHANGED;AUTO_CONFIRMED_WITH_ATTRIBUTES;semantic_primary_product
pfjcpm04ehqz;Маскувальна сітка M-WIN мультикам. Маскування зима. 6х8 м (площа 48 кв.м.);camouflage_nets;camouflage_nets;UNCHANGED;AUTO_CONFIRMED_WITH_ATTRIBUTES;semantic_primary_product
pfjojrolm3w2;Демісезонний костюм Softshell Kiborg;clothing_costumes;clothing_costumes;UNCHANGED;AUTO_CONFIRMED_WITH_ATTRIBUTES;semantic_primary_product
pfjoujuyogqk;Ремінь тактичний зі швидкою застібкою Cobra;clothing_belts;clothing_belts;UNCHANGED;AUTO_CONFIRMED_WITH_ATTRIBUTES;semantic_primary_product
pfjukqnyehwb;Сумка-напашник M-WIN Large LC;camouflage_nets;pouches_dangler;CHANGED_HIGH_CONFIDENCE;AUTO_CONFIRMED_WITH_ATTRIBUTES;semantic_primary_product
pfkemb87n12s;Акумуляторний LED ліхтарик D51 з запальничкою;lighting_handheld;lighting_handheld;UNCHANGED;AUTO_CONFIRMED_WITH_ATTRIBUTES;semantic_primary_product
pfky7wozogpf;Кросівки тактичні, Шершень;footwear_sneakers;footwear_sneakers;UNCHANGED;AUTO_CONFIRMED_WITH_ATTRIBUTES;semantic_primary_product
pfl5vccunqao;"Куртка ""URBAN SCOUT"" (SoftShell)";clothing_jackets;clothing_jackets;UNCHANGED;AUTO_CONFIRMED_WITH_ATTRIBUTES;semantic_primary_product
pfm7gl6hm3sz;Антидронова сітка (2×6 м) вічко 50 мм, нитка 1,8 мм, чорна міцна сітка для захисту техніки та позицій;camouflage_antidrone;camouflage_antidrone;UNCHANGED;AUTO_CONFIRMED_WITH_ATTRIBUTES;semantic_primary_product
pfn26jiem41u;Тактичні зимові рукавиці SoftShell з утеплювачем;clothing_gloves;clothing_gloves;UNCHANGED;AUTO_CONFIRMED_WITH_ATTRIBUTES;semantic_primary_product
pfn4pew4m438;Штани STRIKER GEN II з матеріалу NYKO + вставки Cordura 500D;clothing_pants;clothing_pants;UNCHANGED;AUTO_CONFIRMED_WITH_ATTRIBUTES;semantic_primary_product
pfnhqnzjnqa8;"Анорак ""SUMMER DEFENCE"" (Плащівка + Сітка)";clothing_jackets;clothing_jackets;UNCHANGED;AUTO_CONFIRMED_WITH_ATTRIBUTES;semantic_primary_product
pfo1b9onm3za;Нубукові кросівки Forester Biom;footwear_sneakers;footwear_sneakers;UNCHANGED;AUTO_CONFIRMED_WITH_ATTRIBUTES;semantic_primary_product
pfo9hquxehwd;Термобілизна Термофліс 2-го покоління (квадратики). Койот. Розмір;clothing_thermal;clothing_thermal;UNCHANGED;AUTO_CONFIRMED_WITH_ATTRIBUTES;semantic_primary_product
pfogfhlbehvu;Надміцна маскувальна сітка M-WIN 6х10 метри;camouflage_nets;camouflage_nets;UNCHANGED;AUTO_CONFIRMED_WITH_ATTRIBUTES;semantic_primary_product
pfopk038m41b;Сумка-напашник Kiborg GU;field_fasteners;pouches_dangler;CHANGED_HIGH_CONFIDENCE;AUTO_CONFIRMED_WITH_ATTRIBUTES;semantic_primary_product
pfpav1irm3t7;Антидронова сітка (6×6 м) вічко 50 мм, нитка 1,8 мм, чорна міцна сітка для захисту техніки та позицій;camouflage_antidrone;camouflage_antidrone;UNCHANGED;AUTO_CONFIRMED_WITH_ATTRIBUTES;semantic_primary_product
pfqmfxl6ogsx;Тактичні чоловічі черевики ATTACK чорні;footwear_shoes;footwear_shoes;UNCHANGED;AUTO_CONFIRMED_WITH_ATTRIBUTES;semantic_primary_product
pfta2yzyogtf;Термобілизна;clothing_thermal;clothing_thermal;UNCHANGED;AUTO_CONFIRMED_WITH_ATTRIBUTES;semantic_primary_product
pftexz6jm3ss;Акумуляторна батарея 5000 mAh з USB-C для радіостанцій Motorola DP / XPR / XiR / APX;power_stations;power_batteries;CHANGED_HIGH_CONFIDENCE;AUTO_CONFIRMED_WITH_ATTRIBUTES;semantic_primary_product
pfw1kqk0m3t3;Антидронова сітка (6×10 м) вічко 50 мм, нитка 1,8 мм, міцна сітка для захисту техніки та позицій;camouflage_antidrone;camouflage_antidrone;UNCHANGED;AUTO_CONFIRMED_WITH_ATTRIBUTES;semantic_primary_product
pfx1lq63m428;Термошкарпетки «Viva green»;footwear_socks;footwear_socks;UNCHANGED;AUTO_CONFIRMED_WITH_ATTRIBUTES;semantic_primary_product
pfydp7gzm3xe;Кейс (чохол) для зброї Kiborg Weapon Case 105х30х10;weapon_accessories_cases;weapon_accessories_cases;UNCHANGED;AUTO_CONFIRMED_WITH_ATTRIBUTES;semantic_primary_product
pfzmys3zm3x6;Зимові рукавиці Softshell;clothing_gloves;clothing_gloves;UNCHANGED;AUTO_CONFIRMED_WITH_ATTRIBUTES;semantic_primary_product
pg05nqf8ognf;Бейсболка тактична, кепка;clothing_headwear;clothing_headwear;UNCHANGED;AUTO_CONFIRMED_WITH_ATTRIBUTES;semantic_primary_product
pg08gxbnehvn;Надміцна маскувальна сітка M-WIN 3х10 метри;camouflage_nets;camouflage_nets;UNCHANGED;AUTO_CONFIRMED_WITH_ATTRIBUTES;semantic_primary_product
pg0aeh0rm40j;Рукавиці Mechanix Specialty Vent;clothing_gloves;clothing_gloves;UNCHANGED;AUTO_CONFIRMED_WITH_ATTRIBUTES;semantic_primary_product
pg0sdcrgm3ya;Магазин для АК коробчатий з вікном для контролю кількості заряду патронів;weapon_accessories_magazines;weapon_accessories_magazines;UNCHANGED;AUTO_CONFIRMED_WITH_ATTRIBUTES;semantic_primary_product
pg1hc8wmeht9;Маскувальна сітка M-Win Світлий мультикам. Маскування весна, літо, осінь. 7х9 м (площа 63 кв.м.);camouflage_nets;camouflage_nets;UNCHANGED;AUTO_CONFIRMED_WITH_ATTRIBUTES;semantic_primary_product
pg1hu09vehpk;Маскувальна сітка M-Win камуфляж. Маскування весна, літо, осінь. 6х9 м (площа 54 кв.м.);camouflage_nets;camouflage_nets;UNCHANGED;AUTO_CONFIRMED_WITH_ATTRIBUTES;semantic_primary_product
pg1s1fdlehtb;Маскувальна сітка M-Win Світлий мультикам. Маскування весна, літо, осінь. 8х9 м (площа 72 кв.м.);camouflage_nets;camouflage_nets;UNCHANGED;AUTO_CONFIRMED_WITH_ATTRIBUTES;semantic_primary_product
pg1we8jdm3yv;Маскувальна сітка Militex Мультикам бруд 2х5м (площа 10 кв.м.);camouflage_nets;camouflage_nets;UNCHANGED;AUTO_CONFIRMED_WITH_ATTRIBUTES;semantic_primary_product
pg2pycj8ehua;Маскувальна сітка M-Win Темний мультикам. Маскування весна, літо, осінь. 3х10 м (площа 30 кв.м.);camouflage_nets;camouflage_nets;UNCHANGED;AUTO_CONFIRMED_WITH_ATTRIBUTES;semantic_primary_product
pg2sadjnm3wk;Захист шиї mod. 1 Kiborg з балістичним захистом 2 клас Militex;armor_sets;armor_soft;CHANGED_HIGH_CONFIDENCE;AUTO_CONFIRMED_WITH_ATTRIBUTES;semantic_primary_product
pg2z1ahom3yj;Маскувальна сітка Militex 10х10м (площа 100 кв.м.);camouflage_nets;camouflage_nets;UNCHANGED;AUTO_CONFIRMED_WITH_ATTRIBUTES;semantic_primary_product
pg4prt8fehsj;Маскувальна сітка M-Win Піксель. Маскування весна, літо, осінь. 9х10 м (площа 90 кв.м.);camouflage_nets;camouflage_nets;UNCHANGED;AUTO_CONFIRMED_WITH_ATTRIBUTES;semantic_primary_product
pg4xc7cjm42b;Трьохсекційни килимок (каремат) для сидіння мультика Cordura 1000D;field_seats;field_seats;UNCHANGED;AUTO_CONFIRMED_WITH_ATTRIBUTES;semantic_primary_product
pg51rneyehr9;Маскувальна сітка M-Win Осінній мультикам. Маскування осінь, весна. 2х5 м (площа 10 кв.м.);camouflage_nets;camouflage_nets;UNCHANGED;AUTO_CONFIRMED_WITH_ATTRIBUTES;semantic_primary_product
pg6ip6a3ogut;Штани тактичні НГУ;clothing_pants;clothing_pants;UNCHANGED;AUTO_CONFIRMED_WITH_ATTRIBUTES;semantic_primary_product
pg6w4oefogs4;Тактичні зимові берці Памір;footwear_boots;footwear_boots;UNCHANGED;AUTO_CONFIRMED_WITH_ATTRIBUTES;semantic_primary_product
pg6z4glfnqbc;"Футболка з принтом ""SPARTANS"" (Бавовна)";clothing_tshirts;clothing_tshirts;UNCHANGED;AUTO_CONFIRMED_WITH_ATTRIBUTES;semantic_primary_product
pg72flologpl;Куртка тактична зимова UKR-TEC slimtex / omni-heat;clothing_jackets;clothing_jackets;UNCHANGED;AUTO_CONFIRMED_WITH_ATTRIBUTES;semantic_primary_product
pg7oijbsogqy;Сумка тактична через плече 7л, чорна;bags_shoulder;bags_shoulder;UNCHANGED;AUTO_CONFIRMED_WITH_ATTRIBUTES;semantic_primary_product
pg9djcwzehub;Маскувальна сітка M-Win Темний мультикам. Маскування весна, літо, осінь. 3х5 м (площа 15 кв.м.);camouflage_nets;camouflage_nets;UNCHANGED;AUTO_CONFIRMED_WITH_ATTRIBUTES;semantic_primary_product
pgan4drreht3;Маскувальна сітка M-Win Світлий мультикам. Маскування весна, літо, осінь. 5х8 м (площа 40 кв.м.);camouflage_nets;camouflage_nets;UNCHANGED;AUTO_CONFIRMED_WITH_ATTRIBUTES;semantic_primary_product
pgatrs76m3t6;Антидронова сітка (6×45 м) вічко 50 мм, нитка 1,8 мм, чорна міцна сітка для захисту техніки та позицій;camouflage_antidrone;camouflage_antidrone;UNCHANGED;AUTO_CONFIRMED_WITH_ATTRIBUTES;semantic_primary_product
pgauy7agnqas;"Куртка тактична ""SHTORM"" (мембрана + Фліс)";clothing_jackets;clothing_jackets;UNCHANGED;AUTO_CONFIRMED_WITH_ATTRIBUTES;semantic_primary_product
pgauz5s9ehs9;Маскувальна сітка M-Win Піксель. Маскування весна, літо, осінь. 4х8 м (площа 32 кв.м.);camouflage_nets;camouflage_nets;UNCHANGED;AUTO_CONFIRMED_WITH_ATTRIBUTES;semantic_primary_product
pgavyatfogtq;Футболка (стрейч кулір);clothing_tshirts;clothing_tshirts;UNCHANGED;AUTO_CONFIRMED_WITH_ATTRIBUTES;semantic_primary_product
pgb6fyqqehpp;Маскувальна сітка M-Win Листя осінь. Маскування весна, літо, осінь. 10х20 м (площа 200 кв.м.);camouflage_nets;camouflage_nets;UNCHANGED;AUTO_CONFIRMED_WITH_ATTRIBUTES;semantic_primary_product
pgbffrygm3ze;Панама тактична РL-63 Militex;clothing_headwear;clothing_headwear;UNCHANGED;AUTO_CONFIRMED_WITH_ATTRIBUTES;semantic_primary_product
pgbj9qqmogof;Зимові універсальні рукавички Soft Shell;clothing_gloves;clothing_gloves;UNCHANGED;AUTO_CONFIRMED_WITH_ATTRIBUTES;semantic_primary_product
pgc05g3zm439;PTT кнопка Opsmen Earmor M51 для радіо станції Motorola DP series;communications_ptt;communications_ptt;UNCHANGED;AUTO_CONFIRMED_WITH_ATTRIBUTES;semantic_primary_product
pgcmbkc3m3u3;Балістичний пакет Militex для бронежилета (захист грудного відділу) 39*37,3 (2 клас захисту);armor_soft;armor_soft;UNCHANGED;AUTO_CONFIRMED_WITH_ATTRIBUTES;semantic_primary_product
pgcnxiizehvv;Надміцна маскувальна сітка M-WIN 6х5 метри;camouflage_nets;camouflage_nets;UNCHANGED;AUTO_CONFIRMED_WITH_ATTRIBUTES;semantic_primary_product
pgd87lljehpp;Маскувальна сітка M-Win Листя осінь. Маскування весна, літо, осінь. 3х10 м (площа 30 кв.м.);camouflage_nets;camouflage_nets;UNCHANGED;AUTO_CONFIRMED_WITH_ATTRIBUTES;semantic_primary_product
pgdf6n9nm3wr;Зимова маскувальна сітка з основою 6х8м Militex Зимовий мультикам;camouflage_nets;camouflage_nets;UNCHANGED;AUTO_CONFIRMED_WITH_ATTRIBUTES;semantic_primary_product
pge104e6m3zt;Плитоноска Kiborg GU Gen.2 рожева з системою MOLLE, бронежилет під плити;armor_vests;armor_carriers;CHANGED_HIGH_CONFIDENCE;AUTO_CONFIRMED_WITH_ATTRIBUTES;semantic_primary_product
pge8ezuon1ct;Шкарпетки Літні База р.;footwear_socks;footwear_socks;UNCHANGED;AUTO_CONFIRMED_WITH_ATTRIBUTES;semantic_primary_product
pgf8sus7oguq;Штани ріп-стоп темно-сині ДСНС;clothing_pants;clothing_pants;UNCHANGED;AUTO_CONFIRMED_WITH_ATTRIBUTES;semantic_primary_product
pgfnr22aehq9;Маскувальна сітка M-Win мультикам. Маскування весна, літо. 6х8 м (площа 48 кв.м.);camouflage_nets;camouflage_nets;UNCHANGED;AUTO_CONFIRMED_WITH_ATTRIBUTES;semantic_primary_product
pgfx6oeqm3y0;Кріплення J-arm для AGM Wolf-14 NL2;electronics_mounts;electronics_mounts;UNCHANGED;AUTO_CONFIRMED_WITH_ATTRIBUTES;semantic_primary_product
pggbyqb8m3tv;Балістичний пакет 25*30 Militex (1 клас захисту);armor_soft;armor_soft;UNCHANGED;AUTO_CONFIRMED_WITH_ATTRIBUTES;semantic_primary_product
pghmoz63ogsn;Тактичні рукавички зимові;clothing_gloves;clothing_gloves;UNCHANGED;AUTO_CONFIRMED_WITH_ATTRIBUTES;semantic_primary_product
pghxi8kqogsa;Тактичні зимові шкіряні берці Пегас;footwear_boots;footwear_boots;UNCHANGED;AUTO_CONFIRMED_WITH_ATTRIBUTES;semantic_primary_product
pghzwed8m42n;Футболка Coolmax;clothing_tshirts;clothing_tshirts;UNCHANGED;AUTO_CONFIRMED_WITH_ATTRIBUTES;semantic_primary_product
pgi1gkxvehwa;Рюкзак-сумка для 8–10 FPV дронів BigNest M-WIN;bags_tactical;bags_backpacks;CHANGED_HIGH_CONFIDENCE;AUTO_CONFIRMED_WITH_ATTRIBUTES;semantic_primary_product
pgig4fwrm3yl;Маскувальна сітка Militex 2х5м (площа 10 кв.м.);camouflage_nets;camouflage_nets;UNCHANGED;AUTO_CONFIRMED_WITH_ATTRIBUTES;semantic_primary_product
pgim4v7rehnd;Бронежилет тактичний Swift Eagle M-WIN. Плитоноска GEN.2 XL-XXL. Комплект;armor_vests;armor_vests;UNCHANGED;AUTO_CONFIRMED_WITH_ATTRIBUTES;semantic_primary_product
pgj0pdjjm434;Шорти тактичні Oper FS Rip-Stop;clothing_shorts;clothing_shorts;UNCHANGED;AUTO_CONFIRMED_WITH_ATTRIBUTES;semantic_primary_product
pgj464fyn1b7;"Тактичний підсумок ""Warrior Spirit"" під магазин, жорсткий зі знімним клапаном";pouches_magazines;pouches_magazines;UNCHANGED;AUTO_CONFIRMED_WITH_ATTRIBUTES;semantic_primary_product
pgjb8d1iogu1;Черевики Патріот демісезонні чорні;footwear_shoes;footwear_shoes;UNCHANGED;AUTO_CONFIRMED_WITH_ATTRIBUTES;semantic_primary_product
pgk32fbxehnj;М'який балістичний пакет 2 класу 150х300 мм - 1 шт.;armor_soft;armor_soft;UNCHANGED;AUTO_CONFIRMED_WITH_ATTRIBUTES;semantic_primary_product
pgkqk5k1ehnn;Маскувальна сітка M-Win Весняний камуфляж. Маскування весна, літо. 2х4 м (площа 8 кв.м.);camouflage_nets;camouflage_nets;UNCHANGED;AUTO_CONFIRMED_WITH_ATTRIBUTES;semantic_primary_product
pgl919ohehs1;Маскувальна сітка M-Win Піксель. Маскування весна, літо, осінь. 3х10 м (площа 30 кв.м.);camouflage_nets;camouflage_nets;UNCHANGED;AUTO_CONFIRMED_WITH_ATTRIBUTES;semantic_primary_product
pglflxlqehw1;Надміцна маскувальна сітка M-WIN 9х4 метри;camouflage_nets;camouflage_nets;UNCHANGED;AUTO_CONFIRMED_WITH_ATTRIBUTES;semantic_primary_product
pgmqh0q0nqat;"Маска - балаклава ""ANTITERROR II"" (CoolPass)";clothing_balaclavas;clothing_balaclavas;UNCHANGED;AUTO_CONFIRMED_WITH_ATTRIBUTES;semantic_primary_product
pgn5he9gehuk;Маскувальна сітка M-Win Темний мультикам. Маскування весна, літо, осінь. 6х6 м (площа 36 кв.м.);camouflage_nets;camouflage_nets;UNCHANGED;AUTO_CONFIRMED_WITH_ATTRIBUTES;semantic_primary_product
pgn80z85n18w;Підсумок під два магазини АК одинарний закритий (MOLLE, підсумок на розгрузку, жилет, РПС);pouches_magazines;pouches_magazines;UNCHANGED;AUTO_CONFIRMED_WITH_ATTRIBUTES;semantic_primary_product
pgn9pqkom3uq;Бойові штани Forsage Combat Gen 2;clothing_pants;clothing_pants;UNCHANGED;AUTO_CONFIRMED_WITH_ATTRIBUTES;semantic_primary_product
pgnf444zehnu;Маскувальна сітка M-Win Весняний камуфляж. Маскування весна, літо. 3х8 м (площа 24 кв.м.);camouflage_nets;camouflage_nets;UNCHANGED;AUTO_CONFIRMED_WITH_ATTRIBUTES;semantic_primary_product
pgoaw8e8oguk;Шапка-балаклава мультикам;camouflage_nets;clothing_balaclavas;CHANGED_HIGH_CONFIDENCE;AUTO_CONFIRMED_WITH_ATTRIBUTES;semantic_primary_product
pgomronjehnh;Комплект: Зимовий спальний мішок M-WIN Tactical Winter Gen-3 (220×88 см) + Вкладиш Transformer 4в1 (фліс, 215×80 см);field_sleeping;field_sleeping;UNCHANGED;AUTO_CONFIRMED_WITH_ATTRIBUTES;semantic_primary_product
pgpspu8xehpq;Маскувальна сітка M-Win Листя осінь. Маскування весна, літо, осінь. 5х5 м (площа 25 кв.м.);camouflage_nets;camouflage_nets;UNCHANGED;AUTO_CONFIRMED_WITH_ATTRIBUTES;semantic_primary_product
pgq021pqm42j;Флісова кофта Militex mod. 4;clothing_fleece;clothing_fleece;UNCHANGED;AUTO_CONFIRMED_WITH_ATTRIBUTES;semantic_primary_product
pgqss21um42g;Флісова балаклава Militex тактична жаккард поліестер 300 г/м2;clothing_balaclavas;clothing_balaclavas;UNCHANGED;AUTO_CONFIRMED_WITH_ATTRIBUTES;semantic_primary_product
pgrua4w5m3zq;Підсумок під турнікет KIBORG закритий MOLLE;pouches_tourniquets;pouches_tourniquets;UNCHANGED;AUTO_CONFIRMED_WITH_ATTRIBUTES;semantic_primary_product
pgtd5jd0m3uf;Бахіли водозахисні на взуття OVER BOOT;footwear_gaiters;footwear_gaiters;UNCHANGED;AUTO_CONFIRMED_WITH_ATTRIBUTES;semantic_primary_product
pgtoltvsehn9;Балістичний захист плечей 1 клас M-WIN Піксель. Комплект 2 шт.;armor_sets;armor_soft;CHANGED_HIGH_CONFIDENCE;AUTO_CONFIRMED_WITH_ATTRIBUTES;semantic_primary_product
pgu6f654n162;Кріплення-адаптер для навушників на шолом 19-21мм, затискний;helmets_mounts;communications_accessories;CHANGED_HIGH_CONFIDENCE;AUTO_CONFIRMED_WITH_ATTRIBUTES;semantic_primary_product
pgvs8n12m40t;Сорочка UBACS;clothing_combat_shirts;clothing_combat_shirts;UNCHANGED;AUTO_CONFIRMED_WITH_ATTRIBUTES;semantic_primary_product
pgx35gkjehot;Маскувальна сітка M-Win Зелене листя. Маскування весна, літо. 6х9 м (площа 54 кв.м.);camouflage_nets;camouflage_nets;UNCHANGED;AUTO_CONFIRMED_WITH_ATTRIBUTES;semantic_primary_product
pgx7ioyvehus;Маскувальна сітка M-Win Темний мультикам. Маскування весна, літо, осінь.3х3 м (площа 9 кв.м.);camouflage_nets;camouflage_nets;UNCHANGED;AUTO_CONFIRMED_WITH_ATTRIBUTES;semantic_primary_product
pgxi86m1m3y5;Літні кросівки Yaguar від TM Undolini;footwear_sneakers;footwear_sneakers;UNCHANGED;AUTO_CONFIRMED_WITH_ATTRIBUTES;semantic_primary_product
pgydoap3ehpq;Маскувальна сітка M-Win Листя осінь. Маскування весна, літо, осінь. 4х8 м (площа 32 кв.м.);camouflage_nets;camouflage_nets;UNCHANGED;AUTO_CONFIRMED_WITH_ATTRIBUTES;semantic_primary_product
pgytvrs3m3xy;Кріплення для тепловізорів універсальне;electronics_mounts;electronics_mounts;UNCHANGED;AUTO_CONFIRMED_WITH_ATTRIBUTES;semantic_primary_product
pgyuo5jmm3y5;Літні кросівки Крейзі Undolini (500102);footwear_sneakers;footwear_sneakers;UNCHANGED;AUTO_CONFIRMED_WITH_ATTRIBUTES;semantic_primary_product
ph0a1zovehwb;Тактичний каремат п'ятиточка під РПС M-WIN односекційний;field_seats;field_seats;UNCHANGED;AUTO_CONFIRMED_WITH_ATTRIBUTES;semantic_primary_product
ph0ab5lmehv8;Маскувальна сітка M-Win Хижак. Маскування осінь, весна. 5х10 м (площа 50 кв.м.);camouflage_nets;camouflage_nets;UNCHANGED;AUTO_CONFIRMED_WITH_ATTRIBUTES;semantic_primary_product
ph0ds0z8m3tu;Балістичний пакет 20*16.5*13.5 Militex (1 клас захисту);armor_soft;armor_soft;UNCHANGED;AUTO_CONFIRMED_WITH_ATTRIBUTES;semantic_primary_product
ph0kuuzzehvi;Маскувальна сітка M-Win Хижак. Маскування осінь, весна. Індивідуальний розмір (ціна за 1 кв.м.);camouflage_nets;camouflage_nets;UNCHANGED;AUTO_CONFIRMED_WITH_ATTRIBUTES;semantic_primary_product
ph1uon1nehol;Маскувальна сітка M-Win Зелене листя. Маскування весна, літо. 4х10 м (площа 40 кв.м.);camouflage_nets;camouflage_nets;UNCHANGED;AUTO_CONFIRMED_WITH_ATTRIBUTES;semantic_primary_product
ph3dcx6hm42p;Цівка тактична для AR15 12 дюймів Picatini M-LOK QD Aluminum 6000 seriesKey-Arma (KEY-201-1);weapon_accessories_grips;weapon_accessories_grips;UNCHANGED;AUTO_CONFIRMED_WITH_ATTRIBUTES;semantic_primary_product
ph5ee7p6n19c;"Плитоноска ""Схід 24""";armor_carriers;armor_carriers;UNCHANGED;AUTO_CONFIRMED_WITH_ATTRIBUTES;semantic_primary_product
ph7pf8l5ehqk;Маскувальна сітка M-WIN мультикам. Маскування зима. 2х3 м (площа 6 кв.м.);camouflage_nets;camouflage_nets;UNCHANGED;AUTO_CONFIRMED_WITH_ATTRIBUTES;semantic_primary_product
ph8rs2txehva;Маскувальна сітка M-Win Хижак. Маскування осінь, весна. 5х8 м (площа 40 кв.м.);camouflage_nets;camouflage_nets;UNCHANGED;AUTO_CONFIRMED_WITH_ATTRIBUTES;semantic_primary_product
ph93u1mtm421;Тактичні штани Kiborg Gen.1;clothing_pants;clothing_pants;UNCHANGED;AUTO_CONFIRMED_WITH_ATTRIBUTES;semantic_primary_product
ph9oyp25ehvj;Надміцна маскувальна сітка M-WIN 1,5х3 метри;camouflage_nets;camouflage_nets;UNCHANGED;AUTO_CONFIRMED_WITH_ATTRIBUTES;semantic_primary_product
phas5f53m3xb;Каремат-сидушка М Kiborg Оксфорд (33*25см);field_seats;field_seats;UNCHANGED;AUTO_CONFIRMED_WITH_ATTRIBUTES;semantic_primary_product
phbaytn8ogsi;Тактичні літні черевики Пегас;footwear_shoes;footwear_shoes;UNCHANGED;AUTO_CONFIRMED_WITH_ATTRIBUTES;semantic_primary_product
phbbzou0ehv8;Маскувальна сітка M-Win Хижак. Маскування осінь, весна. 5х5 м (площа 25 кв.м.);camouflage_nets;camouflage_nets;UNCHANGED;AUTO_CONFIRMED_WITH_ATTRIBUTES;semantic_primary_product
phbmhl67ehth;Маскувальна сітка M-WIN Темний камуфляж. Маскування осінь, зима, весна. 2х5 м (площа 10 кв.м.);camouflage_nets;camouflage_nets;UNCHANGED;AUTO_CONFIRMED_WITH_ATTRIBUTES;semantic_primary_product
phbn2kjwn14l;Збройовий ремінь Ragnarok «Katana» Murdock;weapon_accessories_slings;weapon_accessories_slings;UNCHANGED;AUTO_CONFIRMED_WITH_ATTRIBUTES;semantic_primary_product
phbvvl8nm401;Пояс для РПС GEN.2 Kiborg R-1 з IRR-покриттям;load_bearing_rps;load_bearing_belts;CHANGED_HIGH_CONFIDENCE;AUTO_CONFIRMED_WITH_ATTRIBUTES;semantic_primary_product
phbwbokoogp7;Кросівки тактичні Енерджі;footwear_sneakers;footwear_sneakers;UNCHANGED;AUTO_CONFIRMED_WITH_ATTRIBUTES;semantic_primary_product
phd1tsgom3z7;Набір спортивних шкарпеток Neon 3 пари неонові з вентиляцією та амортизацією;footwear_socks;footwear_socks;UNCHANGED;AUTO_CONFIRMED_WITH_ATTRIBUTES;semantic_primary_product
phdqc7puehrk;Маскувальна сітка M-Win Осінній мультикам. Маскування осінь, весна. 5х7 м (площа 35 кв.м.);camouflage_nets;camouflage_nets;UNCHANGED;AUTO_CONFIRMED_WITH_ATTRIBUTES;semantic_primary_product
phdtyy7behpc;Маскувальна сітка M-Win камуфляж. Маскування весна, літо, осінь. 4х7 м (площа 28 кв.м.);camouflage_nets;camouflage_nets;UNCHANGED;AUTO_CONFIRMED_WITH_ATTRIBUTES;semantic_primary_product
phef63zbogoo;Кофта тактична флісова;clothing_fleece;clothing_fleece;UNCHANGED;AUTO_CONFIRMED_WITH_ATTRIBUTES;semantic_primary_product
pheo0yfoehog;Маскувальна сітка M-Win Зелене листя. Маскування весна, літо. 2х9 м (площа 18 кв.м.);camouflage_nets;camouflage_nets;UNCHANGED;AUTO_CONFIRMED_WITH_ATTRIBUTES;semantic_primary_product
phfgrk6lm3zb;Односекційний каремат-сидушка для сидіння Kiborg П-1;field_seats;field_seats;UNCHANGED;AUTO_CONFIRMED_WITH_ATTRIBUTES;semantic_primary_product
phfmxnmhehpo;Маскувальна сітка M-Win камуфляж. Маскування весна, літо, осінь. 9х10 м (площа 90 кв.м.);camouflage_nets;camouflage_nets;UNCHANGED;AUTO_CONFIRMED_WITH_ATTRIBUTES;semantic_primary_product
phfpg6imehph;Маскувальна сітка M-Win камуфляж. Маскування весна, літо, осінь. 5х9 м (площа 45 кв.м.);camouflage_nets;camouflage_nets;UNCHANGED;AUTO_CONFIRMED_WITH_ATTRIBUTES;semantic_primary_product
phfujg76ehok;Маскувальна сітка M-Win Зелене листя. Маскування весна, літо. 3х9 м (площа 27 кв.м.);camouflage_nets;camouflage_nets;UNCHANGED;AUTO_CONFIRMED_WITH_ATTRIBUTES;semantic_primary_product
phgfr73bm3tg;Антидронова сітка основа 6*140м, вічко 45мм, нитка 1.8 мм;camouflage_antidrone;camouflage_antidrone;UNCHANGED;AUTO_CONFIRMED_WITH_ATTRIBUTES;semantic_primary_product
phh9mv3mm3sk;Активні захисні навушники-беруші Earmor M20T Pro Bluetooth;communications_headphones;communications_headphones;UNCHANGED;AUTO_CONFIRMED_WITH_ATTRIBUTES;semantic_primary_product
phidf370ehux;Маскувальна сітка M-Win Хижак. Маскування осінь, весна. 2х3 м (площа 6 кв.м.);camouflage_nets;camouflage_nets;UNCHANGED;AUTO_CONFIRMED_WITH_ATTRIBUTES;semantic_primary_product
phj3gbs7m3y7;Літня куртка-вітровка сіра (2271-);clothing_jackets;clothing_jackets;UNCHANGED;AUTO_CONFIRMED_WITH_ATTRIBUTES;semantic_primary_product
phk6juhznqbb;"Футболка з принтом ""GLADIATOR"" (Бавовна)";clothing_tshirts;clothing_tshirts;UNCHANGED;AUTO_CONFIRMED_WITH_ATTRIBUTES;semantic_primary_product
phkbktugehom;Маскувальна сітка M-Win Зелене листя. Маскування весна, літо. 4х6 м (площа 24 кв.м.);camouflage_nets;camouflage_nets;UNCHANGED;AUTO_CONFIRMED_WITH_ATTRIBUTES;semantic_primary_product
phkek8s8m3xf;Керамічні бронеплити 3-го класу надлегкі. Вага 1,4 кг 25х30;armor_plates;armor_plates;UNCHANGED;AUTO_CONFIRMED_WITH_ATTRIBUTES;semantic_primary_product
phm5oq20ehqt;Маскувальна сітка M-WIN мультикам. Маскування зима. 4х7 м (площа 28 кв.м.);camouflage_nets;camouflage_nets;UNCHANGED;AUTO_CONFIRMED_WITH_ATTRIBUTES;semantic_primary_product
phm6zxdcm3xp;Комплект захисту живота та паху Militex з балістичними пакетами 2 класу(, розмір);field_fasteners;armor_sets;CHANGED_HIGH_CONFIDENCE;AUTO_CONFIRMED_WITH_ATTRIBUTES;semantic_primary_product
phmg261qehq4;Маскувальна сітка M-Win мультикам. Маскування весна, літо. 4х9 м (площа 36 кв.м.);camouflage_nets;camouflage_nets;UNCHANGED;AUTO_CONFIRMED_WITH_ATTRIBUTES;semantic_primary_product
phn9yt18m3wy;Зимова маскувальна сітка Militex Альпійська клякса 2х2,5м (площа 5 кв. м.);camouflage_nets;camouflage_nets;UNCHANGED;AUTO_CONFIRMED_WITH_ATTRIBUTES;semantic_primary_product
phnjpu3aehvr;Надміцна маскувальна сітка M-WIN 4,5х3 метри;camouflage_nets;camouflage_nets;UNCHANGED;AUTO_CONFIRMED_WITH_ATTRIBUTES;semantic_primary_product
phnzetczehp8;Маскувальна сітка M-Win камуфляж. Маскування весна, літо, осінь. 3х7 м (площа 21 кв.м.);camouflage_nets;camouflage_nets;UNCHANGED;AUTO_CONFIRMED_WITH_ATTRIBUTES;semantic_primary_product
pho0pm74ehtp;Маскувальна сітка M-WIN Темний камуфляж. Маскування осінь, зима, весна. 4х4 м (площа 16 кв.м.);camouflage_nets;camouflage_nets;UNCHANGED;AUTO_CONFIRMED_WITH_ATTRIBUTES;semantic_primary_product
phor7crvm3wb;Захисні Наколінники USA;limb_protection_knees;limb_protection_knees;UNCHANGED;AUTO_CONFIRMED_WITH_ATTRIBUTES;semantic_primary_product
phpb3v7om3w7;Екшн камера на шолом RunCam Helmet Camera;electronics_cameras;electronics_cameras;UNCHANGED;AUTO_CONFIRMED_WITH_ATTRIBUTES;semantic_primary_product
phqdjowhehr4;Маскувальна сітка M-WIN мультикам. Маскування зима. 9х9 м (площа 81 кв.м.);camouflage_nets;camouflage_nets;UNCHANGED;AUTO_CONFIRMED_WITH_ATTRIBUTES;semantic_primary_product
phs03uoom3ul;Блок багатоканальної швидкої зарядки Bandera Power 610S;power_stations;power_stations;UNCHANGED;AUTO_CONFIRMED_WITH_ATTRIBUTES;semantic_primary_product
phsjc5i4ogo9;Гідратор тактичний військовий для води KMS 2,5 л. тактичний гідратор-рюкзак, система Молли;bags_hydration;bags_hydration;UNCHANGED;AUTO_CONFIRMED_WITH_ATTRIBUTES;semantic_primary_product
phufazywehpq;Маскувальна сітка M-Win Листя осінь. Маскування весна, літо, осінь. 3х5 м (площа 15 кв.м.);camouflage_nets;camouflage_nets;UNCHANGED;AUTO_CONFIRMED_WITH_ATTRIBUTES;semantic_primary_product
phupc141ehni;М'який балістичний пакет 2 класу 150х200 мм - 1 шт.;armor_soft;armor_soft;UNCHANGED;AUTO_CONFIRMED_WITH_ATTRIBUTES;semantic_primary_product
phur2k7zehwb;Тактичний каремат-сидушка M-Win односекційний;field_seats;field_seats;UNCHANGED;AUTO_CONFIRMED_WITH_ATTRIBUTES;semantic_primary_product
phutcw5togv5;Штани штурмові ріп-стоп;clothing_pants;clothing_pants;UNCHANGED;AUTO_CONFIRMED_WITH_ATTRIBUTES;semantic_primary_product
phvwzsg3ehox;Маскувальна сітка M-Win Зелене листя. Маскування весна, літо. 9х9 м (площа 81 кв.м.);camouflage_nets;camouflage_nets;UNCHANGED;AUTO_CONFIRMED_WITH_ATTRIBUTES;semantic_primary_product
phwcb6dyeho8;Маскувальна сітка M-Win Весняний камуфляж. Маскування весна, літо. 9х10 м (площа 90 кв.м.);camouflage_nets;camouflage_nets;UNCHANGED;AUTO_CONFIRMED_WITH_ATTRIBUTES;semantic_primary_product
phwzrzjbehru;Маскувальна сітка M-Win Осінній мультикам. Маскування осінь, весна.4х8 м (площа 32 кв.м.);camouflage_nets;camouflage_nets;UNCHANGED;AUTO_CONFIRMED_WITH_ATTRIBUTES;semantic_primary_product
phx31b73ehpq;Маскувальна сітка M-Win Листя осінь. Маскування весна, літо, осінь. 4х5 м (площа 20 кв.м.);camouflage_nets;camouflage_nets;UNCHANGED;AUTO_CONFIRMED_WITH_ATTRIBUTES;semantic_primary_product
phxwi4jdm3wv;Зимова маскувальна сітка Militex 5х5м (площа 25 кв.м.);camouflage_nets;camouflage_nets;UNCHANGED;AUTO_CONFIRMED_WITH_ATTRIBUTES;semantic_primary_product
phxxbbk7n1a7;Рукавички MECHANIX M-PACT Розмір;clothing_gloves;clothing_gloves;UNCHANGED;AUTO_CONFIRMED_WITH_ATTRIBUTES;semantic_primary_product
phy16948nqbp;"Штани тактичні ""SHTORM"" (Canvas)";clothing_pants;clothing_pants;UNCHANGED;AUTO_CONFIRMED_WITH_ATTRIBUTES;semantic_primary_product
phy6mtueehpd;Маскувальна сітка M-Win камуфляж. Маскування весна, літо, осінь. 4х9 м (площа 36 кв.м.);camouflage_nets;camouflage_nets;UNCHANGED;AUTO_CONFIRMED_WITH_ATTRIBUTES;semantic_primary_product
phyxga35m3tz;Балістичний пакет для бронежилета Militex M (54,7*42,1/35,7*37,5 см) 1 клас;armor_soft;armor_soft;UNCHANGED;AUTO_CONFIRMED_WITH_ATTRIBUTES;semantic_primary_product
phz72gf4ehvh;Маскувальна сітка M-Win Хижак. Маскування осінь, весна. 8х9 м (площа 72 кв.м.);camouflage_nets;camouflage_nets;UNCHANGED;AUTO_CONFIRMED_WITH_ATTRIBUTES;semantic_primary_product
phzy8qp3m3uy;Бронежилет Militex (M) з збільшеною площею захисту Modular X-1 —;armor_vests;armor_vests;UNCHANGED;AUTO_CONFIRMED_WITH_ATTRIBUTES;semantic_primary_product
pi0jls6bm3v8;Бронеплити Armox 600T 4 клас захисту (2 шт);armor_plates;armor_plates;UNCHANGED;AUTO_CONFIRMED_WITH_ATTRIBUTES;semantic_primary_product
pi0njomam3xg;Керамічні бронеплити XL(6 клас), 3.7 кг, розмір 26х33 см;armor_plates;armor_plates;UNCHANGED;AUTO_CONFIRMED_WITH_ATTRIBUTES;semantic_primary_product
pi14t9wgehts;Маскувальна сітка M-WIN Темний камуфляж. Маскування осінь, зима, весна. 5х10 м (площа 50 кв.м.);camouflage_nets;camouflage_nets;UNCHANGED;AUTO_CONFIRMED_WITH_ATTRIBUTES;semantic_primary_product
pi40qomam3wk;Захист шиї mod. 1 з балістичним захистом 2 клас Militex cordura USA;armor_sets;armor_soft;CHANGED_HIGH_CONFIDENCE;AUTO_CONFIRMED_WITH_ATTRIBUTES;semantic_primary_product
pi4mfk4bm3yp;Маскувальна сітка Militex індивідуального розміру (50 грн за 1 кв.м.);camouflage_nets;camouflage_nets;UNCHANGED;AUTO_CONFIRMED_WITH_ATTRIBUTES;semantic_primary_product
pi4va2sbn13k;Бейсболка SP-Sport колір;clothing_headwear;clothing_headwear;UNCHANGED;AUTO_CONFIRMED_WITH_ATTRIBUTES;semantic_primary_product
pi5d25nwm3wi;Захист попереку Gen.2 з балістичним захистом 2 класу Militex Cordura original USA;field_fasteners;armor_soft;CHANGED_HIGH_CONFIDENCE;AUTO_CONFIRMED_WITH_ATTRIBUTES;semantic_primary_product
pi696x52ognt;Берці перфоровані літні Бізон;footwear_boots;footwear_boots;UNCHANGED;AUTO_CONFIRMED_WITH_ATTRIBUTES;semantic_primary_product
pi6dixrwm41x;Тактичні навушники EARMOR M32 з універсальним кріпленням Чорні;communications_accessories;communications_headphones;CHANGED_HIGH_CONFIDENCE;AUTO_CONFIRMED_WITH_ATTRIBUTES;semantic_primary_product
pi74v6vum3wf;Захист плечей з балістичним пакетом 1 клас захисту Militex cordura USA;armor_sets;armor_soft;CHANGED_HIGH_CONFIDENCE;AUTO_CONFIRMED_WITH_ATTRIBUTES;semantic_primary_product
pi7kzkq3ehut;Маскувальна сітка M-Win Темний мультикам. Маскування весна, літо, осінь.3х4 м (площа 12 кв.м.);camouflage_nets;camouflage_nets;UNCHANGED;AUTO_CONFIRMED_WITH_ATTRIBUTES;semantic_primary_product
pi7o1f69m3t8;Антидронова сітка (6×60 м) вічко 50 мм, нитка 1,8 мм, чорна міцна сітка для захисту техніки та позицій;camouflage_antidrone;camouflage_antidrone;UNCHANGED;AUTO_CONFIRMED_WITH_ATTRIBUTES;semantic_primary_product
pi7tttu4ogon;Костюм softshell UKR-TEC;clothing_costumes;clothing_costumes;UNCHANGED;AUTO_CONFIRMED_WITH_ATTRIBUTES;semantic_primary_product
pi89ja5iehoy;Маскувальна сітка M-Win Зелене листя. Маскування весна, літо. індивідуального розміру (ціна за 1 кв.м.);camouflage_nets;camouflage_nets;UNCHANGED;AUTO_CONFIRMED_WITH_ATTRIBUTES;semantic_primary_product
pibimollnqbh;"Шорти ""ALPHA"" (Rip-Stop)";clothing_shorts;clothing_shorts;UNCHANGED;AUTO_CONFIRMED_WITH_ATTRIBUTES;semantic_primary_product
pibzj03gn1ab;Рюкзак добовий із клапаном для шолома Warrior Spirit;bags_tactical;bags_backpacks;CHANGED_HIGH_CONFIDENCE;AUTO_CONFIRMED_WITH_ATTRIBUTES;semantic_primary_product
pic2556zogoy;Кофта флісова тактична, фліска Han-Wild, мультикам;clothing_fleece;clothing_fleece;UNCHANGED;AUTO_CONFIRMED_WITH_ATTRIBUTES;semantic_primary_product
pic6r3m4m40w;Спортивних шкарпеток Cycle 2 пари неонові з вентиляцією та амортизацією;footwear_socks;footwear_socks;UNCHANGED;AUTO_CONFIRMED_WITH_ATTRIBUTES;semantic_primary_product
pic7jagzehnt;Маскувальна сітка M-Win Весняний камуфляж. Маскування весна, літо. 3х6 м (площа 18 кв.м.);camouflage_nets;camouflage_nets;UNCHANGED;AUTO_CONFIRMED_WITH_ATTRIBUTES;semantic_primary_product
piceqs06n15i;Комплект антибактеріальної нижньої білизни MBI розмір 48 (М);clothing_thermal;clothing_thermal;UNCHANGED;SUPPLIER_MAPPING;unambiguous_supplier_mapping
picknjovm41k;Тактична футблока поло Military (50р);clothing_tshirts;clothing_tshirts;UNCHANGED;AUTO_CONFIRMED_WITH_ATTRIBUTES;semantic_primary_product
pid2ls1om42q;Чоловічі берці Forester Baggi 31341-1FO Vibram Cordura Sympatex;footwear_boots;footwear_boots;UNCHANGED;AUTO_CONFIRMED_WITH_ATTRIBUTES;semantic_primary_product
pidl38szm408;Ремінь 1-точковий для АК;weapon_accessories_slings;weapon_accessories_slings;UNCHANGED;AUTO_CONFIRMED_WITH_ATTRIBUTES;semantic_primary_product
pidymzc8ehpo;Маскувальна сітка M-Win камуфляж. Маскування весна, літо, осінь. 9х9 м (площа 81 кв.м.);camouflage_nets;camouflage_nets;UNCHANGED;AUTO_CONFIRMED_WITH_ATTRIBUTES;semantic_primary_product
pie66ivhm3ts;Балістичний пакет 12*30 Militex (1 клас захисту);armor_soft;armor_soft;UNCHANGED;AUTO_CONFIRMED_WITH_ATTRIBUTES;semantic_primary_product
pif23vw3n12o;Активні навушники Tac-Sky Sordin Headset - Foliage;communications_headphones;communications_headphones;UNCHANGED;AUTO_CONFIRMED_WITH_ATTRIBUTES;semantic_primary_product
pif7dvifehr5;Маскувальна сітка M-WIN мультикам. Маскування зима. Індивідуального розміру (ціна за 1 кв.м.);camouflage_nets;camouflage_nets;UNCHANGED;AUTO_CONFIRMED_WITH_ATTRIBUTES;semantic_primary_product
pifaej22ogtr;Футболка бавовна біла.;clothing_tshirts;clothing_tshirts;UNCHANGED;AUTO_CONFIRMED_WITH_ATTRIBUTES;semantic_primary_product
pifm7krqm3zp;Підсумок під скидання KIBORG GU Mag Reset Pouch;pouches_dump;pouches_dump;UNCHANGED;AUTO_CONFIRMED_WITH_ATTRIBUTES;semantic_primary_product
pifvjk8wehu7;Маскувальна сітка M-Win Темний мультикам. Маскування весна, літо, осінь. 2х4 м (площа 8 кв.м.);camouflage_nets;camouflage_nets;UNCHANGED;AUTO_CONFIRMED_WITH_ATTRIBUTES;semantic_primary_product
pifybnngehvs;Надміцна маскувальна сітка M-WIN 4,5х6 метри;camouflage_nets;camouflage_nets;UNCHANGED;AUTO_CONFIRMED_WITH_ATTRIBUTES;semantic_primary_product
pigdkiyqogti;Тільняшка майка темно-синя;clothing_tshirts;clothing_tshirts;UNCHANGED;AUTO_CONFIRMED_WITH_ATTRIBUTES;semantic_primary_product
pihib43sehq7;Маскувальна сітка M-Win мультикам. Маскування весна, літо. 5х8 м (площа 40 кв.м.);camouflage_nets;camouflage_nets;UNCHANGED;AUTO_CONFIRMED_WITH_ATTRIBUTES;semantic_primary_product
piivkgzhm437;Штани стрейч BR Flex Shadow сірі;clothing_pants;clothing_pants;UNCHANGED;AUTO_CONFIRMED_WITH_ATTRIBUTES;semantic_primary_product
piiwzgodogqt;Спальний мішок ковдра -5С° на утеплювачі холофайбер 2м × 70см.;field_sleeping;field_sleeping;UNCHANGED;AUTO_CONFIRMED_WITH_ATTRIBUTES;semantic_primary_product
pijzubp9m41i;Тактична куртка Twill GEN I | | Літня військова куртка без підкладки;clothing_jackets;clothing_jackets;UNCHANGED;AUTO_CONFIRMED_WITH_ATTRIBUTES;semantic_primary_product
pikbos2fm3tl;Балаклава CoolMax;clothing_balaclavas;clothing_balaclavas;UNCHANGED;AUTO_CONFIRMED_WITH_ATTRIBUTES;semantic_primary_product
piksnyyam401;Потрійний захист паху/напашник Kiborg з балістичним захистом 2 клас Militex;pouches_dangler;armor_soft;CHANGED_HIGH_CONFIDENCE;AUTO_CONFIRMED_WITH_ATTRIBUTES;semantic_primary_product
pil9uuuum3vz;Гумовий захват-накладка на магазин Magpul 5.56 NATO;weapon_accessories_other;weapon_accessories_other;UNCHANGED;AUTO_CONFIRMED_WITH_ATTRIBUTES;semantic_primary_product
pilmyzq0n13a;Балістичний пакет BP250x300 Клас 1;armor_soft;armor_soft;UNCHANGED;AUTO_CONFIRMED_WITH_ATTRIBUTES;semantic_primary_product
pimyysmmehsb;Маскувальна сітка M-Win Піксель. Маскування весна, літо, осінь. 5х7 м (площа 35 кв.м.);camouflage_nets;camouflage_nets;UNCHANGED;AUTO_CONFIRMED_WITH_ATTRIBUTES;semantic_primary_product
pimz4y44m42g;Утеплені рукавиці MOG Target Polar;clothing_gloves;clothing_gloves;UNCHANGED;AUTO_CONFIRMED_WITH_ATTRIBUTES;semantic_primary_product
pimzci25ehvo;Надміцна маскувальна сітка M-WIN 3х4 метри;camouflage_nets;camouflage_nets;UNCHANGED;AUTO_CONFIRMED_WITH_ATTRIBUTES;semantic_primary_product
pio619z5ehol;Маскувальна сітка M-Win Зелене листя. Маскування весна, літо. 4х4 м (площа 16 кв.м.);camouflage_nets;camouflage_nets;UNCHANGED;AUTO_CONFIRMED_WITH_ATTRIBUTES;semantic_primary_product
piof9pd7ehvd;Маскувальна сітка M-Win Хижак. Маскування осінь, весна. 6х9 м (площа 54 кв.м.);camouflage_nets;camouflage_nets;UNCHANGED;AUTO_CONFIRMED_WITH_ATTRIBUTES;semantic_primary_product
pipppduim3yu;Маскувальна сітка Militex Мультикам бруд 10х20м (площа 200 кв.м.);camouflage_nets;camouflage_nets;UNCHANGED;AUTO_CONFIRMED_WITH_ATTRIBUTES;semantic_primary_product
pir1rhrkehvw;Надміцна маскувальна сітка M-WIN 6х7 метри;camouflage_nets;camouflage_nets;UNCHANGED;AUTO_CONFIRMED_WITH_ATTRIBUTES;semantic_primary_product
pir20bxam3wo;Зимова маскувальна сітка з основою 3х2,5м Militex Зимовий Зимовий мультикам;camouflage_nets;camouflage_nets;UNCHANGED;AUTO_CONFIRMED_WITH_ATTRIBUTES;semantic_primary_product
pir4i8bsehnh;Літній спальний мішок-кокон з капюшоном M-WIN 228×86(60) см;field_sleeping;field_sleeping;UNCHANGED;AUTO_CONFIRMED_WITH_ATTRIBUTES;semantic_primary_product
pis36yz0m3x2;Зимовий бушлат;clothing_jackets;clothing_jackets;UNCHANGED;AUTO_CONFIRMED_WITH_ATTRIBUTES;semantic_primary_product
piskixo5ognz;Берці тактичні Патріот демісезонні;footwear_boots;footwear_boots;UNCHANGED;AUTO_CONFIRMED_WITH_ATTRIBUTES;semantic_primary_product
pisnjt8sehwc;Тактичний ремінь для штанів M-WIN;clothing_belts;clothing_belts;UNCHANGED;AUTO_CONFIRMED_WITH_ATTRIBUTES;semantic_primary_product
pisopmc0ogv6;Штани штурмові, мультикам;clothing_pants;clothing_pants;UNCHANGED;AUTO_CONFIRMED_WITH_ATTRIBUTES;semantic_primary_product
piu7wdolehn9;Антимоскітна сітка для головних уборів M-WIN;clothing_headwear;field_hygiene;CHANGED_HIGH_CONFIDENCE;AUTO_CONFIRMED_WITH_ATTRIBUTES;semantic_primary_product
piv38uanogpr;Куртка тактична Soft Shell UKR-TEC мультикам.;clothing_jackets;clothing_jackets;UNCHANGED;AUTO_CONFIRMED_WITH_ATTRIBUTES;semantic_primary_product
piwd6a18ehnw;Маскувальна сітка M-Win Весняний камуфляж. Маскування весна, літо. 4х6 м (площа 24 кв.м.);camouflage_nets;camouflage_nets;UNCHANGED;AUTO_CONFIRMED_WITH_ATTRIBUTES;semantic_primary_product
piwlhw1jm42p;Цілик та мушка 45° Key-Arma Picatinny Rail Polymer (KEY-303);weapon_accessories_other;weapon_accessories_other;UNCHANGED;AUTO_CONFIRMED_WITH_ATTRIBUTES;semantic_primary_product
piwzkikpehvz;Надміцна маскувальна сітка M-WIN 7,5х6 метри;camouflage_nets;camouflage_nets;UNCHANGED;AUTO_CONFIRMED_WITH_ATTRIBUTES;semantic_primary_product
pix0kfsem3xu;Комплект чорних наколінників та налокітників;limb_protection_sets;limb_protection_sets;UNCHANGED;AUTO_CONFIRMED_WITH_ATTRIBUTES;semantic_primary_product
pixf9xl2ogsm;Тактичні рукавиці Combat безпалі, чорні;clothing_gloves;clothing_gloves;UNCHANGED;AUTO_CONFIRMED_WITH_ATTRIBUTES;semantic_primary_product
pixlkekem3yk;Маскувальна сітка Militex 2х2,5м (площа 5 кв. м.);camouflage_nets;camouflage_nets;UNCHANGED;AUTO_CONFIRMED_WITH_ATTRIBUTES;semantic_primary_product
piz0yhfjehtf;Маскувальна сітка M-WIN Темний камуфляж. Маскування осінь, зима, весна. 20х20 м (площа 400 кв.м.);camouflage_nets;camouflage_nets;UNCHANGED;AUTO_CONFIRMED_WITH_ATTRIBUTES;semantic_primary_product
pj00w7uwehuv;Маскувальна сітка M-Win Хижак. Маскування осінь, весна. 20х20 м (площа 400 кв.м.);camouflage_nets;camouflage_nets;UNCHANGED;AUTO_CONFIRMED_WITH_ATTRIBUTES;semantic_primary_product
pj03q4edm3w9;Запобіжник (перемекач вогню) для AR15 SEMI AUTO Steel Key-Arma (KEY-713);weapon_accessories_other;weapon_accessories_other;UNCHANGED;AUTO_CONFIRMED_WITH_ATTRIBUTES;semantic_primary_product
pj0kejk6m3zx;Польовий спальний мішок Tactical Sleep System –10 °C (0,9*2,2 м);field_sleeping;field_sleeping;UNCHANGED;AUTO_CONFIRMED_WITH_ATTRIBUTES;semantic_primary_product
pj0nwaleehqq;Маскувальна сітка M-WIN мультикам. Маскування зима. 3х7 м (площа 21 кв.м.);camouflage_nets;camouflage_nets;UNCHANGED;AUTO_CONFIRMED_WITH_ATTRIBUTES;semantic_primary_product
pj0uznmjehu6;Маскувальна сітка M-Win Темний мультикам. Маскування весна, літо, осінь. 2х3 м (площа 6 кв.м.);camouflage_nets;camouflage_nets;UNCHANGED;AUTO_CONFIRMED_WITH_ATTRIBUTES;semantic_primary_product
pj1yq1c4ehpp;Маскувальна сітка M-Win Листя осінь. Маскування весна, літо, осінь. 10х15 м (площа 150 кв.м.);camouflage_nets;camouflage_nets;UNCHANGED;AUTO_CONFIRMED_WITH_ATTRIBUTES;semantic_primary_product
pj27vazfehqb;Маскувальна сітка M-Win мультикам. Маскування весна, літо. 7х10 м (площа 70 кв.м.);camouflage_nets;camouflage_nets;UNCHANGED;AUTO_CONFIRMED_WITH_ATTRIBUTES;semantic_primary_product
pj29r3hmm41z;Тактичні рукавиці Mechanix;clothing_gloves;clothing_gloves;UNCHANGED;AUTO_CONFIRMED_WITH_ATTRIBUTES;semantic_primary_product
pj2rd1w3ehw2;Надміцна маскувальна сітка M-WIN Індивідуального розміру;camouflage_nets;camouflage_nets;UNCHANGED;AUTO_CONFIRMED_WITH_ATTRIBUTES;semantic_primary_product
pj2z20spnqbd;"Футболка з рукавами "" WATER"" (Трикотаж)";clothing_tshirts;clothing_tshirts;UNCHANGED;AUTO_CONFIRMED_WITH_ATTRIBUTES;semantic_primary_product
pj3c2174m3x4;Зимовий костюм Tactical Series із утепленням ThermoLoft до -30°C | Водовідштовхувальний, дихаючий, Rip-Stop;clothing_costumes;clothing_costumes;UNCHANGED;AUTO_CONFIRMED_WITH_ATTRIBUTES;semantic_primary_product
pj3kn5qqnqax;"Панама польова ""PHANTOM"" Gen.2 (Rip-Stop)";clothing_headwear;clothing_headwear;UNCHANGED;AUTO_CONFIRMED_WITH_ATTRIBUTES;semantic_primary_product
pj4eu2b4ehsv;Маскувальна сітка M-Win Світлий мультикам. Маскування весна, літо, осінь. 3х7 м (площа 21 кв.м.);camouflage_nets;camouflage_nets;UNCHANGED;AUTO_CONFIRMED_WITH_ATTRIBUTES;semantic_primary_product
pj50ikd1m42a;Трекінгові шкарпетки Compass;footwear_socks;footwear_socks;UNCHANGED;AUTO_CONFIRMED_WITH_ATTRIBUTES;semantic_primary_product
pj5tcnvgm3wc;Захист живота Gen.2 з балістичним захистом 2 класу Militex Cordura original USA;field_fasteners;armor_soft;CHANGED_HIGH_CONFIDENCE;AUTO_CONFIRMED_WITH_ATTRIBUTES;semantic_primary_product
pj6nh7rgm3sq;Акумулятори Westinghouse ICR18650F 2500 mAh 3.7V Li-ion набір 2 шт у пластиковому боксі 18650;power_batteries;power_batteries;UNCHANGED;SUPPLIER_MAPPING;unambiguous_supplier_mapping
pj6sc9p3n18p;Підсумок під 6 магазинів АК/РПК потрійний (MOLLE, підсумок на розгрузку, жилет, РПС);pouches_magazines;pouches_magazines;UNCHANGED;AUTO_CONFIRMED_WITH_ATTRIBUTES;semantic_primary_product
pj7jtg8xm3vb;Бронеплити CAP6-M (2.9 кг) (6 клас) BRONYX 250*300 (одна площина) 2шт;armor_plates;armor_plates;UNCHANGED;AUTO_CONFIRMED_WITH_ATTRIBUTES;semantic_primary_product
pj87uvjsoguc;Чоловічі тактичні військові шорти Han Wild мультикам;clothing_shorts;clothing_shorts;UNCHANGED;AUTO_CONFIRMED_WITH_ATTRIBUTES;semantic_primary_product
pj8dvga3m3tt;Балістичний пакет 12*30 Militex (2 клас захисту);armor_soft;armor_soft;UNCHANGED;AUTO_CONFIRMED_WITH_ATTRIBUTES;semantic_primary_product
pj8ombhgn19f;Плитоноска Warrior Spirit;armor_carriers;armor_carriers;UNCHANGED;AUTO_CONFIRMED_WITH_ATTRIBUTES;semantic_primary_product
pj8yzy66n14k;Збройовий ремінь Ragnarok «Katana» carbine Murdock;weapon_accessories_slings;weapon_accessories_slings;UNCHANGED;AUTO_CONFIRMED_WITH_ATTRIBUTES;semantic_primary_product
pjb9x9ctogui;Шапка флісова мультикам;clothing_headwear;clothing_headwear;UNCHANGED;AUTO_CONFIRMED_WITH_ATTRIBUTES;semantic_primary_product
pjbjfraym3tx;Балістичний пакет для бронежилета Militex камербанди 2шт. L/23,2*15,2 см (1 клас);armor_soft;armor_soft;UNCHANGED;AUTO_CONFIRMED_WITH_ATTRIBUTES;semantic_primary_product
pjceb97nm3w3;Демісезонні берці Undolini/Air-Tex;footwear_boots;footwear_boots;UNCHANGED;AUTO_CONFIRMED_WITH_ATTRIBUTES;semantic_primary_product
pjcut6hzehrb;Маскувальна сітка M-Win Осінній мультикам. Маскування осінь, весна. 2х8 м (площа 16 кв.м.);camouflage_nets;camouflage_nets;UNCHANGED;AUTO_CONFIRMED_WITH_ATTRIBUTES;semantic_primary_product
pjdjzz5bogu6;Черевики тактичні демісезонні Ukr-tec замшеві;footwear_shoes;footwear_shoes;UNCHANGED;AUTO_CONFIRMED_WITH_ATTRIBUTES;semantic_primary_product
pjdxkwhom426;Термоковдра Blizzard Trauma Blanket with Hook & Loop Closure - оранжевий;field_blankets;field_blankets;UNCHANGED;AUTO_CONFIRMED_WITH_ATTRIBUTES;semantic_primary_product
pje3wmbsn151;Каремат Warrior Spirit трьохсекційний;field_mats;field_mats;UNCHANGED;AUTO_CONFIRMED_WITH_ATTRIBUTES;semantic_primary_product
pjeewh8lognb;Базова тактична флісова кофта;clothing_fleece;clothing_fleece;UNCHANGED;AUTO_CONFIRMED_WITH_ATTRIBUTES;semantic_primary_product
pjegtmwnm3st;Анорак Military Stealth демісезонний для активного відпочинку;clothing_jackets;clothing_jackets;UNCHANGED;AUTO_CONFIRMED_WITH_ATTRIBUTES;semantic_primary_product
pjex0kpzm3zh;Перехідник для монокулярів з minirail на J-arm PVS14;electronics_mounts;electronics_mounts;UNCHANGED;AUTO_CONFIRMED_WITH_ATTRIBUTES;semantic_primary_product
pjf83q9jehpm;Маскувальна сітка M-Win камуфляж. Маскування весна, літо, осінь. 8х10 м (площа 80 кв.м.);camouflage_nets;camouflage_nets;UNCHANGED;AUTO_CONFIRMED_WITH_ATTRIBUTES;semantic_primary_product
pjfn1tfpogns;Берці зимові шкіряні тактичні Evolution чорні;footwear_boots;footwear_boots;UNCHANGED;AUTO_CONFIRMED_WITH_ATTRIBUTES;semantic_primary_product
pjg51nscehs5;Маскувальна сітка M-Win Піксель. Маскування весна, літо, осінь. 3х7 м (площа 21 кв.м.);camouflage_nets;camouflage_nets;UNCHANGED;AUTO_CONFIRMED_WITH_ATTRIBUTES;semantic_primary_product
pjgb0800ogun;Штани військові;clothing_pants;clothing_pants;UNCHANGED;AUTO_CONFIRMED_WITH_ATTRIBUTES;semantic_primary_product
pjge4ye2ogqu;Спальний мішок, спальник осінь-зима 200х100 см;field_sleeping;field_sleeping;UNCHANGED;AUTO_CONFIRMED_WITH_ATTRIBUTES;semantic_primary_product
pjhos1vam3ya;Магазин для АК коробчатий;weapon_accessories_magazines;weapon_accessories_magazines;UNCHANGED;AUTO_CONFIRMED_WITH_ATTRIBUTES;semantic_primary_product
pji1d8v1ogqf;Поло, теніска чорна Coolpass Pique;clothing_tshirts;clothing_tshirts;UNCHANGED;AUTO_CONFIRMED_WITH_ATTRIBUTES;semantic_primary_product
pjii4eozehwe;Шорти ТАКТІК М1 M-WIN розмір;clothing_shorts;clothing_shorts;UNCHANGED;AUTO_CONFIRMED_WITH_ATTRIBUTES;semantic_primary_product
pjjc522im41n;Тактична футболка убакс G4 Kiborg з коротким рукавом койот+мультикам;clothing_combat_shirts;clothing_combat_shirts;UNCHANGED;AUTO_CONFIRMED_WITH_ATTRIBUTES;semantic_primary_product
pjjj9iasm3yo;Маскувальна сітка Militex 8х10м (площа 80 кв.м.);camouflage_nets;camouflage_nets;UNCHANGED;AUTO_CONFIRMED_WITH_ATTRIBUTES;semantic_primary_product
pjjqwrqzehsm;Маскувальна сітка M-Win Світлий мультикам. Маскування весна, літо, осінь. 10х20 м (площа 200 кв.м.);camouflage_nets;camouflage_nets;UNCHANGED;AUTO_CONFIRMED_WITH_ATTRIBUTES;semantic_primary_product
pjk1ca27ehpq;Маскувальна сітка M-Win Листя осінь. Маскування весна, літо, осінь. 4х6 м (площа 24 кв.м.);camouflage_nets;camouflage_nets;UNCHANGED;AUTO_CONFIRMED_WITH_ATTRIBUTES;semantic_primary_product
pjk9ts0xn14q;Зимова шапка-балаклава з сіткою Чорна;clothing_balaclavas;clothing_balaclavas;UNCHANGED;AUTO_CONFIRMED_WITH_ATTRIBUTES;semantic_primary_product
pjkxxsopm3wn;Зимова маскувальна сітка з основою 20х20 Militex Зимовий мультикам;camouflage_nets;camouflage_nets;UNCHANGED;AUTO_CONFIRMED_WITH_ATTRIBUTES;semantic_primary_product
pjm280fpm3tk;Балаклава флісова Militex Press Sots;clothing_balaclavas;clothing_balaclavas;UNCHANGED;AUTO_CONFIRMED_WITH_ATTRIBUTES;semantic_primary_product
pjm3oqwjehtj;Маскувальна сітка M-WIN Темний камуфляж. Маскування осінь, зима, весна. 2х9 м (площа 18 кв.м.);camouflage_nets;camouflage_nets;UNCHANGED;AUTO_CONFIRMED_WITH_ATTRIBUTES;semantic_primary_product
pjmlgf3cehpu;Маскувальна сітка M-Win мультикам. Маскування весна, літо. 2х3 м (площа 6 кв.м.);camouflage_nets;camouflage_nets;UNCHANGED;AUTO_CONFIRMED_WITH_ATTRIBUTES;semantic_primary_product
pjn6bv77ogqq;Рюкзак тактичний 35л із системою Моллі;bags_tactical;bags_backpacks;CHANGED_HIGH_CONFIDENCE;AUTO_CONFIRMED_WITH_ATTRIBUTES;semantic_primary_product
pjnttkuon1ct;Шкарпетки високі Single Sword;footwear_socks;footwear_socks;UNCHANGED;AUTO_CONFIRMED_WITH_ATTRIBUTES;semantic_primary_product
pjomkh3vehvw;Надміцна маскувальна сітка M-WIN 6х8 метри;camouflage_nets;camouflage_nets;UNCHANGED;AUTO_CONFIRMED_WITH_ATTRIBUTES;semantic_primary_product
pjpnhdpfm3uc;Балістичний шолом MICH Protection Group Denmark;helmets_ballistic;helmets_ballistic;UNCHANGED;AUTO_CONFIRMED_WITH_ATTRIBUTES;semantic_primary_product
pjpz0gejm430;Шолом Sestan-Busch Fast -(57-60 см);helmets_ballistic;helmets_ballistic;UNCHANGED;AUTO_CONFIRMED_WITH_ATTRIBUTES;semantic_primary_product
pjqdt50om3uk;Блок багатоканальної швидкої зарядки Bandera Power 430S;power_stations;power_stations;UNCHANGED;AUTO_CONFIRMED_WITH_ATTRIBUTES;semantic_primary_product
pjqnvjiyehv9;Маскувальна сітка M-Win Хижак. Маскування осінь, весна. 5х7 м (площа 35 кв.м.);camouflage_nets;camouflage_nets;UNCHANGED;AUTO_CONFIRMED_WITH_ATTRIBUTES;semantic_primary_product
pjqrjxoam3v9;Бронеплити BRONYX G-Series (передня та задня) 3 клас захисту ДСТУ НВМПЕ Shooter's Cut (L/28x32);armor_plates;armor_plates;UNCHANGED;AUTO_CONFIRMED_WITH_ATTRIBUTES;semantic_primary_product
pjqtkhroognv;Берці тактичні демісезонні Кіборг;footwear_boots;footwear_boots;UNCHANGED;AUTO_CONFIRMED_WITH_ATTRIBUTES;semantic_primary_product
pjrd13mnm3wq;Зимова маскувальна сітка з основою 5х8м Militex Зимовий мультикам;camouflage_nets;camouflage_nets;UNCHANGED;AUTO_CONFIRMED_WITH_ATTRIBUTES;semantic_primary_product
pjrwhercm3u3;Балістичний пакет для РПС Kiborg R-3 84,9*18,2 (1 клас захисту);armor_soft;armor_soft;UNCHANGED;AUTO_CONFIRMED_WITH_ATTRIBUTES;semantic_primary_product
pjstf0g8ogo4;Бойова футболка UBACS;clothing_combat_shirts;clothing_combat_shirts;UNCHANGED;AUTO_CONFIRMED_WITH_ATTRIBUTES;semantic_primary_product
pjto469xn172;Наколінники Warrior Spirit;limb_protection_knees;limb_protection_knees;UNCHANGED;AUTO_CONFIRMED_WITH_ATTRIBUTES;semantic_primary_product
pjwidbt4m417;Сумка-баул Kiborg 80л;bags_duffel;bags_duffel;UNCHANGED;AUTO_CONFIRMED_WITH_ATTRIBUTES;semantic_primary_product
pjwlrqs5m422;Тактичні штани Rip-Stop Stretch з посиленими колінами та функціональними кишенями;clothing_pants;clothing_pants;UNCHANGED;AUTO_CONFIRMED_WITH_ATTRIBUTES;semantic_primary_product
pjwsoci5ehwa;Спальний мішок зимовий M-WIN Tactical Winter Gen-3 (220х88 см);field_sleeping;field_sleeping;UNCHANGED;AUTO_CONFIRMED_WITH_ATTRIBUTES;semantic_primary_product
pjyregxnogr7;Тактична зимова куртка, парка 4.5.0;clothing_jackets;clothing_jackets;UNCHANGED;AUTO_CONFIRMED_WITH_ATTRIBUTES;semantic_primary_product
pjz36edkogtg;Термобілизна 5.11 Tactical;clothing_thermal;clothing_thermal;UNCHANGED;AUTO_CONFIRMED_WITH_ATTRIBUTES;semantic_primary_product
pk0sk1j0ehp7;Маскувальна сітка M-Win камуфляж. Маскування весна, літо, осінь. 3х5 м (площа 15 кв.м.);camouflage_nets;camouflage_nets;UNCHANGED;AUTO_CONFIRMED_WITH_ATTRIBUTES;semantic_primary_product
pk1p37fyn1cu;Шкарпетки Літні Глорія р.;footwear_socks;footwear_socks;UNCHANGED;AUTO_CONFIRMED_WITH_ATTRIBUTES;semantic_primary_product
pk210tjen149;Додаткове кріплення з паракордом;field_fasteners;field_fasteners;UNCHANGED;AUTO_CONFIRMED_WITH_ATTRIBUTES;semantic_primary_product
pk2ict2rehst;Маскувальна сітка M-Win Світлий мультикам. Маскування весна, літо, осінь. 3х5 м (площа 15 кв.м.);camouflage_nets;camouflage_nets;UNCHANGED;AUTO_CONFIRMED_WITH_ATTRIBUTES;semantic_primary_product
pk38j52xnqbe;Футболка з рукавами (Трикотаж);clothing_tshirts;clothing_tshirts;UNCHANGED;AUTO_CONFIRMED_WITH_ATTRIBUTES;semantic_primary_product
pk4ikb3gm3ti;Антидронова сітка основа 9*140м, вічко 100 мм, нитка 1.8мм;camouflage_antidrone;camouflage_antidrone;UNCHANGED;AUTO_CONFIRMED_WITH_ATTRIBUTES;semantic_primary_product
pk56dsbvm3wi;Захист попереку Kiborg з балістичним захистом 2 клас Militex;armor_sets;armor_soft;CHANGED_HIGH_CONFIDENCE;AUTO_CONFIRMED_WITH_ATTRIBUTES;semantic_primary_product
pk5vtka5ogpq;Куртка тактична Soft Shell UA;clothing_jackets;clothing_jackets;UNCHANGED;AUTO_CONFIRMED_WITH_ATTRIBUTES;semantic_primary_product
pk78336tehw3;Панама тактична універсальна M-WIN R3 NyCo;clothing_headwear;clothing_headwear;UNCHANGED;AUTO_CONFIRMED_WITH_ATTRIBUTES;semantic_primary_product
pk7wvahsm3t9;Антидронова сітка (6×70 м) вічко 50 мм, нитка 1,8 мм, чорна міцна сітка для захисту техніки та позицій;camouflage_antidrone;camouflage_antidrone;UNCHANGED;AUTO_CONFIRMED_WITH_ATTRIBUTES;semantic_primary_product
pk8ieyx3n14s;Зимовий флісовий костюм дитячий розмір;clothing_costumes;clothing_costumes;UNCHANGED;AUTO_CONFIRMED_WITH_ATTRIBUTES;semantic_primary_product
pk8mp2nwehv1;Маскувальна сітка M-Win Хижак. Маскування осінь, весна. 3х3 м (площа 9 кв.м.);camouflage_nets;camouflage_nets;UNCHANGED;AUTO_CONFIRMED_WITH_ATTRIBUTES;semantic_primary_product
pk8uumhmm3yl;Маскувальна сітка Militex 3х5м (площа 15 кв.м.);camouflage_nets;camouflage_nets;UNCHANGED;AUTO_CONFIRMED_WITH_ATTRIBUTES;semantic_primary_product
pk8y06urm3tv;Балістичний пакет 20*20 Militex (2 клас захисту);armor_soft;armor_soft;UNCHANGED;AUTO_CONFIRMED_WITH_ATTRIBUTES;semantic_primary_product
pk97zk62ognf;Бейсболка тактична койот.;clothing_headwear;clothing_headwear;UNCHANGED;AUTO_CONFIRMED_WITH_ATTRIBUTES;semantic_primary_product
pk9nyxxrm3so;Актична сорочка Ubacs CoolPass FS потовідвідний корпус та армовані рукави Rip-Stop;clothing_combat_shirts;clothing_combat_shirts;UNCHANGED;AUTO_CONFIRMED_WITH_ATTRIBUTES;semantic_primary_product
pkabjbnhm3xi;Комлпект Шолом FAST PE + навушники EARMOR M32 PLUS + кавер мультикам та кріплення чебурашки;helmets_covers;helmets_ballistic;CHANGED_HIGH_CONFIDENCE;AUTO_CONFIRMED_WITH_ATTRIBUTES;semantic_primary_product
pkagjgv1m426;Термоковдра PerSys Medical Blizzard IFAK BPS47;field_blankets;field_blankets;UNCHANGED;AUTO_CONFIRMED_WITH_ATTRIBUTES;semantic_primary_product
pkahd6d5ehod;Маскувальна сітка M-Win Зелене листя. Маскування весна, літо. 2х4 м (площа 8 кв.м.);camouflage_nets;camouflage_nets;UNCHANGED;AUTO_CONFIRMED_WITH_ATTRIBUTES;semantic_primary_product
pkb47afum3zn;Підсумок під 2 гранати KIBORG GU Double Mag Pouch;pouches_grenades;pouches_grenades;UNCHANGED;AUTO_CONFIRMED_WITH_ATTRIBUTES;semantic_primary_product
pkbcbgjxogs2;Тактичні замшеві кросівки UKR-TEC;footwear_sneakers;footwear_sneakers;UNCHANGED;AUTO_CONFIRMED_WITH_ATTRIBUTES;semantic_primary_product
pkbouwbqm3vi;Газблок AR15 нерегульований Key-Arma 1040 Stell (KEY-707);weapon_accessories_other;weapon_accessories_other;UNCHANGED;AUTO_CONFIRMED_WITH_ATTRIBUTES;semantic_primary_product
pkbs3gt3ehpq;Маскувальна сітка M-Win Листя осінь. Маскування весна, літо, осінь. 5х6 м (площа 30 кв.м.);camouflage_nets;camouflage_nets;UNCHANGED;AUTO_CONFIRMED_WITH_ATTRIBUTES;semantic_primary_product
pkbwtn8tm3xd;Карта пам'яті SANDISK 64GB C10 UHS-I U3 Extreme Pro V30 (SDSDXXU-064G-GN4IN);electronics_memory;electronics_memory;UNCHANGED;AUTO_CONFIRMED_WITH_ATTRIBUTES;semantic_primary_product
pkcg22nqm3t2;Антидронова сітка (4×6 м) вічко 70 мм, нитка 1,8 мм, чорна міцна сітка для захисту техніки та позицій;camouflage_antidrone;camouflage_antidrone;UNCHANGED;AUTO_CONFIRMED_WITH_ATTRIBUTES;semantic_primary_product
pkcng2ejeho1;Маскувальна сітка M-Win Весняний камуфляж. Маскування весна, літо. 6х10 м (площа 60 кв.м.);camouflage_nets;camouflage_nets;UNCHANGED;AUTO_CONFIRMED_WITH_ATTRIBUTES;semantic_primary_product
pkct54l1m42r;Чоловічі берці Scooter Lowa P1492NH Waterproof;footwear_boots;footwear_boots;UNCHANGED;AUTO_CONFIRMED_WITH_ATTRIBUTES;semantic_primary_product
pkcya11bm3tt;Балістичний пакет 15*15 Militex (2 клас захисту);armor_soft;armor_soft;UNCHANGED;AUTO_CONFIRMED_WITH_ATTRIBUTES;semantic_primary_product
pkd0d2nvogoq;Кофта флісова;clothing_fleece;clothing_fleece;UNCHANGED;AUTO_CONFIRMED_WITH_ATTRIBUTES;semantic_primary_product
pkd1a712m3ve;Вітрозахисна флісова кофта Militex mod. 6 — Чорна;clothing_fleece;clothing_fleece;UNCHANGED;AUTO_CONFIRMED_WITH_ATTRIBUTES;semantic_primary_product
pkdvr0c3ogqg;Поло, теніска coolpass;clothing_tshirts;clothing_tshirts;UNCHANGED;AUTO_CONFIRMED_WITH_ATTRIBUTES;semantic_primary_product
pkfouuauehui;Маскувальна сітка M-Win Темний мультикам. Маскування весна, літо, осінь. 5х6 м (площа 30 кв.м.);camouflage_nets;camouflage_nets;UNCHANGED;AUTO_CONFIRMED_WITH_ATTRIBUTES;semantic_primary_product
pkgi1wsaehq0;Маскувальна сітка M-Win мультикам. Маскування весна, літо. 3х7 м (площа 21 кв.м.);camouflage_nets;camouflage_nets;UNCHANGED;AUTO_CONFIRMED_WITH_ATTRIBUTES;semantic_primary_product
pkhtst03m3uy;Бронежилет Militex (XL) з збільшеною площею захисту Modular X-1 —;armor_vests;armor_vests;UNCHANGED;AUTO_CONFIRMED_WITH_ATTRIBUTES;semantic_primary_product
pki6k51sehnc;Бронежилет тактичний Phantom. Плитоноска з підсумками M-WIN GEN.2;armor_vests;armor_vests;UNCHANGED;AUTO_CONFIRMED_WITH_ATTRIBUTES;semantic_primary_product
pki7822pm40z;Сумка через плече — Чорна з MOLLE-системою;bags_shoulder;bags_shoulder;UNCHANGED;AUTO_CONFIRMED_WITH_ATTRIBUTES;semantic_primary_product
pkicrwtim3vd;Військова кофта флісова mod. 3;clothing_fleece;clothing_fleece;UNCHANGED;AUTO_CONFIRMED_WITH_ATTRIBUTES;semantic_primary_product
pkj5bx0behpg;Маскувальна сітка M-Win камуфляж. Маскування весна, літо, осінь. 5х7 м (площа 35 кв.м.);camouflage_nets;camouflage_nets;UNCHANGED;AUTO_CONFIRMED_WITH_ATTRIBUTES;semantic_primary_product
pkjal9gam3zd;Основа Кікімора, розмір 7×60 м, вічко 20×20 мм, нитка 0,9 мм;camouflage_antidrone;__CATEGORY_REVIEW__;INSUFFICIENT_DATA;INSUFFICIENT_DATA;insufficient_primary_product
pkkonst4ehrj;Маскувальна сітка M-Win Осінній мультикам. Маскування осінь, весна. 5х10 м (площа 50 кв.м.);camouflage_nets;camouflage_nets;UNCHANGED;AUTO_CONFIRMED_WITH_ATTRIBUTES;semantic_primary_product
pkkyvu2bm3sj;Адаптер Dipol (Диполь) на dovetail з нержавіючої сталі;electronics_mounts;electronics_mounts;UNCHANGED;AUTO_CONFIRMED_WITH_ATTRIBUTES;semantic_primary_product
pkl68ikcehte;Маскувальна сітка M-WIN Темний камуфляж. Маскування осінь, зима, весна. 10х20 м (площа 200 кв.м.);camouflage_nets;camouflage_nets;UNCHANGED;AUTO_CONFIRMED_WITH_ATTRIBUTES;semantic_primary_product
pklszungehpp;Маскувальна сітка M-Win Листя осінь. Маскування весна, літо, осінь. 2х7 м (площа 14 кв.м.);camouflage_nets;camouflage_nets;UNCHANGED;AUTO_CONFIRMED_WITH_ATTRIBUTES;semantic_primary_product
pklxutpdm417;Сумка-напашник з балістичним захистом 1 класу Militex XL Cordura original USA;field_fasteners;pouches_dangler;CHANGED_HIGH_CONFIDENCE;AUTO_CONFIRMED_WITH_ATTRIBUTES;semantic_primary_product
pkmdixsuehta;Маскувальна сітка M-Win Світлий мультикам. Маскування весна, літо, осінь. 8х8 м (площа 64 кв.м.);camouflage_nets;camouflage_nets;UNCHANGED;AUTO_CONFIRMED_WITH_ATTRIBUTES;semantic_primary_product
pkmmskwnogt2;Тактичні штани з системою Моллі, мультикам;clothing_pants;clothing_pants;UNCHANGED;AUTO_CONFIRMED_WITH_ATTRIBUTES;semantic_primary_product
pkmnwjtbehu1;Маскувальна сітка M-WIN Темний камуфляж. Маскування осінь, зима, весна. 8х9 м (площа 72 кв.м.);camouflage_nets;camouflage_nets;UNCHANGED;AUTO_CONFIRMED_WITH_ATTRIBUTES;semantic_primary_product
pkmxgashnqbi;"Шорти карго з ременем ""LEGION"" (Котон Стрейч)";clothing_shorts;clothing_shorts;UNCHANGED;AUTO_CONFIRMED_WITH_ATTRIBUTES;semantic_primary_product
pko6zlcnm3w2;Демісезонна тактична куртка YINREN Delta Eagle Gen 3 ріп-стоп;clothing_jackets;clothing_jackets;UNCHANGED;AUTO_CONFIRMED_WITH_ATTRIBUTES;semantic_primary_product
pkohj6qbm3up;Бойові штани Чорні Rip-Stop: 6 кишень, захист колін, регулювання посадки;clothing_pants;clothing_pants;UNCHANGED;AUTO_CONFIRMED_WITH_ATTRIBUTES;semantic_primary_product
pkome93oehsz;Маскувальна сітка M-Win Світлий мультикам. Маскування весна, літо, осінь. 4х7 м (площа 28 кв.м.);camouflage_nets;camouflage_nets;UNCHANGED;AUTO_CONFIRMED_WITH_ATTRIBUTES;semantic_primary_product
pkpbmaqnm3tj;Армійський костюм Rip-Stop Stretch (кітель та штани) 58% бавовна для ЗСУ та спецпідрозділів;clothing_costumes;clothing_costumes;UNCHANGED;AUTO_CONFIRMED_WITH_ATTRIBUTES;semantic_primary_product
pkpd5s40ehs8;Маскувальна сітка M-Win Піксель. Маскування весна, літо, осінь. 4х6 м (площа 24 кв.м.);camouflage_nets;camouflage_nets;UNCHANGED;AUTO_CONFIRMED_WITH_ATTRIBUTES;semantic_primary_product
pkpov9mpn14h;"Збройовий ремінь RAGNAROK ""KRAKEN"" Gen.2 QD (Триточковий)";weapon_accessories_slings;weapon_accessories_slings;UNCHANGED;AUTO_CONFIRMED_WITH_ATTRIBUTES;semantic_primary_product
pkpy6749m3sl;Активні Навушники Earmor M32X PLUS з мікрофоном (2 види кріплень);communications_accessories;communications_headphones;CHANGED_HIGH_CONFIDENCE;AUTO_CONFIRMED_WITH_ATTRIBUTES;semantic_primary_product
pkpyb1moogqd;Поло, тактична футболка CoolPass;clothing_tshirts;clothing_tshirts;UNCHANGED;AUTO_CONFIRMED_WITH_ATTRIBUTES;semantic_primary_product
pkqas12lm40k;Рулонний підсумок під скидання магазинів (35х25) Militex Cordura original USA;pouches_dump;pouches_dump;UNCHANGED;AUTO_CONFIRMED_WITH_ATTRIBUTES;semantic_primary_product
pkqzbiptm427;Термоковдра The Blizzard Survival Blanket BPS-01;field_blankets;field_blankets;UNCHANGED;AUTO_CONFIRMED_WITH_ATTRIBUTES;semantic_primary_product
pkra54qpm3zr;Пістолетна рукоятка гладка для AR15 Key-Arma з бобровим хвостом прогумована (KEY-102);weapon_accessories_grips;weapon_accessories_grips;UNCHANGED;SUPPLIER_MAPPING;unambiguous_supplier_mapping
pkrb2axwm3z6;Набір компресійних шкарпеток SanSiro 2 пари анатомічні з вентиляцією та іонами срібла;footwear_socks;footwear_socks;UNCHANGED;AUTO_CONFIRMED_WITH_ATTRIBUTES;semantic_primary_product
pkriqp2nm3th;Антидронова сітка основа 7*140м, вічко 50 мм, нитка 3мм;camouflage_antidrone;camouflage_antidrone;UNCHANGED;AUTO_CONFIRMED_WITH_ATTRIBUTES;semantic_primary_product
pks0maz3ogrn;Тактична футболка з коротким рукавом, убакс / мультикам;clothing_combat_shirts;clothing_tshirts;CHANGED_HIGH_CONFIDENCE;AUTO_CONFIRMED_WITH_ATTRIBUTES;semantic_primary_product
pksc3mx3m3so;Акумулятор Westinghouse ICR18650 2500 mAh 3.7V Li-ion Flat Top без захисту;power_batteries;power_batteries;UNCHANGED;AUTO_CONFIRMED_WITH_ATTRIBUTES;semantic_primary_product
pksgi74yehnq;Маскувальна сітка M-Win Весняний камуфляж. Маскування весна, літо. 3х10 м (площа 30 кв.м.);camouflage_nets;camouflage_nets;UNCHANGED;AUTO_CONFIRMED_WITH_ATTRIBUTES;semantic_primary_product
pksr2fbpehn6;Антидронова маскувальна сітка M-WIN 3х6 м (площа 18 кв.м.);camouflage_antidrone;camouflage_antidrone;UNCHANGED;AUTO_CONFIRMED_WITH_ATTRIBUTES;semantic_primary_product
pkvfe690ogsa;Тактичні зимові черевики Ukr-Tec;footwear_shoes;footwear_shoes;UNCHANGED;AUTO_CONFIRMED_WITH_ATTRIBUTES;semantic_primary_product
pkwka3u2n1cc;Футболка поло Розмір;clothing_tshirts;clothing_tshirts;UNCHANGED;AUTO_CONFIRMED_WITH_ATTRIBUTES;semantic_primary_product
pkwwtxabm42v;Шкарпетки MIA INVISIBLE ультралегкі спортивні з вентиляцією;footwear_socks;footwear_socks;UNCHANGED;AUTO_CONFIRMED_WITH_ATTRIBUTES;semantic_primary_product
pkx5wu0rn1aq;Спрей від комах та кліщів ЕКСТРІМ безспиртовий 50 мл;field_hygiene;field_hygiene;UNCHANGED;AUTO_CONFIRMED_WITH_ATTRIBUTES;semantic_primary_product
pkxbv2m3m407;Ремінно-плечова система (РПС) Kiborg R-1 GEN.2;load_bearing_rps;load_bearing_rps;UNCHANGED;AUTO_CONFIRMED_WITH_ATTRIBUTES;semantic_primary_product
pkxelfdtogpn;Куртка тактична полегшена YINREN;clothing_jackets;clothing_jackets;UNCHANGED;AUTO_CONFIRMED_WITH_ATTRIBUTES;semantic_primary_product
pkxxx35gehoc;Маскувальна сітка M-Win Зелене листя. Маскування весна, літо. 2х3 м (площа 6 кв.м.);camouflage_nets;camouflage_nets;UNCHANGED;AUTO_CONFIRMED_WITH_ATTRIBUTES;semantic_primary_product
pl0u7ufom3zp;Підсумок під турнікет відкритого типу Militex | | З кріпленнями для ножиць і маркера;pouches_tourniquets;pouches_tourniquets;UNCHANGED;AUTO_CONFIRMED_WITH_ATTRIBUTES;semantic_primary_product
pl1t850um3vd;Відкидний чохол-тримач під смартфон / холдер для телефону;field_other;field_fasteners;CHANGED_HIGH_CONFIDENCE;AUTO_CONFIRMED_WITH_ATTRIBUTES;semantic_primary_product
pl20x1euehpq;Маскувальна сітка M-Win Листя осінь. Маскування весна, літо, осінь. 3х7 м (площа 21 кв.м.);camouflage_nets;camouflage_nets;UNCHANGED;AUTO_CONFIRMED_WITH_ATTRIBUTES;semantic_primary_product
pl3485a0ehqo;Маскувальна сітка M-WIN мультикам. Маскування зима. 3х4 м (площа 12 кв.м.);camouflage_nets;camouflage_nets;UNCHANGED;AUTO_CONFIRMED_WITH_ATTRIBUTES;semantic_primary_product
pl3bxmt8m40y;Сумка для захисту паху MILITEX з балістичним пакетом 1 класу;field_fasteners;armor_accessories;CHANGED_HIGH_CONFIDENCE;AUTO_CONFIRMED_WITH_ATTRIBUTES;semantic_primary_product
pl3jk7f9m3w6;Джгут турнікет для ЗСУ (Навчальний);medical_training;medical_training;UNCHANGED;AUTO_CONFIRMED_WITH_ATTRIBUTES;semantic_primary_product
pl3tpcnoehve;Маскувальна сітка M-Win Хижак. Маскування осінь, весна. 7х7 м (площа 49 кв.м.);camouflage_nets;camouflage_nets;UNCHANGED;AUTO_CONFIRMED_WITH_ATTRIBUTES;semantic_primary_product
pl4ogzt3m42w;Шолом захисний балістичний ECLIPSE GEN 2 HC;helmets_ballistic;helmets_ballistic;UNCHANGED;AUTO_CONFIRMED_WITH_ATTRIBUTES;semantic_primary_product
pl4rpojnogud;Шапка в`язана ДСНС;clothing_headwear;clothing_headwear;UNCHANGED;AUTO_CONFIRMED_WITH_ATTRIBUTES;semantic_primary_product
pl5cysdsehsh;Маскувальна сітка M-Win Піксель. Маскування весна, літо, осінь. 7х9 м (площа 63 кв.м.);camouflage_nets;camouflage_nets;UNCHANGED;AUTO_CONFIRMED_WITH_ATTRIBUTES;semantic_primary_product
pl5o2z47m3yg;Маскувальна сітка з основою 5х10м Militex;camouflage_nets;camouflage_nets;UNCHANGED;AUTO_CONFIRMED_WITH_ATTRIBUTES;semantic_primary_product
pl76dyp0m3y9;Лямки для ремінно-плечової системи (РПС) Kiborg;field_fasteners;load_bearing_shoulder;CHANGED_HIGH_CONFIDENCE;AUTO_CONFIRMED_WITH_ATTRIBUTES;semantic_primary_product
pl7a2mhgehpq;Маскувальна сітка M-Win Листя осінь. Маскування весна, літо, осінь. 6х7 м (площа 42 кв.м.);camouflage_nets;camouflage_nets;UNCHANGED;AUTO_CONFIRMED_WITH_ATTRIBUTES;semantic_primary_product
pl7cpdywm40y;Сумка 130л KIBORG BAG;bags_tactical_bags;bags_tactical_bags;UNCHANGED;AUTO_CONFIRMED_WITH_ATTRIBUTES;semantic_primary_product
pl7l0fjiehox;Маскувальна сітка M-Win Зелене листя. Маскування весна, літо. 9х10 м (площа 90 кв.м.);camouflage_nets;camouflage_nets;UNCHANGED;AUTO_CONFIRMED_WITH_ATTRIBUTES;semantic_primary_product
pl8cxbnqehty;Маскувальна сітка M-WIN Темний камуфляж. Маскування осінь, зима, весна. 7х10 м (площа 70 кв.м.);camouflage_nets;camouflage_nets;UNCHANGED;AUTO_CONFIRMED_WITH_ATTRIBUTES;semantic_primary_product
pl8ezu3kn1b0;Сумка-напашник Warrior Spirit;pouches_dangler;pouches_dangler;UNCHANGED;AUTO_CONFIRMED_WITH_ATTRIBUTES;semantic_primary_product
pl8jov8gm3zv;Поліамідний ремінь 3-х точковий для АК,РПК;weapon_accessories_slings;weapon_accessories_slings;UNCHANGED;AUTO_CONFIRMED_WITH_ATTRIBUTES;semantic_primary_product
pl8kj8guehtk;Маскувальна сітка M-WIN Темний камуфляж. Маскування осінь, зима, весна. 3х3 м (площа 9 кв.м.);camouflage_nets;camouflage_nets;UNCHANGED;AUTO_CONFIRMED_WITH_ATTRIBUTES;semantic_primary_product
pl8pqm5xm3wp;Зимова маскувальна сітка з основою 5х10м Militex Зимовий мультикам;camouflage_nets;camouflage_nets;UNCHANGED;AUTO_CONFIRMED_WITH_ATTRIBUTES;semantic_primary_product
pl9mohhanqb1;"Сорочка бойова UBACS ""ANTITERROR II"" (Rip-Stop + CoolPass + Ribana)";clothing_combat_shirts;clothing_combat_shirts;UNCHANGED;AUTO_CONFIRMED_WITH_ATTRIBUTES;semantic_primary_product
pl9trg79ogse;Тактичні кросівки Пегас;footwear_sneakers;footwear_sneakers;UNCHANGED;AUTO_CONFIRMED_WITH_ATTRIBUTES;semantic_primary_product
pl9zsbjgm3ze;Панама тактична PN-63 Militex;clothing_headwear;clothing_headwear;UNCHANGED;AUTO_CONFIRMED_WITH_ATTRIBUTES;semantic_primary_product
plaa6gn5m3yy;Маскувальна сітка Militex Мультикам бруд індивідуального розміру (50 грн за 1 кв.м.);camouflage_nets;camouflage_nets;UNCHANGED;AUTO_CONFIRMED_WITH_ATTRIBUTES;semantic_primary_product
plaalv32ehup;Маскувальна сітка M-Win Темний мультикам. Маскування весна, літо, осінь. 8х8 м (площа 64 кв.м.);camouflage_nets;camouflage_nets;UNCHANGED;AUTO_CONFIRMED_WITH_ATTRIBUTES;semantic_primary_product
plafpcutehtm;Маскувальна сітка M-WIN Темний камуфляж. Маскування осінь, зима, весна. 3х6 м (площа 18 кв.м.);camouflage_nets;camouflage_nets;UNCHANGED;AUTO_CONFIRMED_WITH_ATTRIBUTES;semantic_primary_product
plaz4kirogt9;Тактичні штани Soft Shell UKR-TEC мультикам 2;clothing_pants;clothing_pants;UNCHANGED;AUTO_CONFIRMED_WITH_ATTRIBUTES;semantic_primary_product
plbyzhd6m3x7;Зимові шкарпетки «Глорія»;footwear_socks;footwear_socks;UNCHANGED;AUTO_CONFIRMED_WITH_ATTRIBUTES;semantic_primary_product
plc0dfzvehud;Маскувальна сітка M-Win Темний мультикам. Маскування весна, літо, осінь. 4х4 м (площа 16 кв.м.);camouflage_nets;camouflage_nets;UNCHANGED;AUTO_CONFIRMED_WITH_ATTRIBUTES;semantic_primary_product
ple6mkkdn14i;"Збройовий ремінь RAGNAROK ""RAGNARR"" Gen.II (1/2-точковий)";weapon_accessories_slings;weapon_accessories_slings;UNCHANGED;AUTO_CONFIRMED_WITH_ATTRIBUTES;semantic_primary_product
ple6sjhnm42t;Чохол для екшн-камери RunCam Helmet Camera 4K (2 шт у комплекті,);electronics_cameras;electronics_accessories;CHANGED_HIGH_CONFIDENCE;AUTO_CONFIRMED_WITH_ATTRIBUTES;semantic_primary_product
plekkh9uehwa;Спальний мішок зимовий M-WIN Gen-2 (220х88 см);field_sleeping;field_sleeping;UNCHANGED;AUTO_CONFIRMED_WITH_ATTRIBUTES;semantic_primary_product
plf19xqbn12z;Балаклава тактична;clothing_balaclavas;clothing_balaclavas;UNCHANGED;AUTO_CONFIRMED_WITH_ATTRIBUTES;semantic_primary_product
plf7vd8xm3tb;Антидронова сітка (6×9 м) вічко 50 мм, нитка 1,8 мм, чорна міцна сітка для захисту техніки та позицій;camouflage_antidrone;camouflage_antidrone;UNCHANGED;AUTO_CONFIRMED_WITH_ATTRIBUTES;semantic_primary_product
plf8laadn1bl;Тактичний флісовий костюм розмір;clothing_costumes;clothing_costumes;UNCHANGED;AUTO_CONFIRMED_WITH_ATTRIBUTES;semantic_primary_product
plfs90zrehq2;Маскувальна сітка M-Win мультикам. Маскування весна, літо. 4х5 м (площа 20 кв.м.);camouflage_nets;camouflage_nets;UNCHANGED;AUTO_CONFIRMED_WITH_ATTRIBUTES;semantic_primary_product
plfsf2qeehsv;Маскувальна сітка M-Win Світлий мультикам. Маскування весна, літо, осінь. 3х8 м (площа 24 кв.м.);camouflage_nets;camouflage_nets;UNCHANGED;AUTO_CONFIRMED_WITH_ATTRIBUTES;semantic_primary_product
plga3rpuehrp;Маскувальна сітка M-Win Осінній мультикам. Маскування осінь, весна. 7х7 м (площа 49 кв.м.);camouflage_nets;camouflage_nets;UNCHANGED;AUTO_CONFIRMED_WITH_ATTRIBUTES;semantic_primary_product
plgeqnh6n18y;Підсумок під магазин АК/РПК одинарний відкритий (MOLLE, підсумок на розгрузку, жилет, РПС);pouches_magazines;pouches_magazines;UNCHANGED;AUTO_CONFIRMED_WITH_ATTRIBUTES;semantic_primary_product
plgm9sjbm404;Пояс РПС Militex R-3 GEN.2 з балістичним захистом 1 класу —;field_fasteners;load_bearing_belts;CHANGED_HIGH_CONFIDENCE;AUTO_CONFIRMED_WITH_ATTRIBUTES;semantic_primary_product
plgsjs9pehp1;Маскувальна сітка M-Win камуфляж. Маскування весна, літо, осінь. 20х20 м (площа 400 кв.м.);camouflage_nets;camouflage_nets;UNCHANGED;AUTO_CONFIRMED_WITH_ATTRIBUTES;semantic_primary_product
plgskik2n19h;Подвійний підсумок під магазин АК;pouches_magazines;pouches_magazines;UNCHANGED;AUTO_CONFIRMED_WITH_ATTRIBUTES;semantic_primary_product
plh8mns5ehob;Маскувальна сітка M-Win Зелене листя. Маскування весна, літо. 20х20 м (площа 400 кв.м.);camouflage_nets;camouflage_nets;UNCHANGED;AUTO_CONFIRMED_WITH_ATTRIBUTES;semantic_primary_product
plhcapu0eht7;Маскувальна сітка M-Win Світлий мультикам. Маскування весна, літо, осінь. 7х10 м (площа 70 кв.м.);camouflage_nets;camouflage_nets;UNCHANGED;AUTO_CONFIRMED_WITH_ATTRIBUTES;semantic_primary_product
pli1tyeim42q;Чоловіча легка зимова куртка-міні пуховик з утеплювачем G-Loft;clothing_jackets;clothing_jackets;UNCHANGED;AUTO_CONFIRMED_WITH_ATTRIBUTES;semantic_primary_product
pliclfopogqo;Рукавиці Mechanix безпалі;clothing_gloves;clothing_gloves;UNCHANGED;AUTO_CONFIRMED_WITH_ATTRIBUTES;semantic_primary_product
plizwsr5m3zn;Підсумок під 1 магазин Militex cordura USA;field_fasteners;pouches_magazines;CHANGED_HIGH_CONFIDENCE;AUTO_CONFIRMED_WITH_ATTRIBUTES;semantic_primary_product
plj8wp1sm3z2;Мережевий зарядний пристрій 220 В для радіостанцій Motorola DP / XPR / APX / R7;communications_accessories;power_accessories;CHANGED_HIGH_CONFIDENCE;AUTO_CONFIRMED_WITH_ATTRIBUTES;semantic_primary_product
pljf1tbdm41c;Сумка-напашник Kiborg GU з NIR-просоченням;field_fasteners;pouches_dangler;CHANGED_HIGH_CONFIDENCE;AUTO_CONFIRMED_WITH_ATTRIBUTES;semantic_primary_product
plklewu1ehno;Маскувальна сітка M-Win Весняний камуфляж. Маскування весна, літо. 2х5 м (площа 10 кв.м.);camouflage_nets;camouflage_nets;UNCHANGED;AUTO_CONFIRMED_WITH_ATTRIBUTES;semantic_primary_product
plllzpccoguv;Штани тактичні ріп-стоп сині;clothing_pants;clothing_pants;UNCHANGED;AUTO_CONFIRMED_WITH_ATTRIBUTES;semantic_primary_product
pllwku3tehn8;Антидронова маскувальна сітка M-WIN Листя осінь 3х6 м (площа 18 кв.м.);camouflage_antidrone;camouflage_antidrone;UNCHANGED;AUTO_CONFIRMED_WITH_ATTRIBUTES;semantic_primary_product
plmlzwitehw3;Панама тактична з короткими полями M-WIN Rip-stop розмір;clothing_headwear;clothing_headwear;UNCHANGED;AUTO_CONFIRMED_WITH_ATTRIBUTES;semantic_primary_product
plnh4606ehtw;Маскувальна сітка M-WIN Темний камуфляж. Маскування осінь, зима, весна. 6х6 м (площа 36 кв.м.);camouflage_nets;camouflage_nets;UNCHANGED;AUTO_CONFIRMED_WITH_ATTRIBUTES;semantic_primary_product
plnnnyndm3yv;Маскувальна сітка Militex Мультикам бруд 4х8м (площа 32 кв.м.);camouflage_nets;camouflage_nets;UNCHANGED;AUTO_CONFIRMED_WITH_ATTRIBUTES;semantic_primary_product
plo88ktnm3yt;Маскувальна сітка Militex Мультикам бруд 10х10м (площа 100 кв.м.);camouflage_nets;camouflage_nets;UNCHANGED;AUTO_CONFIRMED_WITH_ATTRIBUTES;semantic_primary_product
plobbj2hm3y1;Кросівки Crosco TEDA демісезоні 27+;footwear_sneakers;footwear_sneakers;UNCHANGED;AUTO_CONFIRMED_WITH_ATTRIBUTES;semantic_primary_product
plofe5m4ehw8;Прапор України 70×105 см — під древко. M-WIN;field_other;field_other;UNCHANGED;AUTO_CONFIRMED_WITH_ATTRIBUTES;semantic_primary_product
plogwpvxnqaq;"Куртка мілітарі ""KILBORN"" (Джинс)";clothing_jackets;clothing_jackets;UNCHANGED;AUTO_CONFIRMED_WITH_ATTRIBUTES;semantic_primary_product
plpkgqmvehps;Маскувальна сітка M-Win мультикам. Маскування весна, літо. 10х15 м (площа 150 кв.м.);camouflage_nets;camouflage_nets;UNCHANGED;AUTO_CONFIRMED_WITH_ATTRIBUTES;semantic_primary_product
plqa99r7m3tq;Балістичний захист 2 класу Militex для підсумка під захист живота M (30.8*15.8);armor_soft;armor_soft;UNCHANGED;AUTO_CONFIRMED_WITH_ATTRIBUTES;semantic_primary_product
plqgmfdym3ty;Балістичний пакет для бронежилета Militex камербанди 2шт. M/19,4*14,2 см (2 клас);armor_soft;armor_soft;UNCHANGED;AUTO_CONFIRMED_WITH_ATTRIBUTES;semantic_primary_product
plqpz10am3w4;Демісезонні компресійні шкарпетки MidDry;footwear_socks;footwear_socks;UNCHANGED;AUTO_CONFIRMED_WITH_ATTRIBUTES;semantic_primary_product
plqykn8wm3xz;Кріплення Archer NVGA-15 на dovetail;electronics_mounts;electronics_mounts;UNCHANGED;AUTO_CONFIRMED_WITH_ATTRIBUTES;semantic_primary_product
plr1b1jnogtz;Черевики зимові Комбат;footwear_shoes;footwear_shoes;UNCHANGED;AUTO_CONFIRMED_WITH_ATTRIBUTES;semantic_primary_product
plr6utweehnc;Бронежилет тактичний Cyborg. Плитоноска M-WIN GEN.2 XL-XXL. Комплект;armor_vests;armor_vests;UNCHANGED;AUTO_CONFIRMED_WITH_ATTRIBUTES;semantic_primary_product
plria8bmm3yt;Маскувальна сітка Militex Мультикам бруд 10х15м (площа 150 кв.м.);camouflage_nets;camouflage_nets;UNCHANGED;AUTO_CONFIRMED_WITH_ATTRIBUTES;semantic_primary_product
plrn5sivm3xr;Комплект плитоноска Kiborg Gen.2 + 2 підсумки з балістичним захистом 2 класу —;armor_carriers;armor_carriers;UNCHANGED;AUTO_CONFIRMED_WITH_ATTRIBUTES;semantic_primary_product
pls6emjim3wq;Зимова маскувальна сітка з основою 6х10м Militex Зимовий мультикам;camouflage_nets;camouflage_nets;UNCHANGED;AUTO_CONFIRMED_WITH_ATTRIBUTES;semantic_primary_product
plsa3ei7nqb0;Ремінь тактичний м'який (5 см) S.W.A.T. G2 (Поліамід);clothing_belts;clothing_belts;UNCHANGED;AUTO_CONFIRMED_WITH_ATTRIBUTES;semantic_primary_product
plswbdnim41b;Сумка-напашник Kiborg з балістичним пакетом 1 клас захисту Militex GU Сordura;armor_sets;pouches_dangler;CHANGED_HIGH_CONFIDENCE;AUTO_CONFIRMED_WITH_ATTRIBUTES;semantic_primary_product
plta37wcm3zl;Підсумок нерозсипайка (27*20*10 см) Kiborg;field_fasteners;pouches_dump;CHANGED_HIGH_CONFIDENCE;AUTO_CONFIRMED_WITH_ATTRIBUTES;semantic_primary_product
plw6q6vrm3xi;Комплект (захист живота + сумка) Militex Cordura original USA розмір;field_fasteners;armor_soft;CHANGED_HIGH_CONFIDENCE;AUTO_CONFIRMED_WITH_ATTRIBUTES;semantic_primary_product
plxmmjmbm3ze;Панама тактична PN-64 Militex;clothing_headwear;clothing_headwear;UNCHANGED;AUTO_CONFIRMED_WITH_ATTRIBUTES;semantic_primary_product
ply3lt7jeho0;Маскувальна сітка M-Win Весняний камуфляж. Маскування весна, літо. 5х8 м (площа 40 кв.м.);camouflage_nets;camouflage_nets;UNCHANGED;AUTO_CONFIRMED_WITH_ATTRIBUTES;semantic_primary_product
plyjcpiyogu4;Черевики тактичні всесезонні UKR-TEC Кобра;footwear_shoes;footwear_shoes;UNCHANGED;AUTO_CONFIRMED_WITH_ATTRIBUTES;semantic_primary_product
plz4jt67n156;Кишеньковий багатофункціональний інструмент 20 в 1;tools_tools;tools_tools;UNCHANGED;AUTO_CONFIRMED_WITH_ATTRIBUTES;semantic_primary_product
plzx1qgaogob;Зимова тактична жилетка, безрукавка на флісі та синтепоні;clothing_fleece;clothing_vests;CHANGED_HIGH_CONFIDENCE;AUTO_CONFIRMED_WITH_ATTRIBUTES;semantic_primary_product
pm01f453ehrd;Маскувальна сітка M-Win Осінній мультикам. Маскування осінь, весна. 3х4 м (площа 12 кв.м.);camouflage_nets;camouflage_nets;UNCHANGED;AUTO_CONFIRMED_WITH_ATTRIBUTES;semantic_primary_product
pm1m15ruogq7;Підсумок под аптечку;pouches_ifak;pouches_medical;CHANGED_HIGH_CONFIDENCE;AUTO_CONFIRMED_WITH_ATTRIBUTES;semantic_primary_product
pm24uejeehvn;Надміцна маскувальна сітка M-WIN 3х3 метри;camouflage_nets;camouflage_nets;UNCHANGED;AUTO_CONFIRMED_WITH_ATTRIBUTES;semantic_primary_product
pm28dvvxm3z6;Набір компресійних шкарпеток(рожевий+білий) Turbo P&W 2 пари з амортизацією та вентиляцією;footwear_socks;footwear_socks;UNCHANGED;AUTO_CONFIRMED_WITH_ATTRIBUTES;semantic_primary_product
pm36f4x0m3yc;Магазин прозорий FireON АR 5.56х45,.223REM;weapon_accessories_magazines;weapon_accessories_magazines;UNCHANGED;AUTO_CONFIRMED_WITH_ATTRIBUTES;semantic_primary_product
pm3kxo7kehtj;Маскувальна сітка M-WIN Темний камуфляж. Маскування осінь, зима, весна. 2х8 м (площа 16 кв.м.);camouflage_nets;camouflage_nets;UNCHANGED;AUTO_CONFIRMED_WITH_ATTRIBUTES;semantic_primary_product
pm41cfmxehvm;Надміцна маскувальна сітка M-WIN 1,5х9 метри;camouflage_nets;camouflage_nets;UNCHANGED;AUTO_CONFIRMED_WITH_ATTRIBUTES;semantic_primary_product
pm48eu89m429;Титанові бронеплити багаторазові 3 класу, вага 1,9кг (витримують влучання чергами);armor_plates;armor_plates;UNCHANGED;AUTO_CONFIRMED_WITH_ATTRIBUTES;semantic_primary_product
pm4g6m1om3ti;Армійська панама PLV (ріп-стоп) Синя;clothing_headwear;clothing_headwear;UNCHANGED;AUTO_CONFIRMED_WITH_ATTRIBUTES;semantic_primary_product
pm4i5k4hm3wo;Зимова маскувальна сітка з основою 3х5м Militex Зимовий мультикам;camouflage_nets;camouflage_nets;UNCHANGED;AUTO_CONFIRMED_WITH_ATTRIBUTES;semantic_primary_product
pm4pfi1aogpc;Кросівки тактичні полегшені з 3D сіткою, літні чорні;footwear_sneakers;footwear_sneakers;UNCHANGED;AUTO_CONFIRMED_WITH_ATTRIBUTES;semantic_primary_product
pm4td03sm41p;Тактичний балістичний шолом ECLIPSE MICH GEN 2;helmets_ballistic;helmets_ballistic;UNCHANGED;AUTO_CONFIRMED_WITH_ATTRIBUTES;semantic_primary_product
pm5b53odm3uj;Берці Forester Mid Force Waterproof B24W003A-17FO Vibram;footwear_boots;footwear_boots;UNCHANGED;AUTO_CONFIRMED_WITH_ATTRIBUTES;semantic_primary_product
pm71p7ymogox;Кофта флісова тактична з плащівкою;clothing_fleece;clothing_fleece;UNCHANGED;AUTO_CONFIRMED_WITH_ATTRIBUTES;semantic_primary_product
pm7jahsum40v;Спальний мішок з капюшоном Tactical Summer FS (73 220) Мультикам;field_sleeping;field_sleeping;UNCHANGED;AUTO_CONFIRMED_WITH_ATTRIBUTES;semantic_primary_product
pm80qlrzm3x9;Кавер Kiborg на шолом FAST-1;helmets_covers;helmets_covers;UNCHANGED;AUTO_CONFIRMED_WITH_ATTRIBUTES;semantic_primary_product
pma2bes8ogo3;Бойова сорочка UBACS CoolMax;clothing_combat_shirts;clothing_combat_shirts;UNCHANGED;AUTO_CONFIRMED_WITH_ATTRIBUTES;semantic_primary_product
pma95hirehwd;Утилітарний підсумок M-WIN;camouflage_nets;pouches_utility;CHANGED_HIGH_CONFIDENCE;AUTO_CONFIRMED_WITH_ATTRIBUTES;semantic_primary_product
pmc7ukerm3z7;Набір тактичних шкарпеток демісезон Running (2 пари);footwear_socks;footwear_socks;UNCHANGED;AUTO_CONFIRMED_WITH_ATTRIBUTES;semantic_primary_product
pmcsm6meehrw;Маскувальна сітка M-Win Піксель. Маскування весна, літо, осінь. 20х20 м (площа 400 кв.м.);camouflage_nets;camouflage_nets;UNCHANGED;AUTO_CONFIRMED_WITH_ATTRIBUTES;semantic_primary_product
pmd4g2zonqbg;Шапка тепла 270 (Фліс);clothing_headwear;clothing_headwear;UNCHANGED;AUTO_CONFIRMED_WITH_ATTRIBUTES;semantic_primary_product
pmdjwf3ueht1;Маскувальна сітка M-Win Світлий мультикам. Маскування весна, літо, осінь. 5х5 м (площа 25 кв.м.);camouflage_nets;camouflage_nets;UNCHANGED;AUTO_CONFIRMED_WITH_ATTRIBUTES;semantic_primary_product
pmfctnb1ogt0;Тактичні штани з еластичними вставками;clothing_pants;clothing_pants;UNCHANGED;AUTO_CONFIRMED_WITH_ATTRIBUTES;semantic_primary_product
pmfhgiecm3yk;Маскувальна сітка Militex 10х20м (площа 200 кв.м.);camouflage_nets;camouflage_nets;UNCHANGED;AUTO_CONFIRMED_WITH_ATTRIBUTES;semantic_primary_product
pmfuamguehoj;Маскувальна сітка M-Win Зелене листя. Маскування весна, літо. 3х7 м (площа 21 кв.м.);camouflage_nets;camouflage_nets;UNCHANGED;AUTO_CONFIRMED_WITH_ATTRIBUTES;semantic_primary_product
pmfx3xm0m436;Штани з наколінниками Kalista Military Full-Pro ріп-стоп;clothing_pants;clothing_pants;UNCHANGED;AUTO_CONFIRMED_WITH_ATTRIBUTES;semantic_primary_product
pmgmt7g3m3tx;Балістичний пакет для бронежилета Militex (спина 56,1*43,5 см/груди 37,7*39 см) — 2 клас;armor_soft;armor_soft;UNCHANGED;AUTO_CONFIRMED_WITH_ATTRIBUTES;semantic_primary_product
pmgru63rehtv;Маскувальна сітка M-WIN Темний камуфляж. Маскування осінь, зима, весна. 5х9 м (площа 45 кв.м.);camouflage_nets;camouflage_nets;UNCHANGED;AUTO_CONFIRMED_WITH_ATTRIBUTES;semantic_primary_product
pmh2tq5vogsl;Тактичні окуляри зі змінними лінзами;eye_protection_glasses;eye_protection_glasses;UNCHANGED;AUTO_CONFIRMED_WITH_ATTRIBUTES;semantic_primary_product
pmi34f2uogsk;Тактичні літні чоловічі кросівки Оса;footwear_sneakers;footwear_sneakers;UNCHANGED;AUTO_CONFIRMED_WITH_ATTRIBUTES;semantic_primary_product
pmiocojhehwd;Тактичні окуляри зі змінним склом. 3 лінзи.;helmets_ballistic;eye_protection_glasses;CHANGED_HIGH_CONFIDENCE;AUTO_CONFIRMED_WITH_ATTRIBUTES;semantic_primary_product
pmji0bbmm3tc;Антидронова сітка (9×6 м) вічко 100 мм, нитка 1,8 мм, чорна міцна сітка для захисту техніки та позицій;camouflage_antidrone;camouflage_antidrone;UNCHANGED;AUTO_CONFIRMED_WITH_ATTRIBUTES;semantic_primary_product
pmjk63xmehpe;Маскувальна сітка M-Win камуфляж. Маскування весна, літо, осінь. 5х10 м (площа 50 кв.м.);camouflage_nets;camouflage_nets;UNCHANGED;AUTO_CONFIRMED_WITH_ATTRIBUTES;semantic_primary_product
pmm6yi1sn18s;Підсумок під гранату закритий Warrior Spirit;pouches_grenades;pouches_grenades;UNCHANGED;AUTO_CONFIRMED_WITH_ATTRIBUTES;semantic_primary_product
pmmn4o5zehv4;Маскувальна сітка M-Win Хижак. Маскування осінь, весна. 4х10 м (площа 40 кв.м.);camouflage_nets;camouflage_nets;UNCHANGED;AUTO_CONFIRMED_WITH_ATTRIBUTES;semantic_primary_product
pmoow3h1ehpa;Маскувальна сітка M-Win камуфляж. Маскування весна, літо, осінь. 4х4 м (площа 16 кв.м.);camouflage_nets;camouflage_nets;UNCHANGED;AUTO_CONFIRMED_WITH_ATTRIBUTES;semantic_primary_product
pmpm5wx4m3wy;Зимова маскувальна сітка Militex Альпійська клякса 3х2,5м (площа 7,5 кв.м.);camouflage_nets;camouflage_nets;UNCHANGED;AUTO_CONFIRMED_WITH_ATTRIBUTES;semantic_primary_product
pmq4ivqdm3y2;Куртка військова зимова FS Чорна;clothing_jackets;clothing_jackets;UNCHANGED;AUTO_CONFIRMED_WITH_ATTRIBUTES;semantic_primary_product
pmq80p7oehpn;Маскувальна сітка M-Win камуфляж. Маскування весна, літо, осінь. 8х9 м (площа 72 кв.м.);camouflage_nets;camouflage_nets;UNCHANGED;AUTO_CONFIRMED_WITH_ATTRIBUTES;semantic_primary_product
pmqcffk2ehrz;Маскувальна сітка M-Win Піксель. Маскування весна, літо, осінь. 2х7 м (площа 14 кв.м.);camouflage_nets;camouflage_nets;UNCHANGED;AUTO_CONFIRMED_WITH_ATTRIBUTES;semantic_primary_product
pmqyd8gjehpr;Маскувальна сітка M-Win Листя осінь. Маскування весна, літо, осінь. 8х10 м (площа 80 кв.м.);camouflage_nets;camouflage_nets;UNCHANGED;AUTO_CONFIRMED_WITH_ATTRIBUTES;semantic_primary_product
pmrxstj3ehp2;Маскувальна сітка M-Win камуфляж. Маскування весна, літо, осінь. 2х4 м (площа 8 кв.м.);camouflage_nets;camouflage_nets;UNCHANGED;AUTO_CONFIRMED_WITH_ATTRIBUTES;semantic_primary_product
pmrzoao1eht0;Маскувальна сітка M-Win Світлий мультикам. Маскування весна, літо, осінь. 5х10 м (площа 50 кв.м.);camouflage_nets;camouflage_nets;UNCHANGED;AUTO_CONFIRMED_WITH_ATTRIBUTES;semantic_primary_product
pms23r33m423;Телескопічний приклад NORD Key-Arma для AR/AK Mill spec Polymer1470;weapon_accessories_stocks;weapon_accessories_stocks;UNCHANGED;AUTO_CONFIRMED_WITH_ATTRIBUTES;semantic_primary_product
pmsoha46ogv5;Штани штурмові;clothing_pants;clothing_pants;UNCHANGED;AUTO_CONFIRMED_WITH_ATTRIBUTES;semantic_primary_product
pmtf30t5m426;Термоковдра Blizzard Survival Bag Зелена;field_blankets;field_blankets;UNCHANGED;AUTO_CONFIRMED_WITH_ATTRIBUTES;semantic_primary_product
pmuss2yyehsy;Маскувальна сітка M-Win Світлий мультикам. Маскування весна, літо, осінь. 4х6 м (площа 24 кв.м.);camouflage_nets;camouflage_nets;UNCHANGED;AUTO_CONFIRMED_WITH_ATTRIBUTES;semantic_primary_product
pmuxedfqm3x8;Кавер на шолом Denmark;helmets_covers;helmets_covers;UNCHANGED;AUTO_CONFIRMED_WITH_ATTRIBUTES;semantic_primary_product
pmvw0d6yehtc;Маскувальна сітка M-Win Світлий мультикам. Маскування весна, літо, осінь. 9х9 м (площа 81 кв.м.);camouflage_nets;camouflage_nets;UNCHANGED;AUTO_CONFIRMED_WITH_ATTRIBUTES;semantic_primary_product
pmwcxh6sehq8;Маскувальна сітка M-Win мультикам. Маскування весна, літо. 6х10 м (площа 60 кв.м.);camouflage_nets;camouflage_nets;UNCHANGED;AUTO_CONFIRMED_WITH_ATTRIBUTES;semantic_primary_product
pmwlh3efm40e;Рукавиці чорні Mechanix ColdWork Base Layer;clothing_gloves;clothing_gloves;UNCHANGED;AUTO_CONFIRMED_WITH_ATTRIBUTES;semantic_primary_product
pmx2hku1n1c1;Термостійкі рукавиці Чорні;clothing_gloves;clothing_gloves;UNCHANGED;AUTO_CONFIRMED_WITH_ATTRIBUTES;semantic_primary_product
pmxpgq8qogr9;Тактична куртка ветровка Кайман мультикам;clothing_jackets;clothing_jackets;UNCHANGED;AUTO_CONFIRMED_WITH_ATTRIBUTES;semantic_primary_product
pmxy7xoqm3zr;Підсумок/противага на шолом з грузиками (270 г);helmets_ballistic;pouches_other;CHANGED_HIGH_CONFIDENCE;AUTO_CONFIRMED_WITH_ATTRIBUTES;semantic_primary_product
pmyv706rm3yf;Маскувальна сітка з основою 2х5м Militex;camouflage_nets;camouflage_nets;UNCHANGED;AUTO_CONFIRMED_WITH_ATTRIBUTES;semantic_primary_product
pmznn7xyogoi;Кепка НГУ з кокардою;clothing_headwear;clothing_headwear;UNCHANGED;AUTO_CONFIRMED_WITH_ATTRIBUTES;semantic_primary_product
pmzv5wzcogqi;Ремінь офіцерський портупея, шкіра;clothing_belts;clothing_belts;UNCHANGED;AUTO_CONFIRMED_WITH_ATTRIBUTES;semantic_primary_product
pn057j0fm425;Термоковдра рятувальна 160cm x 210cm Золото/Срібло;field_blankets;field_blankets;UNCHANGED;AUTO_CONFIRMED_WITH_ATTRIBUTES;semantic_primary_product
pn1leleqehw7;Прапор України 100×150 см — з люверсами. M-WIN;field_other;field_other;UNCHANGED;AUTO_CONFIRMED_WITH_ATTRIBUTES;semantic_primary_product
pn2mtc9dm3zm;Підсумок під 1 гранату Kiborg GU;pouches_grenades;pouches_grenades;UNCHANGED;AUTO_CONFIRMED_WITH_ATTRIBUTES;semantic_primary_product
pn3ylpfkm3zx;Польовий розкладний каремат з наповнювачем;field_mats;field_mats;UNCHANGED;AUTO_CONFIRMED_WITH_ATTRIBUTES;semantic_primary_product
pn4xxa9sm42v;Шапка-балаклава в'язана на флісі;clothing_balaclavas;clothing_balaclavas;UNCHANGED;AUTO_CONFIRMED_WITH_ATTRIBUTES;semantic_primary_product
pn56pd6sm3u1;Балістичний пакет для РПС Kiborg R-1 розмір (М) 89,5*19,1 Militex (2 клас захисту);armor_soft;armor_soft;UNCHANGED;AUTO_CONFIRMED_WITH_ATTRIBUTES;semantic_primary_product
pn66kdfzehpp;Маскувальна сітка M-Win Листя осінь. Маскування весна, літо, осінь. 2х5 м (площа 10 кв.м.);camouflage_nets;camouflage_nets;UNCHANGED;AUTO_CONFIRMED_WITH_ATTRIBUTES;semantic_primary_product
pn68tcysn1aw;Сумка скидання магазинів USA;pouches_dump;pouches_dump;UNCHANGED;AUTO_CONFIRMED_WITH_ATTRIBUTES;semantic_primary_product
pn6xqq73m406;Ремені плечові (лямки) для пояса РПС;field_fasteners;load_bearing_shoulder;CHANGED_HIGH_CONFIDENCE;AUTO_CONFIRMED_WITH_ATTRIBUTES;semantic_primary_product
pn79u98jehpq;Маскувальна сітка M-Win Листя осінь. Маскування весна, літо, осінь. 7х7 м (площа 49 кв.м.);camouflage_nets;camouflage_nets;UNCHANGED;AUTO_CONFIRMED_WITH_ATTRIBUTES;semantic_primary_product
pn7boddam3y4;Легка літня сіра куртка вітровка Call Dragon 2.0;clothing_jackets;clothing_jackets;UNCHANGED;AUTO_CONFIRMED_WITH_ATTRIBUTES;semantic_primary_product
pn7stangm3t8;Антидронова сітка (6×65 м) вічко 50 мм, нитка 1,8 мм, чорна міцна сітка для захисту техніки та позицій;camouflage_antidrone;camouflage_antidrone;UNCHANGED;AUTO_CONFIRMED_WITH_ATTRIBUTES;semantic_primary_product
pn7vspq9ogoa;Зимова тактична військова куртка Army Omni-Heat, піксель.;clothing_jackets;clothing_jackets;UNCHANGED;AUTO_CONFIRMED_WITH_ATTRIBUTES;semantic_primary_product
pn8guco0ogup;Штани польові ріп-стоп мультикам;clothing_pants;clothing_pants;UNCHANGED;AUTO_CONFIRMED_WITH_ATTRIBUTES;semantic_primary_product
pn8kcgp4ehpz;Маскувальна сітка M-Win мультикам. Маскування весна, літо. 3х6 м (площа 18 кв.м.);camouflage_nets;camouflage_nets;UNCHANGED;AUTO_CONFIRMED_WITH_ATTRIBUTES;semantic_primary_product
pna0z0uyogry;Тактичні демісезонні берці Патріот;footwear_boots;footwear_boots;UNCHANGED;AUTO_CONFIRMED_WITH_ATTRIBUTES;semantic_primary_product
pna7aeg0m3xv;Комплект Kiborg Плитоноска GU gen.2 + 8 підсумків;armor_carriers;armor_carriers;UNCHANGED;AUTO_CONFIRMED_WITH_ATTRIBUTES;semantic_primary_product
pnadg0hfm3x8;Кавер на шолом Sestan-Busch;helmets_covers;helmets_covers;UNCHANGED;AUTO_CONFIRMED_WITH_ATTRIBUTES;semantic_primary_product
pnav2pkdm3yg;Маскувальна сітка з основою 5х5м Militex;camouflage_nets;camouflage_nets;UNCHANGED;AUTO_CONFIRMED_WITH_ATTRIBUTES;semantic_primary_product
pncnb1h2ehn7;Антидронова маскувальна сітка M-WIN Листя осінь 2х6 м (площа 12 кв.м.);camouflage_antidrone;camouflage_antidrone;UNCHANGED;AUTO_CONFIRMED_WITH_ATTRIBUTES;semantic_primary_product
pncoo7v6m3u9;Балістичний пакет Militex для сумки-напашника XL 25,5*16*17 (2 клас захисту);armor_soft;armor_soft;UNCHANGED;AUTO_CONFIRMED_WITH_ATTRIBUTES;semantic_primary_product
pndinyrvnqbd;"Футболка з принтом ""ZOMBIE HUNTER"" (Бавовна)";clothing_tshirts;clothing_tshirts;UNCHANGED;AUTO_CONFIRMED_WITH_ATTRIBUTES;semantic_primary_product
pndwqhgzehq0;Маскувальна сітка M-Win мультикам. Маскування весна, літо. 3х9 м (площа 27 кв.м.);camouflage_nets;camouflage_nets;UNCHANGED;AUTO_CONFIRMED_WITH_ATTRIBUTES;semantic_primary_product
pne6tqe7m3zr;Підсумок-аптечка (швидкий скид) Kiborg GU Cordura;pouches_ifak;pouches_medical;CHANGED_HIGH_CONFIDENCE;AUTO_CONFIRMED_WITH_ATTRIBUTES;semantic_primary_product
pne9mg7lehud;Маскувальна сітка M-Win Темний мультикам. Маскування весна, літо, осінь. 4х10 м (площа 40 кв.м.);camouflage_nets;camouflage_nets;UNCHANGED;AUTO_CONFIRMED_WITH_ATTRIBUTES;semantic_primary_product
pnepqhxgm3tw;Балістичний пакет 30*38 Militex (2 клас захисту);armor_soft;armor_soft;UNCHANGED;AUTO_CONFIRMED_WITH_ATTRIBUTES;semantic_primary_product
pnf9fj4zm3zo;Підсумок під захист живота Militex з Cordura original USA;field_fasteners;armor_accessories;CHANGED_HIGH_CONFIDENCE;AUTO_CONFIRMED_WITH_ATTRIBUTES;semantic_primary_product
pngaa36gehp2;Маскувальна сітка M-Win камуфляж. Маскування весна, літо, осінь. 2х3 м (площа 6 кв.м.);camouflage_nets;camouflage_nets;UNCHANGED;AUTO_CONFIRMED_WITH_ATTRIBUTES;semantic_primary_product
pngfuqs3m3wg;Захист плечей Kiborg з балістичним захистом 2 клас Militex;armor_sets;armor_soft;CHANGED_HIGH_CONFIDENCE;AUTO_CONFIRMED_WITH_ATTRIBUTES;semantic_primary_product
pngjvydiogqv;Спрей для замші і нубука Rauleder Pflege 300мл;footwear_accessories;footwear_accessories;UNCHANGED;AUTO_CONFIRMED_WITH_ATTRIBUTES;semantic_primary_product
pnh2er1qehpq;Маскувальна сітка M-Win Листя осінь. Маскування весна, літо, осінь. 5х8 м (площа 40 кв.м.);camouflage_nets;camouflage_nets;UNCHANGED;AUTO_CONFIRMED_WITH_ATTRIBUTES;semantic_primary_product
pnh2yltoogsx;Тактичні чоловічі літні кросівки Ягуар;footwear_sneakers;footwear_sneakers;UNCHANGED;AUTO_CONFIRMED_WITH_ATTRIBUTES;semantic_primary_product
pni9el9gehqu;Маскувальна сітка M-WIN мультикам. Маскування зима. 4х9 м (площа 36 кв.м.);camouflage_nets;camouflage_nets;UNCHANGED;AUTO_CONFIRMED_WITH_ATTRIBUTES;semantic_primary_product
pnio620wogo6;Бушлат зимовий, ріп-стоп;camouflage_nets;clothing_jackets;CHANGED_HIGH_CONFIDENCE;AUTO_CONFIRMED_WITH_ATTRIBUTES;semantic_primary_product
pnk8v3vdehpg;Маскувальна сітка M-Win камуфляж. Маскування весна, літо, осінь. 5х8 м (площа 40 кв.м.);camouflage_nets;camouflage_nets;UNCHANGED;AUTO_CONFIRMED_WITH_ATTRIBUTES;semantic_primary_product
pnmwtwerm41b;Сумка-напашник Kiborg з балістичним захистом 2 клас Militex Чорна;pouches_dangler;pouches_dangler;UNCHANGED;AUTO_CONFIRMED_WITH_ATTRIBUTES;semantic_primary_product
pnn594cyehw3;Панама тактична з короткими полями -WIN Rip-stop розмір М;clothing_headwear;clothing_headwear;UNCHANGED;AUTO_CONFIRMED_WITH_ATTRIBUTES;semantic_primary_product
pnn8l3vom3uo;Бойовий комплект спецпризначення чорні (Штурмові штани зі стрейч-ефектом та Ubacs);clothing_combat_shirts;clothing_costumes;CHANGED_HIGH_CONFIDENCE;AUTO_CONFIRMED_WITH_ATTRIBUTES;semantic_primary_product
pnnainf9m41u;Тактичні берці Forester High 6002FO чоловічі;footwear_boots;footwear_boots;UNCHANGED;AUTO_CONFIRMED_WITH_ATTRIBUTES;semantic_primary_product
pnney7h3m3tk;Балаклава флісова Militex;clothing_balaclavas;clothing_balaclavas;UNCHANGED;AUTO_CONFIRMED_WITH_ATTRIBUTES;semantic_primary_product
pnno9qbdn1a6;Рукавички MECHANIX -PACT Розмір;clothing_gloves;clothing_gloves;UNCHANGED;AUTO_CONFIRMED_WITH_ATTRIBUTES;semantic_primary_product
pno9d9lfehpq;Маскувальна сітка M-Win Листя осінь. Маскування весна, літо, осінь. 6х6 м (площа 36 кв.м.);camouflage_nets;camouflage_nets;UNCHANGED;AUTO_CONFIRMED_WITH_ATTRIBUTES;semantic_primary_product
pno9u2kqogtd;Тактичні штани, штани Taktical, мультікам;clothing_pants;clothing_pants;UNCHANGED;AUTO_CONFIRMED_WITH_ATTRIBUTES;semantic_primary_product
pnobl3uaogpg;Кросівки M-Tac Summer Sport;footwear_sneakers;footwear_sneakers;UNCHANGED;AUTO_CONFIRMED_WITH_ATTRIBUTES;semantic_primary_product
pnojnx88ehrj;Маскувальна сітка M-Win Осінній мультикам. Маскування осінь, весна. 5х5 м (площа 25 кв.м.);camouflage_nets;camouflage_nets;UNCHANGED;AUTO_CONFIRMED_WITH_ATTRIBUTES;semantic_primary_product
pnoqab8bogq4;Панама з короткими полями та кріпленням Molle мультикам пиксель;clothing_headwear;clothing_headwear;UNCHANGED;AUTO_CONFIRMED_WITH_ATTRIBUTES;semantic_primary_product
pnp6yuqqm3ym;Маскувальна сітка Militex 5х10м (площа 50 кв.м.);camouflage_nets;camouflage_nets;UNCHANGED;AUTO_CONFIRMED_WITH_ATTRIBUTES;semantic_primary_product
pnpcjvmom3vg;Водонепроникні зимові бахіли з шипами, NEOS;footwear_gaiters;footwear_gaiters;UNCHANGED;AUTO_CONFIRMED_WITH_ATTRIBUTES;semantic_primary_product
pnpqc77xogue;Шапка вязана зимова на флісі;clothing_headwear;clothing_headwear;UNCHANGED;AUTO_CONFIRMED_WITH_ATTRIBUTES;semantic_primary_product
pnq9n362ehpp;Маскувальна сітка M-Win Листя осінь. Маскування весна, літо, осінь. 2х10 м (площа 20 кв.м.);camouflage_nets;camouflage_nets;UNCHANGED;AUTO_CONFIRMED_WITH_ATTRIBUTES;semantic_primary_product
pnrv6h1on154;Кейс під гвинтівку AR 1м Warrior Spirit;weapon_accessories_cases;weapon_accessories_cases;UNCHANGED;AUTO_CONFIRMED_WITH_ATTRIBUTES;semantic_primary_product
pnrvyqqnm3y5;Літні тактичні кросівки Undolini USA;footwear_sneakers;footwear_sneakers;UNCHANGED;AUTO_CONFIRMED_WITH_ATTRIBUTES;semantic_primary_product
pns3sniem3uz;Бронежилет Modular X-1 Militex Militex (без підсумків);armor_vests;armor_vests;UNCHANGED;AUTO_CONFIRMED_WITH_ATTRIBUTES;semantic_primary_product
pnsvplwlehsd;Маскувальна сітка M-Win Піксель. Маскування весна, літо, осінь. 6х6 м (площа 36 кв.м.);camouflage_nets;camouflage_nets;UNCHANGED;AUTO_CONFIRMED_WITH_ATTRIBUTES;semantic_primary_product
pntl59w1nqai;"Комплект мілітарі ""TRAVEL DEFENCE"" 2 в 1 (Таслан + Мікрофліс)";clothing_fleece;clothing_costumes;CHANGED_HIGH_CONFIDENCE;SUPPLIER_MAPPING;unambiguous_supplier_mapping
pntvgsjfn155;Кейс тактичний під гвинтівку снайпера 1,5 м;weapon_accessories_cases;weapon_accessories_cases;UNCHANGED;AUTO_CONFIRMED_WITH_ATTRIBUTES;semantic_primary_product
pnurwauvehpm;Маскувальна сітка M-Win камуфляж. Маскування весна, літо, осінь. 7х9 м (площа 63 кв.м.);camouflage_nets;camouflage_nets;UNCHANGED;AUTO_CONFIRMED_WITH_ATTRIBUTES;semantic_primary_product
pnutmz45ehtu;Маскувальна сітка M-WIN Темний камуфляж. Маскування осінь, зима, весна. 5х8 м (площа 40 кв.м.);camouflage_nets;camouflage_nets;UNCHANGED;AUTO_CONFIRMED_WITH_ATTRIBUTES;semantic_primary_product
pny5sk5uogry;Тактичні демісезонні кросівки /сірі;footwear_sneakers;footwear_sneakers;UNCHANGED;AUTO_CONFIRMED_WITH_ATTRIBUTES;semantic_primary_product
pnzivipwehti;Маскувальна сітка M-WIN Темний камуфляж. Маскування осінь, зима, весна. 2х7 м (площа 14 кв.м.);camouflage_nets;camouflage_nets;UNCHANGED;AUTO_CONFIRMED_WITH_ATTRIBUTES;semantic_primary_product
po02zvwcm3zk;Підсумок для навушників Sound Guard у розмірі —;pouches_other;pouches_other;UNCHANGED;AUTO_CONFIRMED_WITH_ATTRIBUTES;semantic_primary_product
po07h5nmogqz;Тактична бейсболка, кепка;camouflage_nets;clothing_headwear;CHANGED_HIGH_CONFIDENCE;AUTO_CONFIRMED_WITH_ATTRIBUTES;semantic_primary_product
po08tphnm3v5;Бронеплити титано-керамічні 5 класу, розмір М 250*300, вага 2.6-2,8кг;armor_plates;armor_plates;UNCHANGED;AUTO_CONFIRMED_WITH_ATTRIBUTES;semantic_primary_product
po13pxwbn152;Каремат-сидіння EGear;field_mats;field_seats;CHANGED_HIGH_CONFIDENCE;AUTO_CONFIRMED_WITH_ATTRIBUTES;semantic_primary_product
po1e35pfogul;Шкарпетки чоловічі літні «Олива» високі трекінгові посилені;footwear_socks;footwear_socks;UNCHANGED;AUTO_CONFIRMED_WITH_ATTRIBUTES;semantic_primary_product
po1qxkapehp9;Маскувальна сітка M-Win камуфляж. Маскування весна, літо, осінь. 3х9 м (площа 27 кв.м.);camouflage_nets;camouflage_nets;UNCHANGED;AUTO_CONFIRMED_WITH_ATTRIBUTES;semantic_primary_product
po2lsdcem410;Сумка Militex для шолому з матеріалу Cordura original USA;bags_tactical_bags;bags_tactical_bags;UNCHANGED;AUTO_CONFIRMED_WITH_ATTRIBUTES;semantic_primary_product
po2ze0v8ogq8;Підсумок потрійний під магазини;pouches_magazines;pouches_magazines;UNCHANGED;AUTO_CONFIRMED_WITH_ATTRIBUTES;semantic_primary_product
po3razd0m3wp;Зимова маскувальна сітка з основою 5х5м Militex Зимовий мультикам;camouflage_nets;camouflage_nets;UNCHANGED;AUTO_CONFIRMED_WITH_ATTRIBUTES;semantic_primary_product
po3xsozxm407;Ремінно-плечова система Kiborg R-2 з IRR покриттям;load_bearing_shoulder;load_bearing_rps;CHANGED_HIGH_CONFIDENCE;AUTO_CONFIRMED_WITH_ATTRIBUTES;semantic_primary_product
po3z7j1ym3wx;Зимова маскувальна сітка Militex Альпійська клякса 10х20м (площа 200 кв.м.);camouflage_nets;camouflage_nets;UNCHANGED;AUTO_CONFIRMED_WITH_ATTRIBUTES;semantic_primary_product
po4mrctwehpa;Маскувальна сітка M-Win камуфляж. Маскування весна, літо, осінь. 4х10 м (площа 40 кв.м.);camouflage_nets;camouflage_nets;UNCHANGED;AUTO_CONFIRMED_WITH_ATTRIBUTES;semantic_primary_product
po4ugg14m3yu;Маскувальна сітка Militex Мультикам бруд 2х2,5м (площа 5 кв. м.);camouflage_nets;camouflage_nets;UNCHANGED;AUTO_CONFIRMED_WITH_ATTRIBUTES;semantic_primary_product
po5ip09jm3ve;Вітрозахисна флісова кофта Militex mod. 6 —;clothing_fleece;clothing_fleece;UNCHANGED;AUTO_CONFIRMED_WITH_ATTRIBUTES;semantic_primary_product
po5kjbifm41r;Тактичний костюм Tactical Flex Pro FS (4WStretch) (куртка та штани);clothing_pants;clothing_costumes;CHANGED_HIGH_CONFIDENCE;AUTO_CONFIRMED_WITH_ATTRIBUTES;semantic_primary_product
po6ckx9xognd;Баул, великий рюкзак / сумка 65 л;bags_duffel;bags_duffel;UNCHANGED;AUTO_CONFIRMED_WITH_ATTRIBUTES;semantic_primary_product
po6mr1v0ehnc;Бронежилет тактичний Cyborg. Плитоноска M-WIN GEN.2 XL-XX. Комплект;armor_vests;armor_vests;UNCHANGED;AUTO_CONFIRMED_WITH_ATTRIBUTES;semantic_primary_product
po74czeteho1;Маскувальна сітка M-Win Весняний камуфляж. Маскування весна, літо. 5х9 м (площа 45 кв.м.);camouflage_nets;camouflage_nets;UNCHANGED;AUTO_CONFIRMED_WITH_ATTRIBUTES;semantic_primary_product
po77lpxnogv4;Штани тактичні, штани ріп-стоп;clothing_pants;clothing_pants;UNCHANGED;AUTO_CONFIRMED_WITH_ATTRIBUTES;semantic_primary_product
po7a2yeum42g;Утилітарний підсумок для малогабаритного спорядження;pouches_utility;pouches_utility;UNCHANGED;AUTO_CONFIRMED_WITH_ATTRIBUTES;semantic_primary_product
po8am11kn15c;Компактний перманентний маркер для турнікету Rhino Rescue;medical_tourniquets;medical_other;CHANGED_HIGH_CONFIDENCE;AUTO_CONFIRMED_WITH_ATTRIBUTES;semantic_primary_product
po8ksd02m41z;Тактичні рукавиці MOG Target High Abrasion;clothing_gloves;clothing_gloves;UNCHANGED;AUTO_CONFIRMED_WITH_ATTRIBUTES;semantic_primary_product
po8rxd6yehqe;Маскувальна сітка M-Win мультикам. Маскування весна, літо. 8х9 м (площа 72 кв.м.);camouflage_nets;camouflage_nets;UNCHANGED;AUTO_CONFIRMED_WITH_ATTRIBUTES;semantic_primary_product
po9245sgogty;Черевики демісезонні Комбат;footwear_shoes;footwear_shoes;UNCHANGED;AUTO_CONFIRMED_WITH_ATTRIBUTES;semantic_primary_product
po9fpgfgm3zk;Підсумок для 2 гранат Militex Cordura original USA;pouches_grenades;pouches_grenades;UNCHANGED;AUTO_CONFIRMED_WITH_ATTRIBUTES;semantic_primary_product
po9nbe7rm3sn;Активні навушники Walker's Razor Slim Patriot Original (Оливковий);communications_headphones;communications_headphones;UNCHANGED;AUTO_CONFIRMED_WITH_ATTRIBUTES;semantic_primary_product
poaxw9pteho7;Маскувальна сітка M-Win Весняний камуфляж. Маскування весна, літо. 8х8 м (площа 64 кв.м.);camouflage_nets;camouflage_nets;UNCHANGED;AUTO_CONFIRMED_WITH_ATTRIBUTES;semantic_primary_product
poc8lk4tehnb;Балістичний захист шиї / Горжет 2 клас M-WIN;armor_sets;armor_soft;CHANGED_HIGH_CONFIDENCE;AUTO_CONFIRMED_WITH_ATTRIBUTES;semantic_primary_product
poc9mbelm3wi;Захист попереку Gen.2 з балістичним захистом 1 класу Militex Cordura original USA;field_fasteners;armor_soft;CHANGED_HIGH_CONFIDENCE;AUTO_CONFIRMED_WITH_ATTRIBUTES;semantic_primary_product
poccm8jlm3sw;Антидронова сітка (11×6 м) вічко 70 мм, нитка 1,8 мм, чорна міцна сітка для захисту техніки та позицій;camouflage_antidrone;camouflage_antidrone;UNCHANGED;AUTO_CONFIRMED_WITH_ATTRIBUTES;semantic_primary_product
pocqefsnm3tq;Балістичний захист 2 класу Militex для поясу РПС R-3 — L (102*20,6 см);load_bearing_rps;armor_soft;CHANGED_HIGH_CONFIDENCE;AUTO_CONFIRMED_WITH_ATTRIBUTES;semantic_primary_product
pody8b2fm400;Посилений підсумок Kiborg GU Single Mag Pouch;field_fasteners;pouches_magazines;CHANGED_HIGH_CONFIDENCE;AUTO_CONFIRMED_WITH_ATTRIBUTES;semantic_primary_product
poe5skbkm3xe;Кевларовий шолом FAST Kevlar GEN III AGGRESSIVE;helmets_ballistic;helmets_ballistic;UNCHANGED;AUTO_CONFIRMED_WITH_ATTRIBUTES;semantic_primary_product
poee6dgiehqx;Маскувальна сітка M-WIN мультикам. Маскування зима. 5х9 м (площа 45 кв.м.);camouflage_nets;camouflage_nets;UNCHANGED;AUTO_CONFIRMED_WITH_ATTRIBUTES;semantic_primary_product
poefm9whogqd;Поло, тактична футболка Combat;clothing_tshirts;clothing_tshirts;UNCHANGED;AUTO_CONFIRMED_WITH_ATTRIBUTES;semantic_primary_product
pof36486m3zb;Односекційний каремат п'ятиточка П-1 Оксфорд;field_seats;field_seats;UNCHANGED;AUTO_CONFIRMED_WITH_ATTRIBUTES;semantic_primary_product
pofkawtdehw6;Плечові лямки для тактичних поясів РПС M-WIN;field_fasteners;load_bearing_shoulder;CHANGED_HIGH_CONFIDENCE;AUTO_CONFIRMED_WITH_ATTRIBUTES;semantic_primary_product
pohbcxgneht4;Маскувальна сітка M-Win Світлий мультикам. Маскування весна, літо, осінь. 6х10 м (площа 60 кв.м.);camouflage_nets;camouflage_nets;UNCHANGED;AUTO_CONFIRMED_WITH_ATTRIBUTES;semantic_primary_product
pohn6txbm3zg;Перехідник блок живлення для заряджання телефона від fpv батареї 2 USB + 1 TYPE - C виходи Kiborg;power_stations;power_cables;CHANGED_HIGH_CONFIDENCE;AUTO_CONFIRMED_WITH_ATTRIBUTES;semantic_primary_product
pohts2mtogp9;Кросівки тактичні літні Пегас;footwear_sneakers;footwear_sneakers;UNCHANGED;AUTO_CONFIRMED_WITH_ATTRIBUTES;semantic_primary_product
pohxs9n2ogp5;Кросівки тактичні демісезонні Ukr-Tec (47,48);footwear_sneakers;footwear_sneakers;UNCHANGED;AUTO_CONFIRMED_WITH_ATTRIBUTES;semantic_primary_product
poi130ztnqae;"Кітель польовий ""VOЇN"" (Rip-Stop)";clothing_costumes;clothing_combat_shirts;CHANGED_HIGH_CONFIDENCE;AUTO_CONFIRMED_WITH_ATTRIBUTES;semantic_primary_product
poi2xfnln12v;Анорак тактичний Розмір;clothing_jackets;clothing_jackets;UNCHANGED;AUTO_CONFIRMED_WITH_ATTRIBUTES;semantic_primary_product
poi7in1om425;Термоковдра ФАРМ ХЕЛПЕР рятувальна 160 х 210 см;field_blankets;field_blankets;UNCHANGED;AUTO_CONFIRMED_WITH_ATTRIBUTES;semantic_primary_product
poi7n6dgogs3;Тактичні зимові берці на блискавці UKR-TEC;footwear_boots;footwear_boots;UNCHANGED;AUTO_CONFIRMED_WITH_ATTRIBUTES;semantic_primary_product
poibtqkqehnt;Маскувальна сітка M-Win Весняний камуфляж. Маскування весна, літо. 3х7 м (площа 21 кв.м.);camouflage_nets;camouflage_nets;UNCHANGED;AUTO_CONFIRMED_WITH_ATTRIBUTES;semantic_primary_product
poj8et5uehs4;Маскувальна сітка M-Win Піксель. Маскування весна, літо, осінь. 3х6 м (площа 18 кв.м.);camouflage_nets;camouflage_nets;UNCHANGED;AUTO_CONFIRMED_WITH_ATTRIBUTES;semantic_primary_product
pojl9a41ogru;Тактичні всесезонні берці Пегас на мембрані;footwear_boots;footwear_boots;UNCHANGED;AUTO_CONFIRMED_WITH_ATTRIBUTES;semantic_primary_product
pojo2ccuehpp;Маскувальна сітка M-Win Листя осінь. Маскування весна, літо, осінь. 2х8 м (площа 16 кв.м.);camouflage_nets;camouflage_nets;UNCHANGED;AUTO_CONFIRMED_WITH_ATTRIBUTES;semantic_primary_product
pokmjg48m3t7;Антидронова сітка (6×6 м) вічко 70 мм, нитка 1,8 мм, чорна міцна сітка для захисту техніки та позицій;camouflage_antidrone;camouflage_antidrone;UNCHANGED;AUTO_CONFIRMED_WITH_ATTRIBUTES;semantic_primary_product
pokt0xfpehqn;Маскувальна сітка M-WIN мультикам. Маскування зима. 2х9 м (площа 18 кв.м.);camouflage_nets;camouflage_nets;UNCHANGED;AUTO_CONFIRMED_WITH_ATTRIBUTES;semantic_primary_product
pol65zzym3x8;Кавер на шолом Sestan-Busch MICH;helmets_covers;helmets_covers;UNCHANGED;AUTO_CONFIRMED_WITH_ATTRIBUTES;semantic_primary_product
pomusdhrnqb5;Термобілизна Мікрофліс 130;clothing_thermal;clothing_thermal;UNCHANGED;AUTO_CONFIRMED_WITH_ATTRIBUTES;semantic_primary_product
ponexc01ehup;Маскувальна сітка M-Win Темний мультикам. Маскування весна, літо, осінь. 8х10 м (площа 80 кв.м.);camouflage_nets;camouflage_nets;UNCHANGED;AUTO_CONFIRMED_WITH_ATTRIBUTES;semantic_primary_product
pontuxe3m3w7;Екіпірувальні налокітники Чорні;limb_protection_elbows;limb_protection_elbows;UNCHANGED;AUTO_CONFIRMED_WITH_ATTRIBUTES;semantic_primary_product
poo609igm41s;Тактичний маскхалат Oxford Вологозахисний костюм (куртка + штани) для польових умов;clothing_pants;clothing_costumes;CHANGED_HIGH_CONFIDENCE;AUTO_CONFIRMED_WITH_ATTRIBUTES;semantic_primary_product
poogclygn16f;Ліхтарик ручний тактичний Bailong BL-P512M-P90;lighting_handheld;lighting_tactical;CHANGED_HIGH_CONFIDENCE;AUTO_CONFIRMED_WITH_ATTRIBUTES;semantic_primary_product
poosp4wtm3wk;Захист попереку Kiborg GEN.2 + балістичний захист 2 класу Militex;field_fasteners;armor_soft;CHANGED_HIGH_CONFIDENCE;AUTO_CONFIRMED_WITH_ATTRIBUTES;semantic_primary_product
pop9pkwgm3sq;Акумулятор Westinghouse INR18650 2500 mAh 3.7V Li-ion високострумовий 10C Flat Top;power_batteries;power_batteries;UNCHANGED;AUTO_CONFIRMED_WITH_ATTRIBUTES;semantic_primary_product
pope25dhm3zl;Підсумок нерозсипайка (27*20*10 см) Militex Cordura original USA;field_fasteners;pouches_dump;CHANGED_HIGH_CONFIDENCE;AUTO_CONFIRMED_WITH_ATTRIBUTES;semantic_primary_product
poqg7uh0ehsu;Маскувальна сітка M-Win Світлий мультикам. Маскування весна, літо, осінь. 3х6 м (площа 18 кв.м.);camouflage_nets;camouflage_nets;UNCHANGED;AUTO_CONFIRMED_WITH_ATTRIBUTES;semantic_primary_product
poqnzfe1ehto;Маскувальна сітка M-WIN Темний камуфляж. Маскування осінь, зима, весна. 4х10 м (площа 40 кв.м.);camouflage_nets;camouflage_nets;UNCHANGED;AUTO_CONFIRMED_WITH_ATTRIBUTES;semantic_primary_product
poqp79cxm41r;Тактичний кітель Rip-Stop з посиленими ліктями та велкро-панелями;clothing_costumes;clothing_combat_shirts;CHANGED_HIGH_CONFIDENCE;AUTO_CONFIRMED_WITH_ATTRIBUTES;semantic_primary_product
poqui42cogne;Бейсболка тактична;clothing_headwear;clothing_headwear;UNCHANGED;AUTO_CONFIRMED_WITH_ATTRIBUTES;semantic_primary_product
por6tr9zn137;Балістичний пакет BP200x120 Клас 1;armor_soft;armor_soft;UNCHANGED;AUTO_CONFIRMED_WITH_ATTRIBUTES;semantic_primary_product
poroa932ehrw;Маскувальна сітка M-Win Піксель. Маскування весна, літо, осінь. 10х20 м (площа 200 кв.м.);camouflage_nets;camouflage_nets;UNCHANGED;AUTO_CONFIRMED_WITH_ATTRIBUTES;semantic_primary_product
pou77tqmehvt;Надміцна маскувальна сітка M-WIN 4,5х8 метри;camouflage_nets;camouflage_nets;UNCHANGED;AUTO_CONFIRMED_WITH_ATTRIBUTES;semantic_primary_product
pou7qfj4ehva;Маскувальна сітка M-Win Хижак. Маскування осінь, весна. 5х9 м (площа 45 кв.м.);camouflage_nets;camouflage_nets;UNCHANGED;AUTO_CONFIRMED_WITH_ATTRIBUTES;semantic_primary_product
pou9vg1cm3zy;Пончо-дощовик із запаяними швами Kiborg Waterproof;clothing_rainwear;clothing_rainwear;UNCHANGED;AUTO_CONFIRMED_WITH_ATTRIBUTES;semantic_primary_product
poud9g50ehnm;Маскувальна сітка M-Win Весняний камуфляж. Маскування весна, літо. 2х10 м (площа 20 кв.м.);camouflage_nets;camouflage_nets;UNCHANGED;AUTO_CONFIRMED_WITH_ATTRIBUTES;semantic_primary_product
pouixj8gm41u;Тактичні зимові рукавиці Cordail Winter Touch;clothing_gloves;clothing_gloves;UNCHANGED;AUTO_CONFIRMED_WITH_ATTRIBUTES;semantic_primary_product
povy4b08ogst;Тактичні черевики Single Sword;footwear_shoes;footwear_shoes;UNCHANGED;AUTO_CONFIRMED_WITH_ATTRIBUTES;semantic_primary_product
powmjcy4m41g;Тактична вітрозахисна флісова кофта Militex mod. 5 Чорна;clothing_fleece;clothing_fleece;UNCHANGED;AUTO_CONFIRMED_WITH_ATTRIBUTES;semantic_primary_product
powyxl8jehsp;Маскувальна сітка M-Win Світлий мультикам. Маскування весна, літо, осінь. 2х5 м (площа 10 кв.м.);camouflage_nets;camouflage_nets;UNCHANGED;AUTO_CONFIRMED_WITH_ATTRIBUTES;semantic_primary_product
pox87v8nm3xs;Комплект плитоноска Kiborg GU Gen.2 + 6 підсумків;armor_carriers;armor_carriers;UNCHANGED;AUTO_CONFIRMED_WITH_ATTRIBUTES;semantic_primary_product
pox8l5ctm3zk;Підсумок для навушників Sound Guard розмір з захистом від вологи —;pouches_other;pouches_other;UNCHANGED;AUTO_CONFIRMED_WITH_ATTRIBUTES;semantic_primary_product
poxym6wam3vz;Двоточковий збройовий ремінь зі швидким регулюванням USA (кріплення стропою в обхват);weapon_accessories_slings;weapon_accessories_slings;UNCHANGED;AUTO_CONFIRMED_WITH_ATTRIBUTES;semantic_primary_product
poy3hi8aogv2;Штани тактичні UKR-TEC ріп-стоп;clothing_pants;clothing_pants;UNCHANGED;AUTO_CONFIRMED_WITH_ATTRIBUTES;semantic_primary_product
poyalrhnm3x1;Зимова маскувальна сітка Militex Альпійська клякса 8х10м (площа 80 кв.м.);camouflage_nets;camouflage_nets;UNCHANGED;AUTO_CONFIRMED_WITH_ATTRIBUTES;semantic_primary_product
poypocf2ehqf;Маскувальна сітка M-Win мультикам. Маскування весна, літо. 9х9 м (площа 81 кв.м.);camouflage_nets;camouflage_nets;UNCHANGED;AUTO_CONFIRMED_WITH_ATTRIBUTES;semantic_primary_product
poze6hxbehn6;Антидронова маскувальна сітка M-WIN 3х5 м (площа 15 кв.м.);camouflage_antidrone;camouflage_antidrone;UNCHANGED;AUTO_CONFIRMED_WITH_ATTRIBUTES;semantic_primary_product
pozqilbtnqbh;"Шорти з ременем ""SPARTAN"" (Котон Стрейч)";clothing_shorts;clothing_shorts;UNCHANGED;AUTO_CONFIRMED_WITH_ATTRIBUTES;semantic_primary_product
pp0b4cjbnqb3;"Сумка-рюкзак армійський 80л. ""Кочівник"" (Cordura)";bags_tactical;bags_backpacks;CHANGED_HIGH_CONFIDENCE;AUTO_CONFIRMED_WITH_ATTRIBUTES;semantic_primary_product
pp0b9zm0m41c;Сумка-напашник Kiborg GU Cordura;field_fasteners;pouches_dangler;CHANGED_HIGH_CONFIDENCE;AUTO_CONFIRMED_WITH_ATTRIBUTES;semantic_primary_product
pp0deevfnqav;"П'ятиточка - сидушка ""ПОЛЬОВА"" (Плащівка + Пінополіетилен)";field_seats;field_seats;UNCHANGED;AUTO_CONFIRMED_WITH_ATTRIBUTES;semantic_primary_product
pp0fqggsehw8;Протиударні м’які подушки з ефектом пам’яті для шолома, каски.;helmets_suspension;helmets_suspension;UNCHANGED;AUTO_CONFIRMED_WITH_ATTRIBUTES;semantic_primary_product
pp0qenicogo2;Бойова сорочка UBACS;clothing_combat_shirts;clothing_combat_shirts;UNCHANGED;AUTO_CONFIRMED_WITH_ATTRIBUTES;semantic_primary_product
pp1mpfbsehw4;Підсумок під аптечку швидкоскид M-WIN;camouflage_nets;pouches_medical;CHANGED_HIGH_CONFIDENCE;AUTO_CONFIRMED_WITH_ATTRIBUTES;semantic_primary_product
pp1rtzdsm3wd;Захист паху (напашник-фартух) Kiborg з балістичним захистом Militex 2 клас;armor_sets;armor_soft;CHANGED_HIGH_CONFIDENCE;AUTO_CONFIRMED_WITH_ATTRIBUTES;semantic_primary_product
pp37waw3ehno;Маскувальна сітка M-Win Весняний камуфляж. Маскування весна, літо. 2х6 м (площа 12 кв.м.);camouflage_nets;camouflage_nets;UNCHANGED;AUTO_CONFIRMED_WITH_ATTRIBUTES;semantic_primary_product
pp3twa6nm42d;Ударостійкі наколінники чорні;limb_protection_knees;limb_protection_knees;UNCHANGED;AUTO_CONFIRMED_WITH_ATTRIBUTES;semantic_primary_product
pp3v7bvkehnz;Маскувальна сітка M-Win Весняний камуфляж. Маскування весна, літо. 5х5 м (площа 25 кв.м.);camouflage_nets;camouflage_nets;UNCHANGED;AUTO_CONFIRMED_WITH_ATTRIBUTES;semantic_primary_product
pp46fdglm3xk;Комплект (захист живота Kiborg + балістичний захист2 класу Militex) GEN.2;field_fasteners;armor_soft;CHANGED_HIGH_CONFIDENCE;AUTO_CONFIRMED_WITH_ATTRIBUTES;semantic_primary_product
pp4nw7uxm3we;Захист паху (напашник-фартух) Kiborg з балістичним пакетом (Militex) 1 клас захисту;armor_sets;armor_soft;CHANGED_HIGH_CONFIDENCE;AUTO_CONFIRMED_WITH_ATTRIBUTES;semantic_primary_product
pp5854kim42v;Швидкоз'ємний чотирьохсекційний каремат п'ятиточка П-4 Оксфорд;field_seats;field_seats;UNCHANGED;AUTO_CONFIRMED_WITH_ATTRIBUTES;semantic_primary_product
pp60ow8iehrs;Маскувальна сітка M-Win Осінній мультикам. Маскування осінь, весна. 9х10 м (площа 90 кв.м.);camouflage_nets;camouflage_nets;UNCHANGED;AUTO_CONFIRMED_WITH_ATTRIBUTES;semantic_primary_product
pp6hzo0am43a;RunCam Thumb Pro 4K — компактна HD-камера для БПЛА з гіроскопом;electronics_cameras;electronics_cameras;UNCHANGED;AUTO_CONFIRMED_WITH_ATTRIBUTES;semantic_primary_product
pp6lgiebm3x4;Зимовий маскувальний костюм Kiborg;clothing_costumes;camouflage_suits;CHANGED_HIGH_CONFIDENCE;AUTO_CONFIRMED_WITH_ATTRIBUTES;semantic_primary_product
pp6nzzvpn16c;Літній Баф Raptor темно;clothing_balaclavas;clothing_balaclavas;UNCHANGED;AUTO_CONFIRMED_WITH_ATTRIBUTES;semantic_primary_product
pp757b2hm42c;Ударостійкі наколінники;limb_protection_knees;limb_protection_knees;UNCHANGED;AUTO_CONFIRMED_WITH_ATTRIBUTES;semantic_primary_product
pp7wfqa8m3x8;Кавер на шолом Sestan-Busch MID CUT;helmets_covers;helmets_covers;UNCHANGED;AUTO_CONFIRMED_WITH_ATTRIBUTES;semantic_primary_product
pp7wgs5yehnd;Бронежилет тактичний Steel Warrior. Плитоноска M-WIN GEN.2 M-L. Комплект;armor_vests;armor_vests;UNCHANGED;AUTO_CONFIRMED_WITH_ATTRIBUTES;semantic_primary_product
pp8puumjoguh;Шапка поліція чорна;clothing_headwear;clothing_headwear;UNCHANGED;AUTO_CONFIRMED_WITH_ATTRIBUTES;semantic_primary_product
pp9w2nw8m3sp;Акумулятор Westinghouse ICR21700 4000 mAh 3.7V Li-ion без плати захисту Flat Top;power_batteries;power_batteries;UNCHANGED;AUTO_CONFIRMED_WITH_ATTRIBUTES;semantic_primary_product
pp9y3mnom3zm;Підсумок під 1 магазин Kiborg M-1;pouches_magazines;pouches_magazines;UNCHANGED;AUTO_CONFIRMED_WITH_ATTRIBUTES;semantic_primary_product
ppadjtg7m3w4;Демісезонні черевики Forester Haix;footwear_shoes;footwear_shoes;UNCHANGED;AUTO_CONFIRMED_WITH_ATTRIBUTES;semantic_primary_product
ppbqi8pqehwe;Шапка зимова M-WIN фліс. Олива. Розмір;clothing_headwear;clothing_headwear;UNCHANGED;AUTO_CONFIRMED_WITH_ATTRIBUTES;semantic_primary_product
ppbzy0p7nqaj;"Комплект мілітарі Костюм ""VOЇN"" + Термобілизна";clothing_thermal;clothing_costumes;CHANGED_HIGH_CONFIDENCE;AUTO_CONFIRMED_WITH_ATTRIBUTES;semantic_primary_product
ppcstc0em411;Сумка-баул 120л Kiborg;bags_duffel;bags_duffel;UNCHANGED;AUTO_CONFIRMED_WITH_ATTRIBUTES;semantic_primary_product
ppdweyy4m3uo;Бойовий комплект спецпризначення (Штурмові штани зі стрейч-ефектом та Ubacs);clothing_combat_shirts;clothing_costumes;CHANGED_HIGH_CONFIDENCE;AUTO_CONFIRMED_WITH_ATTRIBUTES;semantic_primary_product
ppekpjx5ehpb;Маскувальна сітка M-Win камуфляж. Маскування весна, літо, осінь. 4х5 м (площа 20 кв.м.);camouflage_nets;camouflage_nets;UNCHANGED;AUTO_CONFIRMED_WITH_ATTRIBUTES;semantic_primary_product
ppf72qexm3xd;Карта пам'яті SanDisk Extreme PRO microSDXC 128 ГБ UHS-I U3 + SD-адаптер;electronics_mounts;electronics_memory;CHANGED_HIGH_CONFIDENCE;AUTO_CONFIRMED_WITH_ATTRIBUTES;semantic_primary_product
ppgbzwnvogo2;Берці, черевики тактичні зимові Памір, чорні;footwear_boots;footwear_boots;UNCHANGED;AUTO_CONFIRMED_WITH_ATTRIBUTES;semantic_primary_product
ppgvmh55ehrn;Маскувальна сітка M-Win Осінній мультикам. Маскування осінь, весна. 6х7 м (площа 42 кв.м.);camouflage_nets;camouflage_nets;UNCHANGED;AUTO_CONFIRMED_WITH_ATTRIBUTES;semantic_primary_product
pphvpy92m3tp;Балістичний захист 2 класу для плитоноски Militex Pro Series (M-L) 29,5*14,7 см камербанд, 1 шт;armor_carriers;armor_soft;CHANGED_HIGH_CONFIDENCE;AUTO_CONFIRMED_WITH_ATTRIBUTES;semantic_primary_product
ppi9e43behvv;Надміцна маскувальна сітка M-WIN 6х6 метри;camouflage_nets;camouflage_nets;UNCHANGED;AUTO_CONFIRMED_WITH_ATTRIBUTES;semantic_primary_product
ppiabm7wehng;Керамічні плити 6 класу. NIJ IV. Вага 2,8 кг/шт. Комплект - 2 шт.;armor_plates;armor_plates;UNCHANGED;SUPPLIER_MAPPING;unambiguous_supplier_mapping
ppihe03mn19k;Прапор України;field_other;field_other;UNCHANGED;AUTO_CONFIRMED_WITH_ATTRIBUTES;semantic_primary_product
ppk7qji6ehne;Кавер M-WIN на шолом FAST;helmets_covers;helmets_covers;UNCHANGED;AUTO_CONFIRMED_WITH_ATTRIBUTES;semantic_primary_product
ppk9b956m41d;Сумка-напашник M Kiborg з балістичним пакетом 2 клас захисту PE Militex GU Сordura;armor_sets;pouches_dangler;CHANGED_HIGH_CONFIDENCE;AUTO_CONFIRMED_WITH_ATTRIBUTES;semantic_primary_product
ppkakhqjm3zt;Плитоноска Kiborg Gen.2 з бронеплитами та балістичним захистом;armor_plates;armor_carriers;CHANGED_HIGH_CONFIDENCE;AUTO_CONFIRMED_WITH_ATTRIBUTES;semantic_primary_product
ppln367nehpp;Маскувальна сітка M-Win Листя осінь. Маскування весна, літо, осінь. 2х3 м (площа 6 кв.м.);camouflage_nets;camouflage_nets;UNCHANGED;AUTO_CONFIRMED_WITH_ATTRIBUTES;semantic_primary_product
pplrfbr9m3y4;Легка літня куртка вітровка Call Dragon 2.0;clothing_jackets;clothing_jackets;UNCHANGED;AUTO_CONFIRMED_WITH_ATTRIBUTES;semantic_primary_product
ppn598ntm42u;Шапка-балаклава в'язана;clothing_balaclavas;clothing_balaclavas;UNCHANGED;AUTO_CONFIRMED_WITH_ATTRIBUTES;semantic_primary_product
ppnga8sbogu5;Черевики тактичні демісезонні Пегас;footwear_shoes;footwear_shoes;UNCHANGED;AUTO_CONFIRMED_WITH_ATTRIBUTES;semantic_primary_product
ppnmf97xm42t;Чорні тактичні штани Kiborg Gen.1;clothing_pants;clothing_pants;UNCHANGED;AUTO_CONFIRMED_WITH_ATTRIBUTES;semantic_primary_product
ppnym7kkehn6;Антидронова маскувальна сітка M-WIN 4х6 м (площа 24 кв.м.);camouflage_antidrone;camouflage_antidrone;UNCHANGED;AUTO_CONFIRMED_WITH_ATTRIBUTES;semantic_primary_product
ppoqp6gdm42d;Універсальний алімінієвий адаптер J-arm для кріплення PVS-14;electronics_mounts;electronics_mounts;UNCHANGED;AUTO_CONFIRMED_WITH_ATTRIBUTES;semantic_primary_product
ppp12azcm3tt;Балістичний пакет 15*20 Militex (1 клас захисту);armor_soft;armor_soft;UNCHANGED;AUTO_CONFIRMED_WITH_ATTRIBUTES;semantic_primary_product
pppi7up6ehpf;Маскувальна сітка M-Win камуфляж. Маскування весна, літо, осінь. 5х5 м (площа 25 кв.м.);camouflage_nets;camouflage_nets;UNCHANGED;AUTO_CONFIRMED_WITH_ATTRIBUTES;semantic_primary_product
pppn613kehoz;Маскувальна сітка M-Win камуфляж. Маскування весна, літо, осінь. 10х10 м (площа 100 кв.м.);camouflage_nets;camouflage_nets;UNCHANGED;AUTO_CONFIRMED_WITH_ATTRIBUTES;semantic_primary_product
pppw9midm42n;Футболка Kiborg;clothing_tshirts;clothing_tshirts;UNCHANGED;AUTO_CONFIRMED_WITH_ATTRIBUTES;semantic_primary_product
pps511c3m3xa;Каремат-сидушка Кордура (39*33см);field_seats;field_seats;UNCHANGED;AUTO_CONFIRMED_WITH_ATTRIBUTES;semantic_primary_product
ppthe5u2ehpb;Маскувальна сітка M-Win камуфляж. Маскування весна, літо, осінь. 4х6 м (площа 24 кв.м.);camouflage_nets;camouflage_nets;UNCHANGED;AUTO_CONFIRMED_WITH_ATTRIBUTES;semantic_primary_product
pptp1pb9m3v9;Бронеплити BRONYX G-Series (передня та задня)3 клас захисту ДСТУ НВМПЕ Shooter's Cut (M/25*30);armor_plates;armor_plates;UNCHANGED;AUTO_CONFIRMED_WITH_ATTRIBUTES;semantic_primary_product
ppwwd0v2n17w;Одноточковий плечовий ремінь з кріпленням до плитоноски RAGNAROK THOR;weapon_accessories_slings;weapon_accessories_slings;UNCHANGED;AUTO_CONFIRMED_WITH_ATTRIBUTES;semantic_primary_product
ppwylansogos;Кофта флісова ДСНС синя;clothing_fleece;clothing_fleece;UNCHANGED;AUTO_CONFIRMED_WITH_ATTRIBUTES;semantic_primary_product
ppx735nwm3xq;Комплект обвісу для шоломів з болтами;helmets_ballistic;helmets_accessories;CHANGED_HIGH_CONFIDENCE;AUTO_CONFIRMED_WITH_ATTRIBUTES;semantic_primary_product
ppxq8ahlehun;Маскувальна сітка M-Win Темний мультикам. Маскування весна, літо, осінь. 7х7 м (площа 49 кв.м.);camouflage_nets;camouflage_nets;UNCHANGED;AUTO_CONFIRMED_WITH_ATTRIBUTES;semantic_primary_product
ppyn0h8gehr2;Маскувальна сітка M-WIN мультикам. Маскування зима. 7х9 м (площа 63 кв.м.);camouflage_nets;camouflage_nets;UNCHANGED;AUTO_CONFIRMED_WITH_ATTRIBUTES;semantic_primary_product
pq09jjv3m3zl;Підсумок закритого типу для турнікету;field_fasteners;pouches_tourniquets;CHANGED_HIGH_CONFIDENCE;AUTO_CONFIRMED_WITH_ATTRIBUTES;semantic_primary_product
pq0e1c0logqa;Плитоноска ALPC з системою Molle;armor_carriers;armor_carriers;UNCHANGED;AUTO_CONFIRMED_WITH_ATTRIBUTES;semantic_primary_product
pq0j9t6kogo0;Берці тактичні UKR-TEC зимові;footwear_boots;footwear_boots;UNCHANGED;AUTO_CONFIRMED_WITH_ATTRIBUTES;semantic_primary_product
pq1btujmehon;Маскувальна сітка M-Win Зелене листя. Маскування весна, літо. 4х8 м (площа 32 кв.м.);camouflage_nets;camouflage_nets;UNCHANGED;AUTO_CONFIRMED_WITH_ATTRIBUTES;semantic_primary_product
pq2shstmogt9;Тактичні штани Soft Shell UKR-TEC під наколінники мультикам;clothing_pants;clothing_pants;UNCHANGED;AUTO_CONFIRMED_WITH_ATTRIBUTES;semantic_primary_product
pq3f2sorm41s;Тактичний пояс РПС Kiborg R-3 GEN.2 з балістичним захистом 1 класу;field_fasteners;load_bearing_belts;CHANGED_HIGH_CONFIDENCE;AUTO_CONFIRMED_WITH_ATTRIBUTES;semantic_primary_product
pq4m6gq1m40d;Рукавиці коричневі Mechanix FastFit;clothing_gloves;clothing_gloves;UNCHANGED;AUTO_CONFIRMED_WITH_ATTRIBUTES;semantic_primary_product
pq4vmcydm3u4;Балістичний пакет Militex для бронежилету Militex (камербанд) 24*16 (2 клас захисту);armor_soft;armor_soft;UNCHANGED;AUTO_CONFIRMED_WITH_ATTRIBUTES;semantic_primary_product
pq5wiakwogv3;Штани тактичні, джогери стрейч котон;clothing_pants;clothing_pants;UNCHANGED;AUTO_CONFIRMED_WITH_ATTRIBUTES;semantic_primary_product
pq72wfpum40x;Сталева антабка для AR-15/M16 (двостороння);weapon_accessories_other;weapon_accessories_other;UNCHANGED;AUTO_CONFIRMED_WITH_ATTRIBUTES;semantic_primary_product
pq8vyhh6ogo5;Бушлат зимовий ріп-стоп на синтепоні;clothing_jackets;clothing_jackets;UNCHANGED;AUTO_CONFIRMED_WITH_ATTRIBUTES;semantic_primary_product
pq90trd3ogrj;Тактична сорочка, убакс Taktical мультикам;clothing_combat_shirts;clothing_combat_shirts;UNCHANGED;AUTO_CONFIRMED_WITH_ATTRIBUTES;semantic_primary_product
pq99p7l4ehp8;Маскувальна сітка M-Win камуфляж. Маскування весна, літо, осінь. 3х6 м (площа 18 кв.м.);camouflage_nets;camouflage_nets;UNCHANGED;AUTO_CONFIRMED_WITH_ATTRIBUTES;semantic_primary_product
pq9llsjqn18d;Підсумок гранатний подвійний (MOLLE, підсумок для гранат на розгрузку, жилет, РПС);pouches_grenades;pouches_grenades;UNCHANGED;AUTO_CONFIRMED_WITH_ATTRIBUTES;semantic_primary_product
pq9mviv2ogtt;Футболка тактична, мультикам.;clothing_tshirts;clothing_tshirts;UNCHANGED;AUTO_CONFIRMED_WITH_ATTRIBUTES;semantic_primary_product
pqa5ivn2ogpm;Куртка тактична зимова UKR-TEC slimtex omni-heat), мультикам;clothing_jackets;clothing_jackets;UNCHANGED;AUTO_CONFIRMED_WITH_ATTRIBUTES;semantic_primary_product
pqbl2mqhehv6;Маскувальна сітка M-Win Хижак. Маскування осінь, весна. 4х6 м (площа 24 кв.м.);camouflage_nets;camouflage_nets;UNCHANGED;AUTO_CONFIRMED_WITH_ATTRIBUTES;semantic_primary_product
pqcbqyqam3xa;Каремат-сидушка М Кордура (33*25см);field_seats;field_seats;UNCHANGED;AUTO_CONFIRMED_WITH_ATTRIBUTES;semantic_primary_product
pqdkfqr3m3sq;Акумулятор Westinghouse INR18650 3000 mAh 3.7V 10C високострумовий Li-ion Flat Top без захисту;power_batteries;power_batteries;UNCHANGED;AUTO_CONFIRMED_WITH_ATTRIBUTES;semantic_primary_product
pqdlsa4kogqg;Реглан, лонгслів;camouflage_nets;clothing_tshirts;CHANGED_HIGH_CONFIDENCE;AUTO_CONFIRMED_WITH_ATTRIBUTES;semantic_primary_product
pqe911bum3y8;Літня штормова куртка BR | Вітро- та вологозахист | Легка та дихаюча;clothing_jackets;clothing_jackets;UNCHANGED;AUTO_CONFIRMED_WITH_ATTRIBUTES;semantic_primary_product
pqf39d26n199;Підсумок утилітарний E-Gear Cordura;pouches_utility;pouches_utility;UNCHANGED;AUTO_CONFIRMED_WITH_ATTRIBUTES;semantic_primary_product
pqh6yw8pehur;Маскувальна сітка M-Win Темний мультикам. Маскування весна, літо, осінь. 9х9 м (площа 81 кв.м.);camouflage_nets;camouflage_nets;UNCHANGED;AUTO_CONFIRMED_WITH_ATTRIBUTES;semantic_primary_product
pqh8c8vnm3v0;Бронезахист плитоноска Чорна Kiborg GU gen.2;armor_carriers;armor_carriers;UNCHANGED;AUTO_CONFIRMED_WITH_ATTRIBUTES;semantic_primary_product
pqhzlqk9ehop;Маскувальна сітка M-Win Зелене листя. Маскування весна, літо. 5х6 м (площа 30 кв.м.);camouflage_nets;camouflage_nets;UNCHANGED;AUTO_CONFIRMED_WITH_ATTRIBUTES;semantic_primary_product
pqi1m6k7ehs8;Маскувальна сітка M-Win Піксель. Маскування весна, літо, осінь. 4х7 м (площа 28 кв.м.);camouflage_nets;camouflage_nets;UNCHANGED;AUTO_CONFIRMED_WITH_ATTRIBUTES;semantic_primary_product
pqi56gzmm3wf;Захист паху Kiborg (напашник-фартух) з балістичним пакетом (Militex) 1 клас захисту;armor_sets;armor_soft;CHANGED_HIGH_CONFIDENCE;AUTO_CONFIRMED_WITH_ATTRIBUTES;semantic_primary_product
pqiaxdddm3ux;Бронежилет Militex (L) з збільшеною площею захисту Modular X-1 —;armor_vests;armor_vests;UNCHANGED;AUTO_CONFIRMED_WITH_ATTRIBUTES;semantic_primary_product
pqijz4rhm3ud;Балістичний шолом SHC LITE GEN 3 – Super High Cut, композит, NIJ IIIA;helmets_ballistic;helmets_ballistic;UNCHANGED;AUTO_CONFIRMED_WITH_ATTRIBUTES;semantic_primary_product
pqiqn903ehrk;Маскувальна сітка M-Win Осінній мультикам. Маскування осінь, весна. 5х6 м (площа 30 кв.м.);camouflage_nets;camouflage_nets;UNCHANGED;AUTO_CONFIRMED_WITH_ATTRIBUTES;semantic_primary_product
pqitrtjkm3wn;Зимова маскувальна сітка з основою 2х2,5м Militex Зимовий мультикам;camouflage_nets;camouflage_nets;UNCHANGED;AUTO_CONFIRMED_WITH_ATTRIBUTES;semantic_primary_product
pqiuiuspehqj;Маскувальна сітка M-WIN мультикам. Маскування зима. 20х20 м (площа 400 кв.м.);camouflage_nets;camouflage_nets;UNCHANGED;AUTO_CONFIRMED_WITH_ATTRIBUTES;semantic_primary_product
pqiwj92xogrp;Тактична футболка, бавовна;clothing_tshirts;clothing_tshirts;UNCHANGED;AUTO_CONFIRMED_WITH_ATTRIBUTES;semantic_primary_product
pqjvyx0km3zd;"Панама ""Victory""";clothing_headwear;clothing_headwear;UNCHANGED;AUTO_CONFIRMED_WITH_ATTRIBUTES;semantic_primary_product
pqkgkdinm40y;Сумка (82х37х33см) KIBORG BAG;bags_tactical_bags;bags_tactical_bags;UNCHANGED;AUTO_CONFIRMED_WITH_ATTRIBUTES;semantic_primary_product
pqkgtbj3ehnn;Маскувальна сітка M-Win Весняний камуфляж. Маскування весна, літо. 2х3 м (площа 6 кв.м.);camouflage_nets;camouflage_nets;UNCHANGED;AUTO_CONFIRMED_WITH_ATTRIBUTES;semantic_primary_product
pqkhpiwen18p;Підсумок нагрудний Warrior Spirit;pouches_phone;pouches_other;CHANGED_HIGH_CONFIDENCE;AUTO_CONFIRMED_WITH_ATTRIBUTES;semantic_primary_product
pqla2n53m3sk;Адаптер GoPro на dovetail;electronics_mounts;electronics_mounts;UNCHANGED;AUTO_CONFIRMED_WITH_ATTRIBUTES;semantic_primary_product
pqlv414gm3yw;Маскувальна сітка Militex Мультикам бруд 5х7м (площа 35 кв.м.);camouflage_nets;camouflage_nets;UNCHANGED;AUTO_CONFIRMED_WITH_ATTRIBUTES;semantic_primary_product
pqm2wdyln19d;Плитоноска тактична Warrior spirit 2.0;armor_carriers;armor_carriers;UNCHANGED;AUTO_CONFIRMED_WITH_ATTRIBUTES;semantic_primary_product
pqmfuso5m432;Шолом Sestan-Busch MICH (60-64 см);helmets_ballistic;helmets_ballistic;UNCHANGED;AUTO_CONFIRMED_WITH_ATTRIBUTES;semantic_primary_product
pqmq8elwm3x0;Зимова маскувальна сітка Militex Альпійська клякса 5х7м (площа 35 кв.м.);camouflage_nets;camouflage_nets;UNCHANGED;AUTO_CONFIRMED_WITH_ATTRIBUTES;semantic_primary_product
pqn5euu8ehpv;Маскувальна сітка M-Win мультикам. Маскування весна, літо. 2х5 м (площа 10 кв.м.);camouflage_nets;camouflage_nets;UNCHANGED;AUTO_CONFIRMED_WITH_ATTRIBUTES;semantic_primary_product
pqp509ycehrz;Маскувальна сітка M-Win Піксель. Маскування весна, літо, осінь. 2х6 м (площа 12 кв.м.);camouflage_nets;camouflage_nets;UNCHANGED;AUTO_CONFIRMED_WITH_ATTRIBUTES;semantic_primary_product
pqp6vidkogrb;Тактична куртка Soft Shell UKR-TEC ДСНС темно-синя;clothing_jackets;clothing_jackets;UNCHANGED;AUTO_CONFIRMED_WITH_ATTRIBUTES;semantic_primary_product
pqphzsipehn9;Антимоскітна сітка на голову M-WIN + підсумок-чохол в кольорі;clothing_headwear;field_hygiene;CHANGED_HIGH_CONFIDENCE;AUTO_CONFIRMED_WITH_ATTRIBUTES;semantic_primary_product
pqqb6smqm3va;Бронеплити CAP5-XL (3.38 кг) (5 клас) BRONYX 275*355 2шт;armor_plates;armor_plates;UNCHANGED;AUTO_CONFIRMED_WITH_ATTRIBUTES;semantic_primary_product
pqql1jwoehr0;Маскувальна сітка M-WIN мультикам. Маскування зима. 6х9 м (площа 54 кв.м.);camouflage_nets;camouflage_nets;UNCHANGED;AUTO_CONFIRMED_WITH_ATTRIBUTES;semantic_primary_product
pqrbh2fzm3uu;Бронежилет (XL) Militex Modular X-1 (збільшена площа захисту) з балістичними пакетами,, 1 клас;armor_vests;armor_vests;UNCHANGED;AUTO_CONFIRMED_WITH_ATTRIBUTES;semantic_primary_product
pqrxdnu7m431;Шолом Sestan-Busch Fast -(60-64 см);helmets_ballistic;helmets_ballistic;UNCHANGED;AUTO_CONFIRMED_WITH_ATTRIBUTES;semantic_primary_product
pqs1rvbyogsd;Тактичні зимові штани UKR-TEC Soft Shell Грізлі, мультикам;clothing_pants;clothing_pants;UNCHANGED;AUTO_CONFIRMED_WITH_ATTRIBUTES;semantic_primary_product
pqsc9olim3vh;Вставні (змінні) наколінники;limb_protection_knees;limb_protection_knees;UNCHANGED;SUPPLIER_MAPPING;unambiguous_supplier_mapping
pqsuel6am3xz;Кріплення для ATN ODIN;electronics_mounts;electronics_mounts;UNCHANGED;AUTO_CONFIRMED_WITH_ATTRIBUTES;semantic_primary_product
pqt6tpdxn136;Балістичний пакет BP192x155(140) Клас1 (Напашник);pouches_dangler;armor_soft;CHANGED_HIGH_CONFIDENCE;AUTO_CONFIRMED_WITH_ATTRIBUTES;semantic_primary_product
pqtb8grkehti;Маскувальна сітка M-WIN Темний камуфляж. Маскування осінь, зима, весна. 2х6 м (площа 12 кв.м.);camouflage_nets;camouflage_nets;UNCHANGED;AUTO_CONFIRMED_WITH_ATTRIBUTES;semantic_primary_product
pqu2m70oehpr;Маскувальна сітка M-Win Листя осінь. Маскування весна, літо, осінь. 8х9 м (площа 72 кв.м.);camouflage_nets;camouflage_nets;UNCHANGED;AUTO_CONFIRMED_WITH_ATTRIBUTES;semantic_primary_product
pqumtmmeognm;Берці демісезонні Гладіатор чорні;footwear_boots;footwear_boots;UNCHANGED;AUTO_CONFIRMED_WITH_ATTRIBUTES;semantic_primary_product
pqw6v7dsogqb;Плитоноска, розвантажувальний жилет ISIK на 4 точки скидання, 7 підсумків;camouflage_nets;armor_carriers;CHANGED_HIGH_CONFIDENCE;AUTO_CONFIRMED_WITH_ATTRIBUTES;semantic_primary_product
pqx6ela7ehtg;Маскувальна сітка M-WIN Темний камуфляж. Маскування осінь, зима, весна. 2х3 м (площа 6 кв.м.);camouflage_nets;camouflage_nets;UNCHANGED;AUTO_CONFIRMED_WITH_ATTRIBUTES;semantic_primary_product
pqy3bs09m3tw;Балістичний пакет 25*30 Militex (2 клас захисту);armor_soft;armor_soft;UNCHANGED;AUTO_CONFIRMED_WITH_ATTRIBUTES;semantic_primary_product
pqya3nusnqbn;"Штани тактичні ""DEFENDER"" з ременем (Rip-Stop Стрейч)";clothing_pants;clothing_pants;UNCHANGED;AUTO_CONFIRMED_WITH_ATTRIBUTES;semantic_primary_product
pqypmnexogr1;Тактична бойова сорочка, убакс HAN WILD Combat G;clothing_combat_shirts;clothing_combat_shirts;UNCHANGED;AUTO_CONFIRMED_WITH_ATTRIBUTES;semantic_primary_product
pqzfywskm40d;Рукавиці коричневі Mechanix -Pact Framer;clothing_gloves;clothing_gloves;UNCHANGED;AUTO_CONFIRMED_WITH_ATTRIBUTES;semantic_primary_product
pqzt92orogni;Бейсболка, кепка ДСНС, темно-синя;clothing_headwear;clothing_headwear;UNCHANGED;AUTO_CONFIRMED_WITH_ATTRIBUTES;semantic_primary_product
pr0cwyejn19b;Плечова система розвантажувальна тактична Warrior Spirit;load_bearing_shoulder;load_bearing_shoulder;UNCHANGED;AUTO_CONFIRMED_WITH_ATTRIBUTES;semantic_primary_product
pr0hj9auogux;Штани тактичні штурмові ріп-стоп;clothing_pants;clothing_pants;UNCHANGED;AUTO_CONFIRMED_WITH_ATTRIBUTES;semantic_primary_product
pr0ueekym3za;Налокітники Kiborg;limb_protection_elbows;limb_protection_elbows;UNCHANGED;AUTO_CONFIRMED_WITH_ATTRIBUTES;semantic_primary_product
pr1mtu2qnqah;"Комплект зимовий ВВЗ ""RAPTOR-III"" (мембрана + синтепон + Фліс)";clothing_fleece;clothing_costumes;CHANGED_HIGH_CONFIDENCE;SUPPLIER_MAPPING;unambiguous_supplier_mapping
pr2gkp9fm3t6;Антидронова сітка (6×55 м) вічко 50 мм, нитка 1,8 мм, чорна міцна сітка для захисту техніки та позицій;camouflage_antidrone;camouflage_antidrone;UNCHANGED;AUTO_CONFIRMED_WITH_ATTRIBUTES;semantic_primary_product
pr2gliuoehro;Маскувальна сітка M-Win Осінній мультикам. Маскування осінь, весна. 6х9 м (площа 54 кв.м.);camouflage_nets;camouflage_nets;UNCHANGED;AUTO_CONFIRMED_WITH_ATTRIBUTES;semantic_primary_product
pr2oxbsgehs7;Маскувальна сітка M-Win Піксель. Маскування весна, літо, осінь. 4х5 м (площа 20 кв.м.);camouflage_nets;camouflage_nets;UNCHANGED;AUTO_CONFIRMED_WITH_ATTRIBUTES;semantic_primary_product
pr2tmknwn14k;Збройовий ремінь Ragnarok «Katana» carbine;weapon_accessories_slings;weapon_accessories_slings;UNCHANGED;AUTO_CONFIRMED_WITH_ATTRIBUTES;semantic_primary_product
pr3f7exyn12n;Адаптер кріплення для стрілецьких навушників “чебурашка”;helmets_mounts;communications_accessories;CHANGED_HIGH_CONFIDENCE;AUTO_CONFIRMED_WITH_ATTRIBUTES;semantic_primary_product
pr3zrizun18o;Підсумок на два магазини Закритий з фіксатором;pouches_magazines;pouches_magazines;UNCHANGED;AUTO_CONFIRMED_WITH_ATTRIBUTES;semantic_primary_product
pr43wfksm3yr;Маскувальна сітка Militex Листя осінь 3х5м (площа 15 кв.м.);camouflage_nets;camouflage_nets;UNCHANGED;AUTO_CONFIRMED_WITH_ATTRIBUTES;semantic_primary_product
pr4ef6gtm3we;Захист паху (напашник) потрійний з балістичним пакетом 1 клас захисту Militex cordura USA;field_fasteners;armor_soft;CHANGED_HIGH_CONFIDENCE;AUTO_CONFIRMED_WITH_ATTRIBUTES;semantic_primary_product
pr66q5qzehn9;Антидронова маскувальна сітка M-WIN Листя осінь 6х8 м (площа 48 кв.м.);camouflage_antidrone;camouflage_antidrone;UNCHANGED;AUTO_CONFIRMED_WITH_ATTRIBUTES;semantic_primary_product
pr6aiv2lm41f;Тактична бойова сорочка UBACS BR ESDY з довгим рукавом;clothing_combat_shirts;clothing_combat_shirts;UNCHANGED;AUTO_CONFIRMED_WITH_ATTRIBUTES;semantic_primary_product
pr6hh73ym3ya;Магазин 7.62х39 з вікном для контролю кількості заряду патронів;weapon_accessories_magazines;weapon_accessories_magazines;UNCHANGED;AUTO_CONFIRMED_WITH_ATTRIBUTES;semantic_primary_product
pr6k4rehehvc;Маскувальна сітка M-Win Хижак. Маскування осінь, весна. 6х7 м (площа 42 кв.м.);camouflage_nets;camouflage_nets;UNCHANGED;AUTO_CONFIRMED_WITH_ATTRIBUTES;semantic_primary_product
pr6pgcugm3ta;Антидронова сітка (6×9 м) вічко 50 мм, нитка 1,8 мм, міцна сітка для захисту техніки та позицій;camouflage_antidrone;camouflage_antidrone;UNCHANGED;AUTO_CONFIRMED_WITH_ATTRIBUTES;semantic_primary_product
pr6t9jnxm422;Телескопічний приклад з підщічником ATOM-CP Key-Arma для AR/AK Mill spec Polymer;weapon_accessories_stocks;weapon_accessories_stocks;UNCHANGED;AUTO_CONFIRMED_WITH_ATTRIBUTES;semantic_primary_product
pr7dvwynn12x;Багатофункціональний мультитул 7в1;tools_multitools;tools_multitools;UNCHANGED;AUTO_CONFIRMED_WITH_ATTRIBUTES;semantic_primary_product
pr7xdee9m412;Сумка-баул 80л Kiborg;bags_duffel;bags_duffel;UNCHANGED;AUTO_CONFIRMED_WITH_ATTRIBUTES;semantic_primary_product
pr849lg5n1d8;"Штани тактичні ""Раптор"" з наколінниками Розмір";clothing_pants;clothing_pants;UNCHANGED;AUTO_CONFIRMED_WITH_ATTRIBUTES;semantic_primary_product
pr8aq9stnqbl;"Штани тактичні ""ANTITERROR II"" (Rip-Stop Стрейч + мембрана)";clothing_pants;clothing_pants;UNCHANGED;AUTO_CONFIRMED_WITH_ATTRIBUTES;semantic_primary_product
pr8srmq8m3zm;Підсумок під 1 магазин Kiborg М-1;pouches_magazines;pouches_magazines;UNCHANGED;AUTO_CONFIRMED_WITH_ATTRIBUTES;semantic_primary_product
pr8xsqe7ehw8;Прапор України 90×135 см — з люверсами. M-WIN;field_other;field_other;UNCHANGED;AUTO_CONFIRMED_WITH_ATTRIBUTES;semantic_primary_product
pr9l8qz3m408;Ремінь 2-точковий для АК,РПК;weapon_accessories_slings;weapon_accessories_slings;UNCHANGED;AUTO_CONFIRMED_WITH_ATTRIBUTES;semantic_primary_product
pr9risgmm3we;Захист паху (напашник) потрійний Kiborg з балістичним пакетом 1 клас захисту Militex;field_fasteners;armor_soft;CHANGED_HIGH_CONFIDENCE;AUTO_CONFIRMED_WITH_ATTRIBUTES;semantic_primary_product
pra8d23tm41p;Тактичний балістичний шолом ECLIPSE HC GEN 3 High Cut (NIJ IIIA, ДСТУ 1) —;helmets_ballistic;helmets_ballistic;UNCHANGED;AUTO_CONFIRMED_WITH_ATTRIBUTES;semantic_primary_product
pray3ac5m3yv;Маскувальна сітка Militex Мультикам бруд 3х2,5м (площа 7,5 кв.м.);camouflage_nets;camouflage_nets;UNCHANGED;AUTO_CONFIRMED_WITH_ATTRIBUTES;semantic_primary_product
prbjfqf5ehpp;Маскувальна сітка M-Win Листя осінь. Маскування весна, літо, осінь. 2х4 м (площа 8 кв.м.);camouflage_nets;camouflage_nets;UNCHANGED;AUTO_CONFIRMED_WITH_ATTRIBUTES;semantic_primary_product
prbk7d75ehqi;Маскувальна сітка M-WIN мультикам. Маскування зима. 10х15 м (площа 150 кв.м.);camouflage_nets;camouflage_nets;UNCHANGED;AUTO_CONFIRMED_WITH_ATTRIBUTES;semantic_primary_product
prbwdwj1m437;Штани Kiborg Compat Pants G2;clothing_pants;clothing_pants;UNCHANGED;AUTO_CONFIRMED_WITH_ATTRIBUTES;semantic_primary_product
prbwtzc9ogs5;Тактичні зимові берці Пегас, чорні;footwear_boots;footwear_boots;UNCHANGED;AUTO_CONFIRMED_WITH_ATTRIBUTES;semantic_primary_product
prbx25i6ehpr;Маскувальна сітка M-Win Листя осінь. Маскування весна, літо, осінь. 9х10 м (площа 90 кв.м.);camouflage_nets;camouflage_nets;UNCHANGED;AUTO_CONFIRMED_WITH_ATTRIBUTES;semantic_primary_product
prc4cguiehnv;Маскувальна сітка M-Win Весняний камуфляж. Маскування весна, літо. 4х10 м (площа 40 кв.м.);camouflage_nets;camouflage_nets;UNCHANGED;AUTO_CONFIRMED_WITH_ATTRIBUTES;semantic_primary_product
prda5tegm3xy;Кріплення для смартфона MOLLE, відкидний холдер;field_other;field_fasteners;CHANGED_HIGH_CONFIDENCE;AUTO_CONFIRMED_WITH_ATTRIBUTES;semantic_primary_product
prdkvy1jn1d9;Штани тактичні «Раптор» без наколінників Розмір;clothing_pants;clothing_pants;UNCHANGED;AUTO_CONFIRMED_WITH_ATTRIBUTES;semantic_primary_product
prdwzolaehqp;Маскувальна сітка M-WIN мультикам. Маскування зима. 3х6 м (площа 18 кв.м.);camouflage_nets;camouflage_nets;UNCHANGED;AUTO_CONFIRMED_WITH_ATTRIBUTES;semantic_primary_product
prekadnpehn5;Антидронова маскувальна сітка M-WIN 2х6 м (площа 12 кв.м.);camouflage_antidrone;camouflage_antidrone;UNCHANGED;AUTO_CONFIRMED_WITH_ATTRIBUTES;semantic_primary_product
prevg9speho3;Маскувальна сітка M-Win Весняний камуфляж. Маскування весна, літо. 6х8 м (площа 48 кв.м.);camouflage_nets;camouflage_nets;UNCHANGED;AUTO_CONFIRMED_WITH_ATTRIBUTES;semantic_primary_product
prevu65oehqg;Маскувальна сітка M-Win мультикам. Маскування весна, літо.3х3 м (площа 9 кв.м.);camouflage_nets;camouflage_nets;UNCHANGED;AUTO_CONFIRMED_WITH_ATTRIBUTES;semantic_primary_product
prfhke9snqaf;"Кобура тактична ""SCORPION PRO"" (Cordura)";weapon_accessories_holsters;weapon_accessories_holsters;UNCHANGED;AUTO_CONFIRMED_WITH_ATTRIBUTES;semantic_primary_product
prfws12aogqs;Спальний мішок;field_sleeping;field_sleeping;UNCHANGED;AUTO_CONFIRMED_WITH_ATTRIBUTES;semantic_primary_product
prfy3ngkm40s;Смарт-сумка через плече Kiborg Tactic city bag;bags_shoulder;bags_shoulder;UNCHANGED;AUTO_CONFIRMED_WITH_ATTRIBUTES;semantic_primary_product
prg18qpqogrc;Тактична куртка, парка ріп-стоп Han Wild мультикам;clothing_jackets;clothing_jackets;UNCHANGED;AUTO_CONFIRMED_WITH_ATTRIBUTES;semantic_primary_product
prg7wtadehui;Маскувальна сітка M-Win Темний мультикам. Маскування весна, літо, осінь. 5х7 м (площа 35 кв.м.);camouflage_nets;camouflage_nets;UNCHANGED;AUTO_CONFIRMED_WITH_ATTRIBUTES;semantic_primary_product
prgdc6twogrr;Тактичний каремат-підстилка мультикам;field_mats;field_mats;UNCHANGED;AUTO_CONFIRMED_WITH_ATTRIBUTES;semantic_primary_product
prh4e3k6m40z;Сумка через плече — з MOLLE-системою;bags_shoulder;bags_shoulder;UNCHANGED;AUTO_CONFIRMED_WITH_ATTRIBUTES;semantic_primary_product
prhzpiacn18q;Підсумок під 6 магазінів АК/РПК потрійний ЗСУ MM-14 (MOLLE, підсумок на розгрузку, жилет, РПС);clothing_vests;pouches_magazines;CHANGED_HIGH_CONFIDENCE;AUTO_CONFIRMED_WITH_ATTRIBUTES;semantic_primary_product
priq3btuogsu;Тактичні чоловічі всесезонні берці Пегас мембрана;footwear_boots;footwear_boots;UNCHANGED;AUTO_CONFIRMED_WITH_ATTRIBUTES;semantic_primary_product
priux820m3vf;Водозахисні бахіли для взуття;footwear_gaiters;footwear_gaiters;UNCHANGED;AUTO_CONFIRMED_WITH_ATTRIBUTES;semantic_primary_product
prj2md8kehwa;Сітка капронова. Вічко 45 мм, шнур 1,8 мм;camouflage_nets;camouflage_nets;UNCHANGED;SUPPLIER_MAPPING;unambiguous_supplier_mapping
prkzsfn1m3wu;Зимова маскувальна сітка Militex 3х2,5м (площа 7,5 кв.м.);camouflage_nets;camouflage_nets;UNCHANGED;AUTO_CONFIRMED_WITH_ATTRIBUTES;semantic_primary_product
prl6amoqm40r;Смарт-сумка через плече Kiborg Tactic city Assistant bag Kiborg Cordura;bags_shoulder;bags_shoulder;UNCHANGED;AUTO_CONFIRMED_WITH_ATTRIBUTES;semantic_primary_product
prm1xfrim3xo;"Комплект захисних кришечок ""бікіні"" для бінокуляра";electronics_mounts;electronics_accessories;CHANGED_HIGH_CONFIDENCE;AUTO_CONFIRMED_WITH_ATTRIBUTES;semantic_primary_product
prm2kqgcnqba;"Футболка з принтом ""ARMOLINE"" (Бавовна)";clothing_tshirts;clothing_tshirts;UNCHANGED;AUTO_CONFIRMED_WITH_ATTRIBUTES;semantic_primary_product
prmw2h31m428;Термошкарпетки «Viva red»;footwear_socks;footwear_socks;UNCHANGED;AUTO_CONFIRMED_WITH_ATTRIBUTES;semantic_primary_product
prnfmb8hm42d;Універсальна сумка-бананка;bags_waist;bags_waist;UNCHANGED;AUTO_CONFIRMED_WITH_ATTRIBUTES;semantic_primary_product
pro64m5aehql;Маскувальна сітка M-WIN мультикам. Маскування зима. 2х5 м (площа 10 кв.м.);camouflage_nets;camouflage_nets;UNCHANGED;AUTO_CONFIRMED_WITH_ATTRIBUTES;semantic_primary_product
proldjaom40k;Ручка перенесення вогню M-LOK Key-Arma Polymer (KEY-405);weapon_accessories_grips;weapon_accessories_grips;UNCHANGED;SUPPLIER_MAPPING;unambiguous_supplier_mapping
prowfag8m3tv;Балістичний пакет 20*20 Militex (1 клас захисту);armor_soft;armor_soft;UNCHANGED;AUTO_CONFIRMED_WITH_ATTRIBUTES;semantic_primary_product
prox6bsam3td;Антидронова сітка (сітка проти дронів для машин, доріг) 3*75м - 45мм вічко, нитка 0,9мм;camouflage_antidrone;camouflage_antidrone;UNCHANGED;AUTO_CONFIRMED_WITH_ATTRIBUTES;semantic_primary_product
prpamqnrn1df;Штани RAPTOR NEW розмір;clothing_pants;clothing_pants;UNCHANGED;AUTO_CONFIRMED_WITH_ATTRIBUTES;semantic_primary_product
prpfuuzbm3ys;Маскувальна сітка Militex Листя осінь 8х10м (площа 80 кв.м.);camouflage_nets;camouflage_nets;UNCHANGED;AUTO_CONFIRMED_WITH_ATTRIBUTES;semantic_primary_product
prph6a6xehoa;Маскувальна сітка M-Win Зелене листя. Маскування весна, літо. 10х10 м (площа 100 кв.м.);camouflage_nets;camouflage_nets;UNCHANGED;AUTO_CONFIRMED_WITH_ATTRIBUTES;semantic_primary_product
prpiszz0ehu5;Маскувальна сітка M-Win Темний мультикам. Маскування весна, літо, осінь. 10х20 м (площа 200 кв.м.);camouflage_nets;camouflage_nets;UNCHANGED;AUTO_CONFIRMED_WITH_ATTRIBUTES;semantic_primary_product
prpqbl6nm3wj;Захист попереку Kiborg з балістичним пакетом 2 класу Militex;armor_sets;armor_soft;CHANGED_HIGH_CONFIDENCE;AUTO_CONFIRMED_WITH_ATTRIBUTES;semantic_primary_product
prr7e0ptogpq;Куртка тактична Soft Shell сіра;clothing_jackets;clothing_jackets;UNCHANGED;AUTO_CONFIRMED_WITH_ATTRIBUTES;semantic_primary_product
prrpo10sehoe;Маскувальна сітка M-Win Зелене листя. Маскування весна, літо. 2х7 м (площа 14 кв.м.);camouflage_nets;camouflage_nets;UNCHANGED;AUTO_CONFIRMED_WITH_ATTRIBUTES;semantic_primary_product
prrqeoycehwe;Штурмовий рюкзак QR M-WIN швидкоз'ємний;bags_assault;bags_assault;UNCHANGED;AUTO_CONFIRMED_WITH_ATTRIBUTES;semantic_primary_product
prrscnkhehnm;Маскувальна сітка M-Win Весняний камуфляж. Маскування весна, літо. 20х20 м (площа 400 кв.м.);camouflage_nets;camouflage_nets;UNCHANGED;AUTO_CONFIRMED_WITH_ATTRIBUTES;semantic_primary_product
prruk7d2n1a8;Рукавички MECHANIX TACTICAL FASTFIT Розмір;clothing_gloves;clothing_gloves;UNCHANGED;AUTO_CONFIRMED_WITH_ATTRIBUTES;semantic_primary_product
prsfw189m3yi;Маскувальна сітка з основою 8х10м Militex;camouflage_nets;camouflage_nets;UNCHANGED;AUTO_CONFIRMED_WITH_ATTRIBUTES;semantic_primary_product
prul92eum40v;Спальний мішок з капюшоном Tactical Summer FS (100 220) Мультикам;field_sleeping;field_sleeping;UNCHANGED;AUTO_CONFIRMED_WITH_ATTRIBUTES;semantic_primary_product
prutodi0ogq1;Наколінники, мультикам;limb_protection_knees;limb_protection_knees;UNCHANGED;AUTO_CONFIRMED_WITH_ATTRIBUTES;semantic_primary_product
pruwi1u8ehsb;Маскувальна сітка M-Win Піксель. Маскування весна, літо, осінь. 5х6 м (площа 30 кв.м.);camouflage_nets;camouflage_nets;UNCHANGED;AUTO_CONFIRMED_WITH_ATTRIBUTES;semantic_primary_product
prv2i68fm408;Ремінь 2-точковий Kiborg для АК,РПК;weapon_accessories_slings;weapon_accessories_slings;UNCHANGED;AUTO_CONFIRMED_WITH_ATTRIBUTES;semantic_primary_product
prvneu2pm3zy;Пончо-дощовик;clothing_rainwear;clothing_rainwear;UNCHANGED;AUTO_CONFIRMED_WITH_ATTRIBUTES;semantic_primary_product
prvpi4mfehof;Маскувальна сітка M-Win Зелене листя. Маскування весна, літо. 2х8 м (площа 16 кв.м.);camouflage_nets;camouflage_nets;UNCHANGED;AUTO_CONFIRMED_WITH_ATTRIBUTES;semantic_primary_product
prwnoevhm3sy;Антидронова сітка (2×6 м) вічко 50 мм, нитка 1,8 мм, міцна сітка для захисту техніки та позицій;camouflage_antidrone;camouflage_antidrone;UNCHANGED;AUTO_CONFIRMED_WITH_ATTRIBUTES;semantic_primary_product
prwudlqxn1c6;"Фартух ""RAGNAROK"" з балістичним пакетом 1 клас ДСТУ";armor_sets;armor_soft;CHANGED_HIGH_CONFIDENCE;AUTO_CONFIRMED_WITH_ATTRIBUTES;semantic_primary_product
prxk7qb8ogra;Тактична куртка omni-Heat мультикам до -30°;clothing_jackets;clothing_jackets;UNCHANGED;AUTO_CONFIRMED_WITH_ATTRIBUTES;semantic_primary_product
prxti3tbehrx;Маскувальна сітка M-Win Піксель. Маскування весна, літо, осінь. 2х3 м (площа 6 кв.м.);camouflage_nets;camouflage_nets;UNCHANGED;AUTO_CONFIRMED_WITH_ATTRIBUTES;semantic_primary_product
pry2o25hm3zn;Підсумок під 2 магазина KIBORG GU Double Mag Pouch;pouches_magazines;pouches_magazines;UNCHANGED;AUTO_CONFIRMED_WITH_ATTRIBUTES;semantic_primary_product
pryalg4rm3x0;Зимова маскувальна сітка Militex Альпійська клякса 5х8м (площа 40 кв.м.);camouflage_nets;camouflage_nets;UNCHANGED;AUTO_CONFIRMED_WITH_ATTRIBUTES;semantic_primary_product
pryoe8w2ehtx;Маскувальна сітка M-WIN Темний камуфляж. Маскування осінь, зима, весна. 6х7 м (площа 42 кв.м.);camouflage_nets;camouflage_nets;UNCHANGED;AUTO_CONFIRMED_WITH_ATTRIBUTES;semantic_primary_product
prz3olo1m3uw;Бронежилет Kiborg Modular X-1 (збільшена площа захисту) з балістичним пакетом Militex, 2 клас;armor_vests;armor_vests;UNCHANGED;AUTO_CONFIRMED_WITH_ATTRIBUTES;semantic_primary_product
przrtwchehw5;Підсумок під планшет з діагоналлю 6-11 дюймів M-WIN;pouches_other;pouches_phone;CHANGED_HIGH_CONFIDENCE;AUTO_CONFIRMED_WITH_ATTRIBUTES;semantic_primary_product
ps0306t9ogp8;Кросівки тактичні літні Гетьман;footwear_sneakers;footwear_sneakers;UNCHANGED;AUTO_CONFIRMED_WITH_ATTRIBUTES;semantic_primary_product
ps0pvcvvogo5;Бушлат зимовий темно- ДСНС;clothing_jackets;clothing_jackets;UNCHANGED;AUTO_CONFIRMED_WITH_ATTRIBUTES;semantic_primary_product
ps10gfy3m40x;Стробоскопічний маркер (маячок) Hel-Star 6 GEN III (R) для шолому;helmets_ballistic;helmets_accessories;CHANGED_HIGH_CONFIDENCE;AUTO_CONFIRMED_WITH_ATTRIBUTES;semantic_primary_product
ps1apsflehnr;Маскувальна сітка M-Win Весняний камуфляж. Маскування весна, літо. 3х3 м (площа 9 кв.м.);camouflage_nets;camouflage_nets;UNCHANGED;AUTO_CONFIRMED_WITH_ATTRIBUTES;semantic_primary_product
ps1sd46xehtq;Маскувальна сітка M-WIN Темний камуфляж. Маскування осінь, зима, весна. 4х7 м (площа 28 кв.м.);camouflage_nets;camouflage_nets;UNCHANGED;AUTO_CONFIRMED_WITH_ATTRIBUTES;semantic_primary_product
ps1ur9ytognd;Баул, великий рюкзак, сумка 100 л;bags_duffel;bags_duffel;UNCHANGED;AUTO_CONFIRMED_WITH_ATTRIBUTES;semantic_primary_product
ps2hvphqehtr;Маскувальна сітка M-WIN Темний камуфляж. Маскування осінь, зима, весна. 4х8 м (площа 32 кв.м.);camouflage_nets;camouflage_nets;UNCHANGED;AUTO_CONFIRMED_WITH_ATTRIBUTES;semantic_primary_product
ps3iwlv6n19m;"Присипка-дезодорант ""Сушар"" для ніг та взуття (з протигрибковим ефектом) 100 мл";field_hygiene;field_hygiene;UNCHANGED;SUPPLIER_MAPPING;unambiguous_supplier_mapping
ps40r2v4ogsi;Тактичні літні черевики Ukr-Tec;footwear_shoes;footwear_shoes;UNCHANGED;AUTO_CONFIRMED_WITH_ATTRIBUTES;semantic_primary_product
ps4vpkwln17q;Ножиці тактичні медичні;tools_knives;medical_shears;CHANGED_HIGH_CONFIDENCE;AUTO_CONFIRMED_WITH_ATTRIBUTES;semantic_primary_product
ps54ys8lehug;Маскувальна сітка M-Win Темний мультикам. Маскування весна, літо, осінь. 4х8 м (площа 32 кв.м.);camouflage_nets;camouflage_nets;UNCHANGED;AUTO_CONFIRMED_WITH_ATTRIBUTES;semantic_primary_product
ps59l857ogtn;Форма тактична військова статутна;clothing_costumes;clothing_costumes;UNCHANGED;AUTO_CONFIRMED_WITH_ATTRIBUTES;semantic_primary_product
ps5lz45am42e;Утеплена зимова куртка BR SQG 5 з еко-пухом;clothing_jackets;clothing_jackets;UNCHANGED;AUTO_CONFIRMED_WITH_ATTRIBUTES;semantic_primary_product
ps5rryvpehvy;Надміцна маскувальна сітка M-WIN 7,5х5 метри;camouflage_nets;camouflage_nets;UNCHANGED;AUTO_CONFIRMED_WITH_ATTRIBUTES;semantic_primary_product
ps5uqevrm40a;Ріг (маунт) типу L4 G24;electronics_mounts;electronics_mounts;UNCHANGED;AUTO_CONFIRMED_WITH_ATTRIBUTES;semantic_primary_product
ps649d5gehss;Маскувальна сітка M-Win Світлий мультикам. Маскування весна, літо, осінь. 3х3 м (площа 9 кв.м.);camouflage_nets;camouflage_nets;UNCHANGED;AUTO_CONFIRMED_WITH_ATTRIBUTES;semantic_primary_product
ps6n4wcpogu0;Черевики зимові Ukr-tec;footwear_shoes;footwear_shoes;UNCHANGED;AUTO_CONFIRMED_WITH_ATTRIBUTES;semantic_primary_product
ps6v3oqdehq5;Маскувальна сітка M-Win мультикам. Маскування весна, літо. 5х10 м (площа 50 кв.м.);camouflage_nets;camouflage_nets;UNCHANGED;AUTO_CONFIRMED_WITH_ATTRIBUTES;semantic_primary_product
ps74ao54ehr4;Маскувальна сітка M-WIN мультикам. Маскування зима. 9х10 м (площа 90 кв.м.);camouflage_nets;camouflage_nets;UNCHANGED;AUTO_CONFIRMED_WITH_ATTRIBUTES;semantic_primary_product
ps78qvsem3wd;Захист живота/кишківника з балістичним захистом 2 клас Militex Cordura USA;armor_sets;armor_soft;CHANGED_HIGH_CONFIDENCE;AUTO_CONFIRMED_WITH_ATTRIBUTES;semantic_primary_product
ps7whnqfehp0;Маскувальна сітка M-Win камуфляж. Маскування весна, літо, осінь. 10х20 м (площа 200 кв.м.);camouflage_nets;camouflage_nets;UNCHANGED;AUTO_CONFIRMED_WITH_ATTRIBUTES;semantic_primary_product
ps87xx17ehqd;Маскувальна сітка M-Win мультикам. Маскування весна, літо. 8х10 м (площа 80 кв.м.);camouflage_nets;camouflage_nets;UNCHANGED;AUTO_CONFIRMED_WITH_ATTRIBUTES;semantic_primary_product
ps9nciu5m3tw;Балістичний пакет 30*38 Militex (1 клас захисту);armor_soft;armor_soft;UNCHANGED;AUTO_CONFIRMED_WITH_ATTRIBUTES;semantic_primary_product
psa04kpoehuq;Маскувальна сітка M-Win Темний мультикам. Маскування весна, літо, осінь. 8х9 м (площа 72 кв.м.);camouflage_nets;camouflage_nets;UNCHANGED;AUTO_CONFIRMED_WITH_ATTRIBUTES;semantic_primary_product
psa8ow3tn18x;Підсумок під магазин АК та AR з жорстким каркасом;pouches_magazines;pouches_magazines;UNCHANGED;AUTO_CONFIRMED_WITH_ATTRIBUTES;semantic_primary_product
psb71zaxn18e;Підсумок гранатний подвійний ЗСУ MM-14 (MOLLE, підсумок для гранат на розгрузку, жилет, РПС);pouches_grenades;pouches_grenades;UNCHANGED;AUTO_CONFIRMED_WITH_ATTRIBUTES;semantic_primary_product
psbgc928ogsw;Тактичні чоловічі кросівки Ягуар шкіра/сітка, чорні;footwear_sneakers;footwear_sneakers;UNCHANGED;AUTO_CONFIRMED_WITH_ATTRIBUTES;semantic_primary_product
psc01sw9ognm;Берці демісезонні Гладіатор;footwear_boots;footwear_boots;UNCHANGED;AUTO_CONFIRMED_WITH_ATTRIBUTES;semantic_primary_product
psc04jx1m3wy;Зимова маскувальна сітка Militex Альпійська клякса 2х5м (площа 10 кв.м.);camouflage_nets;camouflage_nets;UNCHANGED;AUTO_CONFIRMED_WITH_ATTRIBUTES;semantic_primary_product
psc1hw8nogpu;Куртка Call Dragon 2.0 утеплена G-Loft Tactics Armor сіра;clothing_jackets;clothing_jackets;UNCHANGED;AUTO_CONFIRMED_WITH_ATTRIBUTES;semantic_primary_product
pscexnxiogsl;Тактичні рукавиці подсилені, чорні;clothing_gloves;clothing_gloves;UNCHANGED;AUTO_CONFIRMED_WITH_ATTRIBUTES;semantic_primary_product
pschaw4gn1dg;Штурмовий рюкзак на плитоноску USA;bags_assault;bags_assault;UNCHANGED;AUTO_CONFIRMED_WITH_ATTRIBUTES;semantic_primary_product
psdgryz2ehwa;Спальний мішок демісезонний M-WIN Gen-3 (220×88 см);field_sleeping;field_sleeping;UNCHANGED;AUTO_CONFIRMED_WITH_ATTRIBUTES;semantic_primary_product
psef431gehuz;Маскувальна сітка M-Win Хижак. Маскування осінь, весна. 2х7 м (площа 14 кв.м.);camouflage_nets;camouflage_nets;UNCHANGED;AUTO_CONFIRMED_WITH_ATTRIBUTES;semantic_primary_product
psff4m1um40u;Спальний мішок з капюшоном 2.10х90 фліс зимовий;field_sleeping;field_sleeping;UNCHANGED;AUTO_CONFIRMED_WITH_ATTRIBUTES;semantic_primary_product
psgj05icogoj;Костюм маскувальний сітка мультикам;clothing_costumes;camouflage_suits;CHANGED_HIGH_CONFIDENCE;AUTO_CONFIRMED_WITH_ATTRIBUTES;semantic_primary_product
psgryfgaogpa;Кросівки тактичні полегшені з 3D сіткою, койот.;footwear_sneakers;footwear_sneakers;UNCHANGED;AUTO_CONFIRMED_WITH_ATTRIBUTES;semantic_primary_product
psgwsmqcnqb4;"Тактична міська сумка ""VENDETTA"" (Cordura)";bags_tactical_bags;bags_tactical_bags;UNCHANGED;AUTO_CONFIRMED_WITH_ATTRIBUTES;semantic_primary_product
psi3haysogu9;Черевики тактичні зимові UKR-TEC чорні;footwear_shoes;footwear_shoes;UNCHANGED;AUTO_CONFIRMED_WITH_ATTRIBUTES;semantic_primary_product
psi6jd8wehqn;Маскувальна сітка M-WIN мультикам. Маскування зима. 3х10 м (площа 30 кв.м.);camouflage_nets;camouflage_nets;UNCHANGED;AUTO_CONFIRMED_WITH_ATTRIBUTES;semantic_primary_product
psj7hq28nqb5;"Термофутболка тактична ""S.W.A.T."" (CoolMax)";clothing_thermal;clothing_thermal;UNCHANGED;AUTO_CONFIRMED_WITH_ATTRIBUTES;semantic_primary_product
psjk1hzlehp3;Маскувальна сітка M-Win камуфляж. Маскування весна, літо, осінь. 2х6 м (площа 12 кв.м.);camouflage_nets;camouflage_nets;UNCHANGED;AUTO_CONFIRMED_WITH_ATTRIBUTES;semantic_primary_product
psjo1hd2m3tv;Балістичний пакет 20*16.5*13.5 Militex (2 клас захисту);armor_soft;armor_soft;UNCHANGED;AUTO_CONFIRMED_WITH_ATTRIBUTES;semantic_primary_product
psk8jmfiehus;Маскувальна сітка M-Win Темний мультикам. Маскування весна, літо, осінь. Індивідуальний розмір (ціна за 1 кв.м.);camouflage_nets;camouflage_nets;UNCHANGED;AUTO_CONFIRMED_WITH_ATTRIBUTES;semantic_primary_product
pskmpkf9eht3;Маскувальна сітка M-Win Світлий мультикам. Маскування весна, літо, осінь. 5х9 м (площа 45 кв.м.);camouflage_nets;camouflage_nets;UNCHANGED;AUTO_CONFIRMED_WITH_ATTRIBUTES;semantic_primary_product
pskp6hq5nqab;"Бейсболка тактична ""ANTITERROR II"" (Rip-Stop + мембрана)";clothing_headwear;clothing_headwear;UNCHANGED;AUTO_CONFIRMED_WITH_ATTRIBUTES;semantic_primary_product
psm06f9sm3xk;Комплект (налокітники + налокітники);limb_protection_elbows;limb_protection_elbows;UNCHANGED;AUTO_CONFIRMED_WITH_ATTRIBUTES;semantic_primary_product
psna2r9rogpy;Майка військова;clothing_tshirts;clothing_tshirts;UNCHANGED;AUTO_CONFIRMED_WITH_ATTRIBUTES;semantic_primary_product
psni5ju9m41j;Тактична футблока поло Military (48р);clothing_tshirts;clothing_tshirts;UNCHANGED;AUTO_CONFIRMED_WITH_ATTRIBUTES;semantic_primary_product
psofiac3ehrv;Маскувальна сітка M-Win Піксель. Маскування весна, літо, осінь. 10х15 м (площа 150 кв.м.);camouflage_nets;camouflage_nets;UNCHANGED;AUTO_CONFIRMED_WITH_ATTRIBUTES;semantic_primary_product
psozqy83m41q;Тактичний каремат (сидушка) 36 × 26 см Militex 20mm Cordura original USA;field_seats;field_seats;UNCHANGED;AUTO_CONFIRMED_WITH_ATTRIBUTES;semantic_primary_product
pspc19c8n13r;Військова форма ММ-14 розмір;clothing_costumes;clothing_costumes;UNCHANGED;AUTO_CONFIRMED_WITH_ATTRIBUTES;semantic_primary_product
pspr2yimm409;Ремінь 2-точковий Kiborg G-2 з системою швидкого регулювання Triple-X;weapon_accessories_slings;weapon_accessories_slings;UNCHANGED;AUTO_CONFIRMED_WITH_ATTRIBUTES;semantic_primary_product
pspwkd43m40p;Рюкзак з Molle 40л;bags_tactical;bags_backpacks;CHANGED_HIGH_CONFIDENCE;AUTO_CONFIRMED_WITH_ATTRIBUTES;semantic_primary_product
psq971npm3sv;Антидронова сітка (10×6 м) вічко 70 мм, нитка 1,8 мм, чорна міцна сітка для захисту техніки та позицій;camouflage_antidrone;camouflage_antidrone;UNCHANGED;AUTO_CONFIRMED_WITH_ATTRIBUTES;semantic_primary_product
psqpsj2bogu4;Черевики тактичні демісезонні Варан;footwear_shoes;footwear_shoes;UNCHANGED;AUTO_CONFIRMED_WITH_ATTRIBUTES;semantic_primary_product
psrtcie9ehn9;Балістичний захист плечей 2 клас M-WIN Мультикам. Комплект 2 шт.;armor_sets;armor_soft;CHANGED_HIGH_CONFIDENCE;AUTO_CONFIRMED_WITH_ATTRIBUTES;semantic_primary_product
psua9sjym3u1;Балістичний пакет для РПС Kiborg R-1 розмір (2 клас захисту);armor_soft;armor_soft;UNCHANGED;AUTO_CONFIRMED_WITH_ATTRIBUTES;semantic_primary_product
psuh2t9lm42f;Утеплений зимовий костюм (куртка + штани) —;clothing_jackets;clothing_costumes;CHANGED_HIGH_CONFIDENCE;AUTO_CONFIRMED_WITH_ATTRIBUTES;semantic_primary_product
psvoiw7bn1co;Чохол (Кавер) тактичний на каску Warrior Spirit;helmets_covers;helmets_covers;UNCHANGED;AUTO_CONFIRMED_WITH_ATTRIBUTES;semantic_primary_product
psvuitoqm42s;Чорна зимова утеплена тактична куртка Archon Husky Extreme Єврозима;clothing_jackets;clothing_jackets;UNCHANGED;AUTO_CONFIRMED_WITH_ATTRIBUTES;semantic_primary_product
psw91zd6m3xc;Каремат-сидушка Kiborg з балістичним пакетом 1 клас захисту Militex 20mm Cordura;armor_sets;field_seats;CHANGED_HIGH_CONFIDENCE;AUTO_CONFIRMED_WITH_ATTRIBUTES;semantic_primary_product
psx8y4vfm3xa;Каремат-сидушка М Оксфорд (33*25см);field_seats;field_seats;UNCHANGED;AUTO_CONFIRMED_WITH_ATTRIBUTES;semantic_primary_product
psxp5lovehvi;Маскувальний тактичний шарф-арафатка M-WIN 220х100 см;clothing_headwear;clothing_balaclavas;CHANGED_HIGH_CONFIDENCE;AUTO_CONFIRMED_WITH_ATTRIBUTES;semantic_primary_product
psyovwx8m3yw;Маскувальна сітка Militex Мультикам бруд 5х5м (площа 25 кв.м.);camouflage_nets;camouflage_nets;UNCHANGED;AUTO_CONFIRMED_WITH_ATTRIBUTES;semantic_primary_product
psz3e4x0m3yv;Маскувальна сітка Militex Мультикам бруд 3х5м (площа 15 кв.м.);camouflage_nets;camouflage_nets;UNCHANGED;AUTO_CONFIRMED_WITH_ATTRIBUTES;semantic_primary_product
pszaygyzogqh;Ремінь двоточковий;weapon_accessories_slings;weapon_accessories_slings;UNCHANGED;AUTO_CONFIRMED_WITH_ATTRIBUTES;semantic_primary_product
pszd67vwm40t;Сорочка тактична Operator 5 Twill на ґудзиках;clothing_combat_shirts;clothing_combat_shirts;UNCHANGED;AUTO_CONFIRMED_WITH_ATTRIBUTES;semantic_primary_product
pszv3rihehvo;Надміцна маскувальна сітка M-WIN 3х6 метри;camouflage_nets;camouflage_nets;UNCHANGED;AUTO_CONFIRMED_WITH_ATTRIBUTES;semantic_primary_product
pszzf2rdm426;Термоковдра Blizzard AMB Trauma Blanket - Помаранчева;field_blankets;field_blankets;UNCHANGED;AUTO_CONFIRMED_WITH_ATTRIBUTES;semantic_primary_product
pt00dcs9ehpp;Маскувальна сітка M-Win Листя осінь. Маскування весна, літо, осінь. 2х9 м (площа 18 кв.м.);camouflage_nets;camouflage_nets;UNCHANGED;AUTO_CONFIRMED_WITH_ATTRIBUTES;semantic_primary_product
pt0y2d8dehnh;Ліхтар на шолом тактичний.;helmets_ballistic;lighting_tactical;CHANGED_HIGH_CONFIDENCE;AUTO_CONFIRMED_WITH_ATTRIBUTES;semantic_primary_product
pt0yb7scm3xr;Комплект Плитонока Kiborg GU Gen.2 з двома підсумками та захистом 1 класу;field_fasteners;armor_carriers;CHANGED_HIGH_CONFIDENCE;AUTO_CONFIRMED_WITH_ATTRIBUTES;semantic_primary_product
pt14e76oehn9;Антидронова маскувальна сітка M-WIN Листя осінь 5х6 м (площа 30 кв.м.);camouflage_antidrone;camouflage_antidrone;UNCHANGED;AUTO_CONFIRMED_WITH_ATTRIBUTES;semantic_primary_product
pt1qvxwmehnd;Бронежилет тактичний Swift Eagle M-WIN. Плитоноска GEN.2 M-L. Комплект;armor_vests;armor_vests;UNCHANGED;AUTO_CONFIRMED_WITH_ATTRIBUTES;semantic_primary_product
pt251q0um40v;Спальний мішок з капюшоном Tactical Summer FS (73 220);field_sleeping;field_sleeping;UNCHANGED;AUTO_CONFIRMED_WITH_ATTRIBUTES;semantic_primary_product
pt29klzlm3yp;Маскувальна сітка Militex Листя осінь 10х15м (площа 150 кв.м.);camouflage_nets;camouflage_nets;UNCHANGED;AUTO_CONFIRMED_WITH_ATTRIBUTES;semantic_primary_product
pt2z6oojogny;Берці тактичні зимові Evolution зі вставками з кордури;footwear_boots;footwear_boots;UNCHANGED;AUTO_CONFIRMED_WITH_ATTRIBUTES;semantic_primary_product
pt2zl0z9ehn4;Антидронова маскувальна сітка M-WIN;camouflage_antidrone;camouflage_antidrone;UNCHANGED;AUTO_CONFIRMED_WITH_ATTRIBUTES;semantic_primary_product
pt3dcz4ym3ty;Балістичний пакет для бронежилета Militex камербанди 2шт. L/23,2*15,2 см (2 клас);armor_soft;armor_soft;UNCHANGED;AUTO_CONFIRMED_WITH_ATTRIBUTES;semantic_primary_product
pt3gv0jrehqd;Маскувальна сітка M-Win мультикам. Маскування весна, літо. 8х8 м (площа 64 кв.м.);camouflage_nets;camouflage_nets;UNCHANGED;AUTO_CONFIRMED_WITH_ATTRIBUTES;semantic_primary_product
pt43ab0om3wg;Захист попереку з балістичним пакетом 1 клас захисту Kiborg;field_fasteners;armor_soft;CHANGED_HIGH_CONFIDENCE;AUTO_CONFIRMED_WITH_ATTRIBUTES;semantic_primary_product
pt4oyb1hehns;Маскувальна сітка M-Win Весняний камуфляж. Маскування весна, літо. 3х5 м (площа 15 кв.м.);camouflage_nets;camouflage_nets;UNCHANGED;AUTO_CONFIRMED_WITH_ATTRIBUTES;semantic_primary_product
pt5cfboiogqe;Поло, теніска тактична Coolpass Pique;clothing_tshirts;clothing_tshirts;UNCHANGED;AUTO_CONFIRMED_WITH_ATTRIBUTES;semantic_primary_product
pt5o74l2n1az;Сумка-напашник USA;pouches_dangler;pouches_dangler;UNCHANGED;AUTO_CONFIRMED_WITH_ATTRIBUTES;semantic_primary_product
pt5xrj9pogs1;Тактичні демісезонні черевики UKR-TEC, чорні;footwear_shoes;footwear_shoes;UNCHANGED;AUTO_CONFIRMED_WITH_ATTRIBUTES;semantic_primary_product
pt6g0ohjm427;Термошкарпетки «К2»;footwear_socks;footwear_socks;UNCHANGED;AUTO_CONFIRMED_WITH_ATTRIBUTES;semantic_primary_product
pt6yvmxiehne;Гідратор NEWBOLER 3 л;bags_hydration;bags_hydration;UNCHANGED;AUTO_CONFIRMED_WITH_ATTRIBUTES;semantic_primary_product
pt74dnfcm3xt;Комплект сумка-напашник M + балістичним захистом 2 класу Cordura original USA Militex;field_fasteners;pouches_dangler;CHANGED_HIGH_CONFIDENCE;AUTO_CONFIRMED_WITH_ATTRIBUTES;semantic_primary_product
pt7b0dh5ogng;Бейсболка тактична, кепка мультикам;clothing_headwear;clothing_headwear;UNCHANGED;AUTO_CONFIRMED_WITH_ATTRIBUTES;semantic_primary_product
pt7c5qmyehni;М'який балістичний пакет 1 класу 150х300 мм - 1 шт.;armor_soft;armor_soft;UNCHANGED;AUTO_CONFIRMED_WITH_ATTRIBUTES;semantic_primary_product
pt7te6mcm40v;Спальний мішок з капюшоном Tactical Summer FS (100 220);field_sleeping;field_sleeping;UNCHANGED;AUTO_CONFIRMED_WITH_ATTRIBUTES;semantic_primary_product
pt889xyoeho2;Маскувальна сітка M-Win Весняний камуфляж. Маскування весна, літо. 6х6 м (площа 36 кв.м.);camouflage_nets;camouflage_nets;UNCHANGED;AUTO_CONFIRMED_WITH_ATTRIBUTES;semantic_primary_product
pt8f2ws8m3xg;Килимок п'ятиточка для сидіння трьохсекційний Kiborg П-3 Оксфорд;field_seats;field_seats;UNCHANGED;AUTO_CONFIRMED_WITH_ATTRIBUTES;semantic_primary_product
pt8kgvvwn1c9;Флісова тепла шапка TTX Fleece;clothing_headwear;clothing_headwear;UNCHANGED;AUTO_CONFIRMED_WITH_ATTRIBUTES;semantic_primary_product
pt8y6ft1ogpv;Куртка Soft Shell UKR-TEC;clothing_jackets;clothing_jackets;UNCHANGED;AUTO_CONFIRMED_WITH_ATTRIBUTES;semantic_primary_product
pt95pwfyehoo;Маскувальна сітка M-Win Зелене листя. Маскування весна, літо. 5х10 м (площа 50 кв.м.);camouflage_nets;camouflage_nets;UNCHANGED;AUTO_CONFIRMED_WITH_ATTRIBUTES;semantic_primary_product
pt9aonb2ehw6;Плитоноска закритого типу M-WIN GEN.2;armor_carriers;armor_carriers;UNCHANGED;AUTO_CONFIRMED_WITH_ATTRIBUTES;semantic_primary_product
pt9bwhhlehtb;Маскувальна сітка M-Win Світлий мультикам. Маскування весна, літо, осінь. 9х10 м (площа 90 кв.м.);camouflage_nets;camouflage_nets;UNCHANGED;AUTO_CONFIRMED_WITH_ATTRIBUTES;semantic_primary_product
pt9t675sogoc;Зимова тактична куртка 2.0 YINREN Scorpion (Gore Windstopper + G-Loft утеплювач);clothing_jackets;clothing_jackets;UNCHANGED;AUTO_CONFIRMED_WITH_ATTRIBUTES;semantic_primary_product
ptc5p6m7ehri;Маскувальна сітка M-Win Осінній мультикам. Маскування осінь, весна. 4х7 м (площа 28 кв.м.);camouflage_nets;camouflage_nets;UNCHANGED;AUTO_CONFIRMED_WITH_ATTRIBUTES;semantic_primary_product
ptd363llehv5;Маскувальна сітка M-Win Хижак. Маскування осінь, весна. 4х5 м (площа 20 кв.м.);camouflage_nets;camouflage_nets;UNCHANGED;AUTO_CONFIRMED_WITH_ATTRIBUTES;semantic_primary_product
ptf10j8qm41s;Тактичний пояс РПС Kiborg R-3 GEN.2 з балістичним захистом 2 класу;field_fasteners;load_bearing_belts;CHANGED_HIGH_CONFIDENCE;AUTO_CONFIRMED_WITH_ATTRIBUTES;semantic_primary_product
ptf57tfzehor;Маскувальна сітка M-Win Зелене листя. Маскування весна, літо. 5х9 м (площа 45 кв.м.);camouflage_nets;camouflage_nets;UNCHANGED;AUTO_CONFIRMED_WITH_ATTRIBUTES;semantic_primary_product
ptgbvtdzehw5;Підсумок під рацію M-WIN;camouflage_nets;pouches_radios;CHANGED_HIGH_CONFIDENCE;AUTO_CONFIRMED_WITH_ATTRIBUTES;semantic_primary_product
ptgl4u2em3yh;Маскувальна сітка з основою 5х8м Militex;camouflage_nets;camouflage_nets;UNCHANGED;AUTO_CONFIRMED_WITH_ATTRIBUTES;semantic_primary_product
ptgtqzjqm40s;Смарт-сумка через плече Militex Tactic city Assistant bag Cordura original USA;bags_shoulder;bags_shoulder;UNCHANGED;AUTO_CONFIRMED_WITH_ATTRIBUTES;semantic_primary_product
pthrmn9qm41a;Сумка-напашник з балістичних захистом 2 клас Militex XL Cordura original USA;field_fasteners;pouches_dangler;CHANGED_HIGH_CONFIDENCE;AUTO_CONFIRMED_WITH_ATTRIBUTES;semantic_primary_product
pthxdjfoogp3;Кросівки тактичні демісезонні Пегас;footwear_sneakers;footwear_sneakers;UNCHANGED;AUTO_CONFIRMED_WITH_ATTRIBUTES;semantic_primary_product
ptiaelwjeht5;Маскувальна сітка M-Win Світлий мультикам. Маскування весна, літо, осінь. 6х6 м (площа 36 кв.м.);camouflage_nets;camouflage_nets;UNCHANGED;AUTO_CONFIRMED_WITH_ATTRIBUTES;semantic_primary_product
ptiymolvogpp;Куртка тактична Omni-Heat;clothing_jackets;clothing_jackets;UNCHANGED;AUTO_CONFIRMED_WITH_ATTRIBUTES;semantic_primary_product
ptjfcfo2m3ws;Зимова маскувальна сітка Militex 10х20м (площа 200 кв.м.);camouflage_nets;camouflage_nets;UNCHANGED;AUTO_CONFIRMED_WITH_ATTRIBUTES;semantic_primary_product
ptkmn7lem3zm;Підсумок під 1 гранату KIBORG;pouches_grenades;pouches_grenades;UNCHANGED;AUTO_CONFIRMED_WITH_ATTRIBUTES;semantic_primary_product
ptlka32tm3wj;Захист попереку Kiborg з балістичним пакетом Militex 1 клас захисту GEN.2;armor_sets;armor_soft;CHANGED_HIGH_CONFIDENCE;AUTO_CONFIRMED_WITH_ATTRIBUTES;semantic_primary_product
ptnfub34ehrt;Маскувальна сітка M-Win Осінній мультикам. Маскування осінь, весна. 9х9 м (площа 81 кв.м.);camouflage_nets;camouflage_nets;UNCHANGED;AUTO_CONFIRMED_WITH_ATTRIBUTES;semantic_primary_product
ptphjz5wm3zp;Підсумок під захист живота Militex з Cordura original USA з балістичним захистом 2 класу;armor_accessories;armor_accessories;UNCHANGED;AUTO_CONFIRMED_WITH_ATTRIBUTES;semantic_primary_product
ptq0rnsoehw9;Розвантажувальний пояс РПС M-WIN GEN.2 з балістичним пакетом 1 класу;load_bearing_rps;load_bearing_belts;CHANGED_HIGH_CONFIDENCE;AUTO_CONFIRMED_WITH_ATTRIBUTES;semantic_primary_product
ptq7rk2zm40w;Спортивні шкарпетки Pastel 3 пари з вентиляцією та амортизацією;footwear_socks;footwear_socks;UNCHANGED;AUTO_CONFIRMED_WITH_ATTRIBUTES;semantic_primary_product
pts8dabbm3sz;Антидронова сітка (3×6 м) вічко 100 мм, нитка 1,8 мм, чорна міцна сітка для захисту техніки та позицій;camouflage_antidrone;camouflage_antidrone;UNCHANGED;AUTO_CONFIRMED_WITH_ATTRIBUTES;semantic_primary_product
ptsxoah8m3zx;Польовий спальний мішок Tactical Sleep System –10 °C (1*2,2 м);field_sleeping;field_sleeping;UNCHANGED;AUTO_CONFIRMED_WITH_ATTRIBUTES;semantic_primary_product
ptt0mnrlnqbj;"Штани ""TRAVEL DEFENCE"" з ременем (Таслан + Мікрофліс)";clothing_pants;clothing_pants;UNCHANGED;AUTO_CONFIRMED_WITH_ATTRIBUTES;semantic_primary_product
pttgcgxdehp0;Маскувальна сітка M-Win камуфляж. Маскування весна, літо, осінь. 10х15 м (площа 150 кв.м.);camouflage_nets;camouflage_nets;UNCHANGED;AUTO_CONFIRMED_WITH_ATTRIBUTES;semantic_primary_product
ptvcaddym3xu;Комплект титано-керамічних бронеплит Hyperion 6 клас ДСТУ (25×30 м, 3,3 кг/плита);armor_plates;armor_plates;UNCHANGED;AUTO_CONFIRMED_WITH_ATTRIBUTES;semantic_primary_product
ptvhk0pcm42e;Універсальні рукавиці MOG Light Duty (/);clothing_gloves;clothing_gloves;UNCHANGED;AUTO_CONFIRMED_WITH_ATTRIBUTES;semantic_primary_product
ptwclyz4nqag;"Комплект ""TRAVEL DEFENCE"" АНОРАК 2 в 1 (Таслан + Мікрофліс)";clothing_fleece;clothing_jackets;CHANGED_HIGH_CONFIDENCE;AUTO_CONFIRMED_WITH_ATTRIBUTES;semantic_primary_product
ptx6va1zogqq;Рюкзак Molle 45 л / мультикам;bags_tactical;bags_backpacks;CHANGED_HIGH_CONFIDENCE;AUTO_CONFIRMED_WITH_ATTRIBUTES;semantic_primary_product
pty117lmogss;Тактичні черевики Пегас, шкіра/хутро;footwear_shoes;footwear_shoes;UNCHANGED;AUTO_CONFIRMED_WITH_ATTRIBUTES;semantic_primary_product
ptygy128nqay;"Ремінь тактичний ""ANTITERROR II"" 5 см (Поліамід)";clothing_belts;clothing_belts;UNCHANGED;AUTO_CONFIRMED_WITH_ATTRIBUTES;semantic_primary_product
ptyvevdvm3wx;Зимова маскувальна сітка Militex 8х10м (площа 80 кв.м.);camouflage_nets;camouflage_nets;UNCHANGED;AUTO_CONFIRMED_WITH_ATTRIBUTES;semantic_primary_product
ptywlvvim41y;Тактичні напівчеревики Бруклін Undolini (Чорні);footwear_shoes;footwear_shoes;UNCHANGED;AUTO_CONFIRMED_WITH_ATTRIBUTES;semantic_primary_product
ptz2to2nehtn;Маскувальна сітка M-WIN Темний камуфляж. Маскування осінь, зима, весна. 3х8 м (площа 24 кв.м.);camouflage_nets;camouflage_nets;UNCHANGED;AUTO_CONFIRMED_WITH_ATTRIBUTES;semantic_primary_product
ptz5gfxjoguc;Шапка в'язана Reis;clothing_headwear;clothing_headwear;UNCHANGED;AUTO_CONFIRMED_WITH_ATTRIBUTES;semantic_primary_product
ptz6dzp7m40n;Рюкзак 70л (35*68*21см);field_fasteners;bags_backpacks;CHANGED_HIGH_CONFIDENCE;AUTO_CONFIRMED_WITH_ATTRIBUTES;semantic_primary_product
pu19dq8gm41v;Тактичні камуфляжні кросівки Vogel;footwear_sneakers;footwear_sneakers;UNCHANGED;AUTO_CONFIRMED_WITH_ATTRIBUTES;semantic_primary_product
pu1do1rom3wb;Захисні окуляри-маска Daisy зі змінним склом;eye_protection_glasses;eye_protection_glasses;UNCHANGED;AUTO_CONFIRMED_WITH_ATTRIBUTES;semantic_primary_product
pu1jbsh5ehtz;Маскувальна сітка M-WIN Темний камуфляж. Маскування осінь, зима, весна. 7х7 м (площа 49 кв.м.);camouflage_nets;camouflage_nets;UNCHANGED;AUTO_CONFIRMED_WITH_ATTRIBUTES;semantic_primary_product
pu271iexn1by;Термос 2000мл;field_thermos;field_thermos;UNCHANGED;AUTO_CONFIRMED_WITH_ATTRIBUTES;semantic_primary_product
pu29oepkm3u8;Балістичний пакет Militex для сумки-напашника 25,5*16*17 (1 клас захисту);armor_soft;armor_soft;UNCHANGED;AUTO_CONFIRMED_WITH_ATTRIBUTES;semantic_primary_product
pu2cozo2ogo9;Захисні окуляри;eye_protection_glasses;eye_protection_glasses;UNCHANGED;AUTO_CONFIRMED_WITH_ATTRIBUTES;semantic_primary_product
pu2uhzgwm3ww;Зимова маскувальна сітка Militex 5х8м (площа 40 кв.м.);camouflage_nets;camouflage_nets;UNCHANGED;AUTO_CONFIRMED_WITH_ATTRIBUTES;semantic_primary_product
pu2wfmecm3tf;Антидронова сітка основа 6*140м, вічко 100 мм, нитка 1.8мм;camouflage_antidrone;camouflage_antidrone;UNCHANGED;AUTO_CONFIRMED_WITH_ATTRIBUTES;semantic_primary_product
pu35gepsehtc;Маскувальна сітка M-Win Світлий мультикам. Маскування весна, літо, осінь. Індивідуального розміру (ціна за 1 кв.м.);camouflage_nets;camouflage_nets;UNCHANGED;AUTO_CONFIRMED_WITH_ATTRIBUTES;semantic_primary_product
pu3pby2mm3tr;Балістичний захист 2 класу Militex для поясу РПС R-3 — S (84,6*17,7 см);load_bearing_rps;armor_soft;CHANGED_HIGH_CONFIDENCE;AUTO_CONFIRMED_WITH_ATTRIBUTES;semantic_primary_product
pu4gcix0eht8;Маскувальна сітка M-Win Світлий мультикам. Маскування весна, літо, осінь. 7х8 м (площа 56 кв.м.);camouflage_nets;camouflage_nets;UNCHANGED;AUTO_CONFIRMED_WITH_ATTRIBUTES;semantic_primary_product
pu4nkk1lm3ux;Бронежилет Kiborg Modular X-1 з збільшеною площею захисту з балістични захистом Militex 1 класу;armor_vests;armor_vests;UNCHANGED;AUTO_CONFIRMED_WITH_ATTRIBUTES;semantic_primary_product
pu597j4bn173;Нейтралізатор запаху для ніг та взуття 100 мл (безспиртовий антисептик);footwear_accessories;footwear_accessories;UNCHANGED;AUTO_CONFIRMED_WITH_ATTRIBUTES;semantic_primary_product
pu5bil10ehob;Маскувальна сітка M-Win Зелене листя. Маскування весна, літо. 10х20 м (площа 200 кв.м.);camouflage_nets;camouflage_nets;UNCHANGED;AUTO_CONFIRMED_WITH_ATTRIBUTES;semantic_primary_product
pu5cjn80n149;Додаткове кріплення з QD антабкою;weapon_accessories_slings;weapon_accessories_other;CHANGED_HIGH_CONFIDENCE;AUTO_CONFIRMED_WITH_ATTRIBUTES;semantic_primary_product
pu5zue83ehod;Маскувальна сітка M-Win Зелене листя. Маскування весна, літо. 2х5 м (площа 10 кв.м.);camouflage_nets;camouflage_nets;UNCHANGED;AUTO_CONFIRMED_WITH_ATTRIBUTES;semantic_primary_product
pu65gs4iehne;Гідратор NEWBOLER 2 л;bags_hydration;bags_hydration;UNCHANGED;AUTO_CONFIRMED_WITH_ATTRIBUTES;semantic_primary_product
pu71p9o6ognr;Берці зимові тактичні шкіряні Evolution;footwear_boots;footwear_boots;UNCHANGED;AUTO_CONFIRMED_WITH_ATTRIBUTES;semantic_primary_product
pu7ts0drn1bo;Тактичні навушники Opsmen Earmor M32 MOD3 радіогарнітура з шумозаглушенням;communications_headphones;communications_headphones;UNCHANGED;AUTO_CONFIRMED_WITH_ATTRIBUTES;semantic_primary_product
pu7uj6uzogpi;Куртка зимова тактична UKR-TEC slimtex omni-heat, мультикам;clothing_jackets;clothing_jackets;UNCHANGED;AUTO_CONFIRMED_WITH_ATTRIBUTES;semantic_primary_product
pu80yl82ehqs;Маскувальна сітка M-WIN мультикам. Маскування зима. 4х5 м (площа 20 кв.м.);camouflage_nets;camouflage_nets;UNCHANGED;AUTO_CONFIRMED_WITH_ATTRIBUTES;semantic_primary_product
pu8imo0cnqad;"Жилетка утеплена, з капюшоном ""ANTITERROR II"" (мембрана + синтепон)";clothing_vests;clothing_vests;UNCHANGED;AUTO_CONFIRMED_WITH_ATTRIBUTES;semantic_primary_product
pub8m73zehn8;Антидронова маскувальна сітка M-WIN Листья осень 3х4 м (площадь 12 кв.м.);camouflage_antidrone;camouflage_antidrone;UNCHANGED;AUTO_CONFIRMED_WITH_ATTRIBUTES;semantic_primary_product
pub9eokoehn5;Антидронова маскувальна сітка M-WIN 3х4 м (площа 12 кв.м.);camouflage_antidrone;camouflage_antidrone;UNCHANGED;AUTO_CONFIRMED_WITH_ATTRIBUTES;semantic_primary_product
pubko5b7ehnh;Килимок балістичний 2 класу односекційний 28х38 см M-WIN;armor_soft;armor_soft;UNCHANGED;AUTO_CONFIRMED_WITH_ATTRIBUTES;semantic_primary_product
pud5hcu8ehni;М'який балістичний пакет 1 класу 150х300 мм - 2 шт.;armor_soft;armor_soft;UNCHANGED;AUTO_CONFIRMED_WITH_ATTRIBUTES;semantic_primary_product
pudhx9xgnqbm;"Штани тактичні ""ARMY"" з ременем 5 см (Rip-Stop)";clothing_pants;clothing_pants;UNCHANGED;AUTO_CONFIRMED_WITH_ATTRIBUTES;semantic_primary_product
pudjapqtehog;Маскувальна сітка M-Win Зелене листя. Маскування весна, літо. 3х10 м (площа 30 кв.м.);camouflage_nets;camouflage_nets;UNCHANGED;AUTO_CONFIRMED_WITH_ATTRIBUTES;semantic_primary_product
puelb58pehwd;Термобілизна Термофліс 2-го покоління (квадратики). Мультикам. Розмір;clothing_thermal;clothing_thermal;UNCHANGED;AUTO_CONFIRMED_WITH_ATTRIBUTES;semantic_primary_product
pufe2990ogse;Тактичні літні кросівки;footwear_sneakers;footwear_sneakers;UNCHANGED;AUTO_CONFIRMED_WITH_ATTRIBUTES;semantic_primary_product
pufvz87km429;Термошкарпетки MidWinter Graphite Plush Comfort;footwear_socks;footwear_socks;UNCHANGED;AUTO_CONFIRMED_WITH_ATTRIBUTES;semantic_primary_product
puh1xv9um3t2;Антидронова сітка (4×6 м) вічко 50 мм, нитка 1,8 мм, чорна міцна сітка для захисту техніки та позицій;camouflage_antidrone;camouflage_antidrone;UNCHANGED;AUTO_CONFIRMED_WITH_ATTRIBUTES;semantic_primary_product
puh3cdmxehw4;Підсумок під магазин АК з жорсткими бортами одинарний M-WIN;camouflage_nets;pouches_magazines;CHANGED_HIGH_CONFIDENCE;AUTO_CONFIRMED_WITH_ATTRIBUTES;semantic_primary_product
puh3qf6fehu0;Маскувальна сітка M-WIN Темний камуфляж. Маскування осінь, зима, весна. 7х9 м (площа 63 кв.м.);camouflage_nets;camouflage_nets;UNCHANGED;AUTO_CONFIRMED_WITH_ATTRIBUTES;semantic_primary_product
puh7pkslm3tx;Балістичний пакет для бронежилета Militex (спина 56,1*43,5 см/груди 37,7*39 см) — 1 клас;armor_soft;armor_soft;UNCHANGED;AUTO_CONFIRMED_WITH_ATTRIBUTES;semantic_primary_product
pui4r8jgm3t6;Антидронова сітка (6×6 м) вічко 100 мм, нитка 1,8 мм, чорна міцна сітка для захисту техніки та позицій;camouflage_antidrone;camouflage_antidrone;UNCHANGED;AUTO_CONFIRMED_WITH_ATTRIBUTES;semantic_primary_product
pui5wxljm40d;Рукавиці коричневі Mechanix M-Pact Framer;clothing_gloves;clothing_gloves;UNCHANGED;AUTO_CONFIRMED_WITH_ATTRIBUTES;semantic_primary_product
puioatc2ehq3;Маскувальна сітка M-Win мультикам. Маскування весна, літо. 4х7 м (площа 28 кв.м.);camouflage_nets;camouflage_nets;UNCHANGED;AUTO_CONFIRMED_WITH_ATTRIBUTES;semantic_primary_product
puj0hcbin1c5;Утилітарний підсумок Ragnarok;pouches_utility;pouches_utility;UNCHANGED;AUTO_CONFIRMED_WITH_ATTRIBUTES;semantic_primary_product
puj0t2lmehn9;Балаклава фліс M-WIN Мультикам;clothing_balaclavas;clothing_balaclavas;UNCHANGED;AUTO_CONFIRMED_WITH_ATTRIBUTES;semantic_primary_product
puj1pj2vm3ww;Зимова маскувальна сітка Militex 6х8м (площа 48 кв.м.);camouflage_nets;camouflage_nets;UNCHANGED;AUTO_CONFIRMED_WITH_ATTRIBUTES;semantic_primary_product
pujauuqmehqm;Маскувальна сітка M-WIN мультикам. Маскування зима. 2х7 м (площа 14 кв.м.);camouflage_nets;camouflage_nets;UNCHANGED;AUTO_CONFIRMED_WITH_ATTRIBUTES;semantic_primary_product
pujkghitm41x;Тактичні навушники EARMOR M31 PLUS;communications_headphones;communications_headphones;UNCHANGED;AUTO_CONFIRMED_WITH_ATTRIBUTES;semantic_primary_product
pujwxgpim407;Ремень 3-х точковий для АК, РПК;weapon_accessories_slings;weapon_accessories_slings;UNCHANGED;AUTO_CONFIRMED_WITH_ATTRIBUTES;semantic_primary_product
pul19mrgm404;Пояс РПС Militex R-3 GEN.2 з балістичним захистом 1 класу;field_fasteners;load_bearing_belts;CHANGED_HIGH_CONFIDENCE;AUTO_CONFIRMED_WITH_ATTRIBUTES;semantic_primary_product
pulakfk0ehnu;Маскувальна сітка M-Win Весняний камуфляж. Маскування весна, літо. 3х9 м (площа 27 кв.м.);camouflage_nets;camouflage_nets;UNCHANGED;AUTO_CONFIRMED_WITH_ATTRIBUTES;semantic_primary_product
pulu60w0m3te;Антидронова сітка основа 24*140м, вічко 300 мм, нитка 1 мм;camouflage_antidrone;camouflage_antidrone;UNCHANGED;AUTO_CONFIRMED_WITH_ATTRIBUTES;semantic_primary_product
pulvyp5xm41m;Тактична футболка убакс G4 Kiborg з коротким рукавом;clothing_combat_shirts;clothing_combat_shirts;UNCHANGED;AUTO_CONFIRMED_WITH_ATTRIBUTES;semantic_primary_product
pulxj0hlehvm;Надміцна маскувальна сітка M-WIN 1,5х8 метри;camouflage_nets;camouflage_nets;UNCHANGED;AUTO_CONFIRMED_WITH_ATTRIBUTES;semantic_primary_product
pum1ifz7m40o;Рюкзак для РПГ-7;bags_tactical;bags_backpacks;CHANGED_HIGH_CONFIDENCE;AUTO_CONFIRMED_WITH_ATTRIBUTES;semantic_primary_product
pumqjqnnogsf;Тактичні літні кросівки ОСA, чорні;footwear_sneakers;footwear_sneakers;UNCHANGED;AUTO_CONFIRMED_WITH_ATTRIBUTES;semantic_primary_product
punbd6q9ehph;Маскувальна сітка M-Win камуфляж. Маскування весна, літо, осінь. 6х10 м (площа 60 кв.м.);camouflage_nets;camouflage_nets;UNCHANGED;AUTO_CONFIRMED_WITH_ATTRIBUTES;semantic_primary_product
puo4x57ym40m;Ручка-сошка переносу вогню Key-Arma Picatinny/M-Lok Polymer (KEY-406);weapon_accessories_grips;weapon_accessories_bipods;CHANGED_HIGH_CONFIDENCE;AUTO_CONFIRMED_WITH_ATTRIBUTES;semantic_primary_product
puohlqq7ehor;Маскувальна сітка M-Win Зелене листя. Маскування весна, літо. 6х10 м (площа 60 кв.м.);camouflage_nets;camouflage_nets;UNCHANGED;AUTO_CONFIRMED_WITH_ATTRIBUTES;semantic_primary_product
puoompgwogp4;Кросівки тактичні демісезонні Ягуар;footwear_sneakers;footwear_sneakers;UNCHANGED;AUTO_CONFIRMED_WITH_ATTRIBUTES;semantic_primary_product
pup9nw9qm3ti;Армійська панама PLV (ріп-стоп);clothing_headwear;clothing_headwear;UNCHANGED;AUTO_CONFIRMED_WITH_ATTRIBUTES;semantic_primary_product
pupeggorm421;Тактичні штани з наколінниками Kalista Military Full-Pro ріп-стоп;clothing_pants;clothing_pants;UNCHANGED;AUTO_CONFIRMED_WITH_ATTRIBUTES;semantic_primary_product
puqls5ppn14j;"Збройовий ремінь RAGNAROK ""TYR"" Gen.II (1/2-точковий) з додатковим кріпленням";weapon_accessories_slings;weapon_accessories_slings;UNCHANGED;AUTO_CONFIRMED_WITH_ATTRIBUTES;semantic_primary_product
puqpwc3xogpb;Кросівки тактичні полегшені з 3D сіткою, літні;footwear_sneakers;footwear_sneakers;UNCHANGED;AUTO_CONFIRMED_WITH_ATTRIBUTES;semantic_primary_product
pur91e1lm400;Посилений підсумок під рацію Militex Cordura original USA з NIR-просоченням;pouches_radios;pouches_radios;UNCHANGED;AUTO_CONFIRMED_WITH_ATTRIBUTES;semantic_primary_product
pur9uxfsm41a;Сумка-напашник з балістичним пакетом 1 клас захисту Kiborg GU Сordura Dark;armor_sets;pouches_dangler;CHANGED_HIGH_CONFIDENCE;AUTO_CONFIRMED_WITH_ATTRIBUTES;semantic_primary_product
purgio0dogsz;Тактичні шорти, мультикам;clothing_shorts;clothing_shorts;UNCHANGED;AUTO_CONFIRMED_WITH_ATTRIBUTES;semantic_primary_product
purhsa4jm408;Ремінь 1-точковий Kiborg;weapon_accessories_slings;weapon_accessories_slings;UNCHANGED;AUTO_CONFIRMED_WITH_ATTRIBUTES;semantic_primary_product
pusjrxdbogrf;Тактична мембранна куртка Call Dragon;clothing_jackets;clothing_jackets;UNCHANGED;AUTO_CONFIRMED_WITH_ATTRIBUTES;semantic_primary_product
put7g6mzogsy;Тактичні шорти;clothing_shorts;clothing_shorts;UNCHANGED;AUTO_CONFIRMED_WITH_ATTRIBUTES;semantic_primary_product
putxa7adogot;Кофта флісова з капюшоном тактична;clothing_fleece;clothing_fleece;UNCHANGED;AUTO_CONFIRMED_WITH_ATTRIBUTES;semantic_primary_product
puvw6hapehum;Маскувальна сітка M-Win Темний мультикам. Маскування весна, літо, осінь. 6х8 м (площа 48 кв.м.);camouflage_nets;camouflage_nets;UNCHANGED;AUTO_CONFIRMED_WITH_ATTRIBUTES;semantic_primary_product
puw5d09fehvq;Надміцна маскувальна сітка M-WIN 3х9 метри;camouflage_nets;camouflage_nets;UNCHANGED;AUTO_CONFIRMED_WITH_ATTRIBUTES;semantic_primary_product
puw8t9yfoguz;Штани тактичні Soft Shell мультикам;clothing_pants;clothing_pants;UNCHANGED;AUTO_CONFIRMED_WITH_ATTRIBUTES;semantic_primary_product
puwl2wuuogsd;Тактичні кросівки М-Tac Summer;footwear_sneakers;footwear_sneakers;UNCHANGED;AUTO_CONFIRMED_WITH_ATTRIBUTES;semantic_primary_product
puwlusknm3yx;Маскувальна сітка Militex Мультикам бруд 6х10м (площа 60 кв.м.);camouflage_nets;camouflage_nets;UNCHANGED;AUTO_CONFIRMED_WITH_ATTRIBUTES;semantic_primary_product
puwmfsben18z;Підсумок під навушники;pouches_other;pouches_other;UNCHANGED;AUTO_CONFIRMED_WITH_ATTRIBUTES;semantic_primary_product
puwoh8v6ehvf;Маскувальна сітка M-Win Хижак. Маскування осінь, весна. 7х9 м (площа 63 кв.м.);camouflage_nets;camouflage_nets;UNCHANGED;AUTO_CONFIRMED_WITH_ATTRIBUTES;semantic_primary_product
puxbbln1ehs9;Маскувальна сітка M-Win Піксель. Маскування весна, літо, осінь. 4х9 м (площа 36 кв.м.);camouflage_nets;camouflage_nets;UNCHANGED;AUTO_CONFIRMED_WITH_ATTRIBUTES;semantic_primary_product
puydv1zgm433;Шолом SHC BURAN 4.0 матеріал арамір Super High Cut, (50–52 см);helmets_ballistic;helmets_ballistic;UNCHANGED;AUTO_CONFIRMED_WITH_ATTRIBUTES;semantic_primary_product
puyqwn4rogtl;Флісовий баф;clothing_balaclavas;clothing_balaclavas;UNCHANGED;AUTO_CONFIRMED_WITH_ATTRIBUTES;semantic_primary_product
puysxiecm40n;Рюкзак 40л Oxford 600D;bags_tactical;bags_backpacks;CHANGED_HIGH_CONFIDENCE;AUTO_CONFIRMED_WITH_ATTRIBUTES;semantic_primary_product
puyuxmrmm40f;Рукавиці Mechanix -Pact Fingerless;clothing_gloves;clothing_gloves;UNCHANGED;AUTO_CONFIRMED_WITH_ATTRIBUTES;semantic_primary_product
pv0k3znfehw6;Поліетиленові плити 3-го класу. Вага 1,4 кг. Розмір 25 на 30 см. Комплект 2 шт.;armor_plates;armor_plates;UNCHANGED;SUPPLIER_MAPPING;unambiguous_supplier_mapping
pv0u9zf7ogur;Штани тактичні з вставками під наколінники;clothing_pants;clothing_pants;UNCHANGED;AUTO_CONFIRMED_WITH_ATTRIBUTES;semantic_primary_product
pv10yikmehvv;Надміцна маскувальна сітка M-WIN 6х4 метри;camouflage_nets;camouflage_nets;UNCHANGED;AUTO_CONFIRMED_WITH_ATTRIBUTES;semantic_primary_product
pv1cu8tcm3zu;Полегшений телескопічний приклад з підщічником ALPHA-CP Key-Arma для AR/AK Mill spec Polymer;weapon_accessories_stocks;weapon_accessories_stocks;UNCHANGED;AUTO_CONFIRMED_WITH_ATTRIBUTES;semantic_primary_product
pv1xm6nlehu8;Маскувальна сітка M-Win Темний мультикам. Маскування весна, літо, осінь. 2х6 м (площа 12 кв.м.);camouflage_nets;camouflage_nets;UNCHANGED;AUTO_CONFIRMED_WITH_ATTRIBUTES;semantic_primary_product
pv220ozwnqbj;"Шорти спортивні ""EXTRAVEL"" (2VStretch)";clothing_shorts;clothing_shorts;UNCHANGED;AUTO_CONFIRMED_WITH_ATTRIBUTES;semantic_primary_product
pv2ldvctehne;"Кавер на шолом з вухами ""Залужний"" M-WIN";helmets_covers;helmets_covers;UNCHANGED;AUTO_CONFIRMED_WITH_ATTRIBUTES;semantic_primary_product
pv2sktaxehtd;Маскувальна сітка M-WIN Темний камуфляж. Маскування осінь, зима, весна. 10х10 м (площа 100 кв.м.);camouflage_nets;camouflage_nets;UNCHANGED;AUTO_CONFIRMED_WITH_ATTRIBUTES;semantic_primary_product
pv2ssvl5m42e;Універсальні рукавиці MOG Target Light Duty;clothing_gloves;clothing_gloves;UNCHANGED;AUTO_CONFIRMED_WITH_ATTRIBUTES;semantic_primary_product
pv3l0ky3n18k;Підсумок для скидання магазинів ЗСУ MM-14 (MOLLE, на тактичний пояс, розвантаження, РПС);pouches_dump;pouches_dump;UNCHANGED;AUTO_CONFIRMED_WITH_ATTRIBUTES;semantic_primary_product
pv3pu6vlm3sm;Активні навушники Walker's Razor Slim Original, FDE (Пісочний);communications_headphones;communications_headphones;UNCHANGED;AUTO_CONFIRMED_WITH_ATTRIBUTES;semantic_primary_product
pv3tsw9dehw3;Панама тактична універсальна M-WIN R3 Sunshade NyCo;clothing_headwear;clothing_headwear;UNCHANGED;AUTO_CONFIRMED_WITH_ATTRIBUTES;semantic_primary_product
pv4y6p0bnqbi;"Шорти спортивні ""ARMOLINE"" (Трикотаж)";clothing_shorts;clothing_shorts;UNCHANGED;AUTO_CONFIRMED_WITH_ATTRIBUTES;semantic_primary_product
pv5gdj0behne;Збройовий ремінь двоточка M-WIN;field_fasteners;weapon_accessories_slings;CHANGED_HIGH_CONFIDENCE;AUTO_CONFIRMED_WITH_ATTRIBUTES;semantic_primary_product
pv5mxvcen1az;Сумка-напашник E-Gear;pouches_dangler;pouches_dangler;UNCHANGED;AUTO_CONFIRMED_WITH_ATTRIBUTES;semantic_primary_product
pv6153s4ehnd;"Військовий тактичний демісезон костюм ""Горка"" мультикам. Розмір";clothing_costumes;clothing_costumes;UNCHANGED;AUTO_CONFIRMED_WITH_ATTRIBUTES;semantic_primary_product
pv8jzkw4m3x9;Каремат-сидушка з балістичним пакетом 2 класу захисту Militex Cordura original USA;field_seats;field_seats;UNCHANGED;AUTO_CONFIRMED_WITH_ATTRIBUTES;semantic_primary_product
pv9svj9im3wa;Захисна балаклава чорна Militex;clothing_balaclavas;clothing_balaclavas;UNCHANGED;AUTO_CONFIRMED_WITH_ATTRIBUTES;semantic_primary_product
pv9usq4mm3to;Балістичний захист 1 класу Militex для сумки під захист паху L (28,9*16,8 см);armor_soft;armor_soft;UNCHANGED;AUTO_CONFIRMED_WITH_ATTRIBUTES;semantic_primary_product
pva3mbj4m3zr;Пістолетна рукоятка з насічками для AR15 Key-Arma з бобровим хвостом прогумована (KEY-101);weapon_accessories_grips;weapon_accessories_grips;UNCHANGED;SUPPLIER_MAPPING;unambiguous_supplier_mapping
pvawg2t7m426;Термоковдра A1G Survival Blanket - Silver;field_blankets;field_blankets;UNCHANGED;AUTO_CONFIRMED_WITH_ATTRIBUTES;semantic_primary_product
pvb9kg70m3w3;Демісезонні компресійні гольфи LongDry PRO UltraFit;clothing_sweaters;clothing_sweaters;UNCHANGED;AUTO_CONFIRMED_WITH_ATTRIBUTES;semantic_primary_product
pvbduj9ym42a;"Трикотажна футболка ""ARNO"" виробник Militex —";clothing_tshirts;clothing_tshirts;UNCHANGED;AUTO_CONFIRMED_WITH_ATTRIBUTES;semantic_primary_product
pvbjergvogsp;Тактичні черевики Патріот демісезонні;footwear_shoes;footwear_shoes;UNCHANGED;AUTO_CONFIRMED_WITH_ATTRIBUTES;semantic_primary_product
pvcxffavehnc;Бронежилет тактичний Ranger. Плитоноска M-WIN GEN.2 M-L. Комплект;armor_vests;armor_vests;UNCHANGED;AUTO_CONFIRMED_WITH_ATTRIBUTES;semantic_primary_product
pvd1jlxyogv1;Штани тактичні Soft Shell UKR-TEC Ягуар, мультикам;clothing_pants;clothing_pants;UNCHANGED;AUTO_CONFIRMED_WITH_ATTRIBUTES;semantic_primary_product
pvd7h05cm41i;"Тактична сорочка Убакс ""Forsage Combat"" —";clothing_combat_shirts;clothing_combat_shirts;UNCHANGED;AUTO_CONFIRMED_WITH_ATTRIBUTES;semantic_primary_product
pvdggbxym41i;Тактична сорочка УБАКС UA (CoolPass) з довгим рукавом;clothing_combat_shirts;clothing_combat_shirts;UNCHANGED;AUTO_CONFIRMED_WITH_ATTRIBUTES;semantic_primary_product
pvdyrcx6m40a;Ремінь 3-х точковий для АК,РПК;weapon_accessories_slings;weapon_accessories_slings;UNCHANGED;AUTO_CONFIRMED_WITH_ATTRIBUTES;semantic_primary_product
pveckcijm3sm;Активні навушники Walker's Razor Slim (РЕПЛІКА);communications_headphones;communications_headphones;UNCHANGED;AUTO_CONFIRMED_WITH_ATTRIBUTES;semantic_primary_product
pvf5cr70ehrn;Маскувальна сітка M-Win Осінній мультикам. Маскування осінь, весна. 6х6 м (площа 36 кв.м.);camouflage_nets;camouflage_nets;UNCHANGED;AUTO_CONFIRMED_WITH_ATTRIBUTES;semantic_primary_product
pvfi8tucehoq;Маскувальна сітка M-Win Зелене листя. Маскування весна, літо. 5х7 м (площа 35 кв.м.);camouflage_nets;camouflage_nets;UNCHANGED;AUTO_CONFIRMED_WITH_ATTRIBUTES;semantic_primary_product
pvihlpl8nqaw;"Панама польова ""PHANTOM"" (Поплін)";clothing_headwear;clothing_headwear;UNCHANGED;AUTO_CONFIRMED_WITH_ATTRIBUTES;semantic_primary_product
pvijv9psehpv;Маскувальна сітка M-Win мультикам. Маскування весна, літо. 2х4 м (площа 8 кв.м.);camouflage_nets;camouflage_nets;UNCHANGED;AUTO_CONFIRMED_WITH_ATTRIBUTES;semantic_primary_product
pvj5ghalm3ub;Балістичний шолом FAST PE GEN III AGGRESSIVE;helmets_ballistic;helmets_ballistic;UNCHANGED;AUTO_CONFIRMED_WITH_ATTRIBUTES;semantic_primary_product
pvlgdohoehou;Маскувальна сітка M-Win Зелене листя. Маскування весна, літо. 7х7 м (площа 49 кв.м.);camouflage_nets;camouflage_nets;UNCHANGED;AUTO_CONFIRMED_WITH_ATTRIBUTES;semantic_primary_product
pvmpi0l9n18y;Підсумок під магазин АК Warrior Spirit;pouches_magazines;pouches_magazines;UNCHANGED;AUTO_CONFIRMED_WITH_ATTRIBUTES;semantic_primary_product
pvn4i0m8m3wf;Захист паху Militex (напашник-фартух) з балістичним пакетом 1 клас захисту cordura USA;armor_sets;armor_soft;CHANGED_HIGH_CONFIDENCE;AUTO_CONFIRMED_WITH_ATTRIBUTES;semantic_primary_product
pvno2lq8eho8;Маскувальна сітка M-Win Весняний камуфляж. Маскування весна, літо. 8х9 м (площа 72 кв.м.);camouflage_nets;camouflage_nets;UNCHANGED;AUTO_CONFIRMED_WITH_ATTRIBUTES;semantic_primary_product
pvnt71xgm41b;Сумка-напашник Kiborg з балістичним захистом 2 клас Militex;pouches_dangler;pouches_dangler;UNCHANGED;AUTO_CONFIRMED_WITH_ATTRIBUTES;semantic_primary_product
pvo8pf56n16k;Маскувальна стрічка;camouflage_materials;camouflage_materials;UNCHANGED;AUTO_CONFIRMED_WITH_ATTRIBUTES;semantic_primary_product
pvp2hbjzogqj;Ремінь розвантажувальний / мультикам;clothing_belts;load_bearing_belts;CHANGED_HIGH_CONFIDENCE;AUTO_CONFIRMED_WITH_ATTRIBUTES;semantic_primary_product
pvpbwafvogol;Костюм тактичний убакс/ штани;clothing_combat_shirts;clothing_costumes;CHANGED_HIGH_CONFIDENCE;AUTO_CONFIRMED_WITH_ATTRIBUTES;semantic_primary_product
pvpu7uxnogno;Берці демісезонні УкрТек Кіборг чорні;footwear_boots;footwear_boots;UNCHANGED;AUTO_CONFIRMED_WITH_ATTRIBUTES;semantic_primary_product
pvq2vunwm3zw;Поло з кріпленням для шевронів;clothing_tshirts;clothing_tshirts;UNCHANGED;AUTO_CONFIRMED_WITH_ATTRIBUTES;semantic_primary_product
pvrkyrhbm3ux;Бронежилет Kiborg Modular X-1 з балістичним захистом Militex (2 клас);field_fasteners;armor_vests;CHANGED_HIGH_CONFIDENCE;AUTO_CONFIRMED_WITH_ATTRIBUTES;semantic_primary_product
pvs83ykkm40m;Ручка-біпод переносу вогню з сошками Key-Arma Picatinny Polymer (KEY-404);weapon_accessories_grips;weapon_accessories_bipods;CHANGED_HIGH_CONFIDENCE;AUTO_CONFIRMED_WITH_ATTRIBUTES;semantic_primary_product
pvsa0p7wogt2;Тактичні штани з наколінниками Single Sword;clothing_pants;clothing_pants;UNCHANGED;AUTO_CONFIRMED_WITH_ATTRIBUTES;semantic_primary_product
pvsfcazfehne;Вкладиш в спальник Transformer 4в1 M-WIN;field_burners;field_burners;UNCHANGED;AUTO_CONFIRMED_WITH_ATTRIBUTES;semantic_primary_product
pvso22qlehq9;Маскувальна сітка M-Win мультикам. Маскування весна, літо. 6х7 м (площа 42 кв.м.);camouflage_nets;camouflage_nets;UNCHANGED;AUTO_CONFIRMED_WITH_ATTRIBUTES;semantic_primary_product
pvt0z1zvnqal;"Комплект тактичний ""ANTITERROR II"" (мембрана + Rip-Stop Стрейч)";clothing_costumes;clothing_costumes;UNCHANGED;SUPPLIER_MAPPING;unambiguous_supplier_mapping
pvtvk16knqab;Бейсболка (Rip-Stop);clothing_headwear;clothing_headwear;UNCHANGED;AUTO_CONFIRMED_WITH_ATTRIBUTES;semantic_primary_product
pvu6pd3teht9;Маскувальна сітка M-Win Світлий мультикам. Маскування весна, літо, осінь. 8х10 м (площа 80 кв.м.);camouflage_nets;camouflage_nets;UNCHANGED;AUTO_CONFIRMED_WITH_ATTRIBUTES;semantic_primary_product
pvuc4h2qehvi;Маскувальний костюм-кікімора M-WIN Весняний камуфляж;camouflage_suits;camouflage_suits;UNCHANGED;AUTO_CONFIRMED_WITH_ATTRIBUTES;semantic_primary_product
pvuz5upgm42f;Утеплена тактична куртка BR Pro GenY 2 LightWarm;clothing_jackets;clothing_jackets;UNCHANGED;AUTO_CONFIRMED_WITH_ATTRIBUTES;semantic_primary_product
pvv6384vn189;"Панама SAS ""Raptor""";clothing_headwear;clothing_headwear;UNCHANGED;AUTO_CONFIRMED_WITH_ATTRIBUTES;semantic_primary_product
pvvgor75m41k;Тактична футблока поло Military (52р);clothing_tshirts;clothing_tshirts;UNCHANGED;AUTO_CONFIRMED_WITH_ATTRIBUTES;semantic_primary_product
pvvgozdhm411;Сумка-баул 140л;bags_duffel;bags_duffel;UNCHANGED;AUTO_CONFIRMED_WITH_ATTRIBUTES;semantic_primary_product
pvvsmjh9m3xq;Комплект м'яких протиуадрних подушок;helmets_suspension;helmets_suspension;UNCHANGED;SUPPLIER_MAPPING;unambiguous_supplier_mapping
pvvxgoj8m3xq;Комплект наколінники + налокітники;limb_protection_sets;limb_protection_sets;UNCHANGED;AUTO_CONFIRMED_WITH_ATTRIBUTES;semantic_primary_product
pvwd3940m439;Militex Тактичні Штани 4WSTRETCH, колір, розмір;clothing_pants;clothing_pants;UNCHANGED;AUTO_CONFIRMED_WITH_ATTRIBUTES;semantic_primary_product
pvwo262qm40g;Рукавиці Mechanix FastFit;clothing_gloves;clothing_gloves;UNCHANGED;AUTO_CONFIRMED_WITH_ATTRIBUTES;semantic_primary_product
pvyiwtkzeho0;Маскувальна сітка M-Win Весняний камуфляж. Маскування весна, літо. 5х7 м (площа 35 кв.м.);camouflage_nets;camouflage_nets;UNCHANGED;AUTO_CONFIRMED_WITH_ATTRIBUTES;semantic_primary_product
pvzprfu5eht6;Маскувальна сітка M-Win Світлий мультикам. Маскування весна, літо, осінь. 6х9 м (площа 54 кв.м.);camouflage_nets;camouflage_nets;UNCHANGED;AUTO_CONFIRMED_WITH_ATTRIBUTES;semantic_primary_product
pvzvgy6cm3v1;Бронекомплект для бронежилета Militex захист(спини/грудного відділу/камербанди) 2 клас;armor_sets;armor_sets;UNCHANGED;AUTO_CONFIRMED_WITH_ATTRIBUTES;semantic_primary_product
pw18tvvom40e;Рукавиці Mechanix;clothing_gloves;clothing_gloves;UNCHANGED;AUTO_CONFIRMED_WITH_ATTRIBUTES;semantic_primary_product
pw1dafl1ehw3;Панама тактична універсальна M-WIN R3 Sunshade Rip-stop;clothing_headwear;clothing_headwear;UNCHANGED;AUTO_CONFIRMED_WITH_ATTRIBUTES;semantic_primary_product
pw1qh9xbm3w6;Джгут - турнікет CAT (Combat-Application-Tourniquet) Generation 7;medical_tourniquets;medical_tourniquets;UNCHANGED;AUTO_CONFIRMED_WITH_ATTRIBUTES;semantic_primary_product
pw1rzyzqehpr;Маскувальна сітка M-Win Листя осінь. Маскування весна, літо, осінь. індивідуального розміру (ціна за 1 кв.м.);camouflage_nets;camouflage_nets;UNCHANGED;AUTO_CONFIRMED_WITH_ATTRIBUTES;semantic_primary_product
pw27z2ydm401;Пояс для розвантаження РПС Kiborg R-3 GEN.2 —;load_bearing_rps;load_bearing_belts;CHANGED_HIGH_CONFIDENCE;AUTO_CONFIRMED_WITH_ATTRIBUTES;semantic_primary_product
pw29epupogpm;Куртка тактична полегшена Call Dragon;clothing_jackets;clothing_jackets;UNCHANGED;AUTO_CONFIRMED_WITH_ATTRIBUTES;semantic_primary_product
pw2svwfgm3tf;Антидронова сітка основа 6*140м, вічко 100 мм, нитка 1.2мм;camouflage_antidrone;camouflage_antidrone;UNCHANGED;AUTO_CONFIRMED_WITH_ATTRIBUTES;semantic_primary_product
pw3fiu34ogrh;Тактична сорочка;camouflage_nets;clothing_combat_shirts;CHANGED_HIGH_CONFIDENCE;AUTO_CONFIRMED_WITH_ATTRIBUTES;semantic_primary_product
pw3o02jtnqb4;Теплий Комплект Шапка + Баф (Фліс);clothing_balaclavas;clothing_headwear;CHANGED_HIGH_CONFIDENCE;AUTO_CONFIRMED_WITH_ATTRIBUTES;semantic_primary_product
pw3oumfhehnd;Бронежилет тактичний Steel Warrior. Плитоноска M-WIN GEN.2 XL-XXL. Комплект;armor_vests;armor_vests;UNCHANGED;AUTO_CONFIRMED_WITH_ATTRIBUTES;semantic_primary_product
pw4dlr6hm3y3;Куртка утеплена Gen III Level 7 ECWCS PrimaLoft EPIC, оригінал США, до -40°C;clothing_jackets;clothing_jackets;UNCHANGED;AUTO_CONFIRMED_WITH_ATTRIBUTES;semantic_primary_product
pw4j782pogu8;Черевики тактичні зимові Кобра;footwear_shoes;footwear_shoes;UNCHANGED;AUTO_CONFIRMED_WITH_ATTRIBUTES;semantic_primary_product
pw54ucfjm420;Тактичні шкарпетки Militex Демісезоні;footwear_socks;footwear_socks;UNCHANGED;AUTO_CONFIRMED_WITH_ATTRIBUTES;semantic_primary_product
pw5xhoenm3ye;Маскувальна сітка з основою 2х2,5м Militex;camouflage_nets;camouflage_nets;UNCHANGED;AUTO_CONFIRMED_WITH_ATTRIBUTES;semantic_primary_product
pw6045bam3ut;Бронежилет (M) Militex Modular X-1 (збільшена площа захисту) з балістичними пакетами,, 1 клас;armor_vests;armor_vests;UNCHANGED;AUTO_CONFIRMED_WITH_ATTRIBUTES;semantic_primary_product
pw61tcq2m3wn;Зимова маскувальна сітка з основою 2х5м Militex Зимовий Зимовий мультикам;camouflage_nets;camouflage_nets;UNCHANGED;AUTO_CONFIRMED_WITH_ATTRIBUTES;semantic_primary_product
pw6erz7vehng;Килимок балістичний 1 класу односекційний 28х38 см M-WIN;armor_soft;armor_soft;UNCHANGED;AUTO_CONFIRMED_WITH_ATTRIBUTES;semantic_primary_product
pw6f5b4xehv5;Маскувальна сітка M-Win Хижак. Маскування осінь, весна. 4х4 м (площа 16 кв.м.);camouflage_nets;camouflage_nets;UNCHANGED;AUTO_CONFIRMED_WITH_ATTRIBUTES;semantic_primary_product
pw7ak7wcm3wz;Зимова маскувальна сітка Militex Альпійська клякса 3х5м (площа 15 кв.м.);camouflage_nets;camouflage_nets;UNCHANGED;AUTO_CONFIRMED_WITH_ATTRIBUTES;semantic_primary_product
pw84yjciehvg;Маскувальна сітка M-Win Хижак. Маскування осінь, весна. 8х8 м (площа 64 кв.м.);camouflage_nets;camouflage_nets;UNCHANGED;AUTO_CONFIRMED_WITH_ATTRIBUTES;semantic_primary_product
pw8p3i2xehsa;Маскувальна сітка M-Win Піксель. Маскування весна, літо, осінь. 5х5 м (площа 25 кв.м.);camouflage_nets;camouflage_nets;UNCHANGED;AUTO_CONFIRMED_WITH_ATTRIBUTES;semantic_primary_product
pw9nsjr2m403;Пояс РПС Militex R-3 GEN.2 | Cordura 1000D USA |;field_fasteners;load_bearing_belts;CHANGED_HIGH_CONFIDENCE;AUTO_CONFIRMED_WITH_ATTRIBUTES;semantic_primary_product
pw9pwxpen1dd;Штани RAPTOR ММ-14 розмір;clothing_pants;clothing_pants;UNCHANGED;AUTO_CONFIRMED_WITH_ATTRIBUTES;semantic_primary_product
pwa0bdihn16e;Ліхтарик на шолом;lighting_handheld;lighting_handheld;UNCHANGED;AUTO_CONFIRMED_WITH_ATTRIBUTES;semantic_primary_product
pwbrynclm3vz;Двоточковий збройовий ремінь з QD антабками M-lok та швидким регулюванням USA;weapon_accessories_slings;weapon_accessories_slings;UNCHANGED;AUTO_CONFIRMED_WITH_ATTRIBUTES;semantic_primary_product
pwby8oipnqba;"Футболка з принтом ""ARMY"" (Бавовна)";clothing_tshirts;clothing_tshirts;UNCHANGED;AUTO_CONFIRMED_WITH_ATTRIBUTES;semantic_primary_product
pwcg6xowm3yq;Маскувальна сітка Militex Листя осінь 20х20 (площа 400 кв.м.);camouflage_nets;camouflage_nets;UNCHANGED;AUTO_CONFIRMED_WITH_ATTRIBUTES;semantic_primary_product
pwcqvzf3m40a;Розвантажувальний пояс РПС Kiborg R-1 GEN.2 (2 клас захисту Militex);field_fasteners;load_bearing_belts;CHANGED_HIGH_CONFIDENCE;AUTO_CONFIRMED_WITH_ATTRIBUTES;semantic_primary_product
pwdeupk9m3wo;Зимова маскувальна сітка з основою 4х8м Militex Зимовий мультикам;camouflage_nets;camouflage_nets;UNCHANGED;AUTO_CONFIRMED_WITH_ATTRIBUTES;semantic_primary_product
pwdvf73tehuh;Маскувальна сітка M-Win Темний мультикам. Маскування весна, літо, осінь. 5х5 м (площа 25 кв.м.);camouflage_nets;camouflage_nets;UNCHANGED;AUTO_CONFIRMED_WITH_ATTRIBUTES;semantic_primary_product
pweyyhh5m3xc;Каремат-сидушка Kiborg з балістичним захистом 2 клас Militex;field_seats;field_seats;UNCHANGED;AUTO_CONFIRMED_WITH_ATTRIBUTES;semantic_primary_product
pwf5m6dtm3t1;Антидронова сітка (4×6 м) вічко 100 мм, нитка 1,8 мм, чорна міцна сітка для захисту техніки та позицій;camouflage_antidrone;camouflage_antidrone;UNCHANGED;AUTO_CONFIRMED_WITH_ATTRIBUTES;semantic_primary_product
pwg83yjqm41v;Тактичні кросівки Forester Biom;footwear_sneakers;footwear_sneakers;UNCHANGED;AUTO_CONFIRMED_WITH_ATTRIBUTES;semantic_primary_product
pwgchgn9ehqz;Маскувальна сітка M-WIN мультикам. Маскування зима. 6х7 м (площа 42 кв.м.);camouflage_nets;camouflage_nets;UNCHANGED;AUTO_CONFIRMED_WITH_ATTRIBUTES;semantic_primary_product
pwgm4z04m426;Термоковдра Ascotherm Mk I;field_blankets;field_blankets;UNCHANGED;AUTO_CONFIRMED_WITH_ATTRIBUTES;semantic_primary_product
pwgqzwdim3xw;Костюм (штани+убакс);clothing_combat_shirts;clothing_costumes;CHANGED_HIGH_CONFIDENCE;AUTO_CONFIRMED_WITH_ATTRIBUTES;semantic_primary_product
pwguuz4um406;Рейки для шолома FAST;helmets_rails;helmets_rails;UNCHANGED;AUTO_CONFIRMED_WITH_ATTRIBUTES;semantic_primary_product
pwhb6wszogrq;Тактичний вовняний светр;clothing_sweaters;clothing_sweaters;UNCHANGED;AUTO_CONFIRMED_WITH_ATTRIBUTES;semantic_primary_product
pwhh5xl0m404;Пояс РПС Militex R-3 GEN.2 з балістичним захистом 2 класу;field_fasteners;load_bearing_belts;CHANGED_HIGH_CONFIDENCE;AUTO_CONFIRMED_WITH_ATTRIBUTES;semantic_primary_product
pwhuw54gm3wl;Захист шиї mod. 1 Kiborg з балістичним пакетом Militex;armor_sets;armor_soft;CHANGED_HIGH_CONFIDENCE;AUTO_CONFIRMED_WITH_ATTRIBUTES;semantic_primary_product
pwhwogo4n1d9;"Штани тактичні ""Raptor"" з наколінниками";clothing_pants;clothing_pants;UNCHANGED;AUTO_CONFIRMED_WITH_ATTRIBUTES;semantic_primary_product
pwizmplon19e;Плитоноска USA;armor_carriers;armor_carriers;UNCHANGED;AUTO_CONFIRMED_WITH_ATTRIBUTES;semantic_primary_product
pwj7l284ehnl;Маскувальна сітка M-Win Весняний камуфляж. Маскування весна, літо. 10х15 м (площа 150 кв.м.);camouflage_nets;camouflage_nets;UNCHANGED;AUTO_CONFIRMED_WITH_ATTRIBUTES;semantic_primary_product
pwkbyryzogp0;Кросівки з перфорованої шкіри;footwear_sneakers;footwear_sneakers;UNCHANGED;AUTO_CONFIRMED_WITH_ATTRIBUTES;semantic_primary_product
pwkowbpaehw3;Панама тактична універсальна M-WIN R3 Rip-stop;clothing_headwear;clothing_headwear;UNCHANGED;AUTO_CONFIRMED_WITH_ATTRIBUTES;semantic_primary_product
pwlc1wp5m41e;Сумка-рюкзак Militex ЗСУ Cordura original USA;bags_tactical;bags_backpacks;CHANGED_HIGH_CONFIDENCE;AUTO_CONFIRMED_WITH_ATTRIBUTES;semantic_primary_product
pwlpyv7nm3yg;Маскувальна сітка з основою 4х8м Militex;camouflage_nets;camouflage_nets;UNCHANGED;AUTO_CONFIRMED_WITH_ATTRIBUTES;semantic_primary_product
pwlx58z2m3vb;Бушлат зимовий Kiborg Omni-Heat;clothing_jackets;clothing_jackets;UNCHANGED;AUTO_CONFIRMED_WITH_ATTRIBUTES;semantic_primary_product
pwmov72un1bs;Тактичні рукавиці розмір;clothing_gloves;clothing_gloves;UNCHANGED;AUTO_CONFIRMED_WITH_ATTRIBUTES;semantic_primary_product
pwn5l4joogsy;Тактичні шкіряні кросівки;footwear_sneakers;footwear_sneakers;UNCHANGED;AUTO_CONFIRMED_WITH_ATTRIBUTES;semantic_primary_product
pwoiwjwtogox;Кофта флісова тактична з капюшоном Грізлі чорна;clothing_fleece;clothing_fleece;UNCHANGED;AUTO_CONFIRMED_WITH_ATTRIBUTES;semantic_primary_product
pwpbsd3xogtr;Футболка в рубчик;clothing_tshirts;clothing_tshirts;UNCHANGED;AUTO_CONFIRMED_WITH_ATTRIBUTES;semantic_primary_product
pwpyplv7m40l;Ручка переносу вогню горизонтальна Key-Arma Picatinny Rail Polymer (KEY-401);weapon_accessories_grips;weapon_accessories_grips;UNCHANGED;SUPPLIER_MAPPING;unambiguous_supplier_mapping
pwqjfwo2m40i;Рукавиці Mechanix Precision High Dex Чорні;clothing_gloves;clothing_gloves;UNCHANGED;AUTO_CONFIRMED_WITH_ATTRIBUTES;semantic_primary_product
pwqkytcdehpn;Маскувальна сітка M-Win камуфляж. Маскування весна, літо, осінь. 8х8 м (площа 64 кв.м.);camouflage_nets;camouflage_nets;UNCHANGED;AUTO_CONFIRMED_WITH_ATTRIBUTES;semantic_primary_product
pwrlomz1m41v;Тактичні кросівки S.W.A.T ORIGINAL;footwear_sneakers;footwear_sneakers;UNCHANGED;AUTO_CONFIRMED_WITH_ATTRIBUTES;semantic_primary_product
pwscjg3kogog;Каркасний багатофункціональний рюкзак 80 літрів;bags_tactical;bags_backpacks;CHANGED_HIGH_CONFIDENCE;AUTO_CONFIRMED_WITH_ATTRIBUTES;semantic_primary_product
pwsequxtm3x0;Зимова маскувальна сітка Militex Альпійська клякса 6х8м (площа 48 кв.м.);camouflage_nets;camouflage_nets;UNCHANGED;AUTO_CONFIRMED_WITH_ATTRIBUTES;semantic_primary_product
pwtckq22m3z5;Набір для чищення та догляду за зброєю GK38 кал. .22 / .223 / 5.6 мм;weapon_accessories_cleaning;weapon_accessories_cleaning;UNCHANGED;AUTO_CONFIRMED_WITH_ATTRIBUTES;semantic_primary_product
pwtivsm6ehqc;Маскувальна сітка M-Win мультикам. Маскування весна, літо. 7х9 м (площа 63 кв.м.);camouflage_nets;camouflage_nets;UNCHANGED;AUTO_CONFIRMED_WITH_ATTRIBUTES;semantic_primary_product
pwtvhfeuehvo;Надміцна маскувальна сітка M-WIN 3х5 метри;camouflage_nets;camouflage_nets;UNCHANGED;AUTO_CONFIRMED_WITH_ATTRIBUTES;semantic_primary_product
pwu3907im3w1;Демісезонна польова куртка з капюшоном Rip-Stop FS;clothing_jackets;clothing_jackets;UNCHANGED;AUTO_CONFIRMED_WITH_ATTRIBUTES;semantic_primary_product
pwv1of25m41r;Тактичний комплект (наколінники та налокітники) Чорні;limb_protection_sets;limb_protection_sets;UNCHANGED;SUPPLIER_MAPPING;unambiguous_supplier_mapping
pwwlxlh7ehtv;Маскувальна сітка M-WIN Темний камуфляж. Маскування осінь, зима, весна. 6х10 м (площа 60 кв.м.);camouflage_nets;camouflage_nets;UNCHANGED;AUTO_CONFIRMED_WITH_ATTRIBUTES;semantic_primary_product
pwwvswp3m435;Штани для тактичних завдань Sentinel 4.0;clothing_pants;clothing_pants;UNCHANGED;AUTO_CONFIRMED_WITH_ATTRIBUTES;semantic_primary_product
pwx6vyuom3tg;Антидронова сітка основа 6*140м, вічко 70 мм, нитка 1 мм;camouflage_antidrone;camouflage_antidrone;UNCHANGED;AUTO_CONFIRMED_WITH_ATTRIBUTES;semantic_primary_product
pwyklaspm40n;Рюкзак “Kiborg Pro” 70L (35*68*21см);field_fasteners;bags_backpacks;CHANGED_HIGH_CONFIDENCE;AUTO_CONFIRMED_WITH_ATTRIBUTES;semantic_primary_product
pwz15xz2ogs8;Тактичні зимові черевики Пегас, шкіра /хутро;footwear_shoes;footwear_shoes;UNCHANGED;AUTO_CONFIRMED_WITH_ATTRIBUTES;semantic_primary_product
px002n7vogqb;Подсумок для планшета;pouches_other;pouches_phone;CHANGED_HIGH_CONFIDENCE;AUTO_CONFIRMED_WITH_ATTRIBUTES;semantic_primary_product
px0378faogrv;Тактичні всесезонні черевики на мембрані Памір / чорні;footwear_shoes;footwear_shoes;UNCHANGED;AUTO_CONFIRMED_WITH_ATTRIBUTES;semantic_primary_product
px05n6k0m3v2;Бронеплита титано-керамічна Hyperion 5 класу захисту XL Multihit;armor_plates;armor_plates;UNCHANGED;AUTO_CONFIRMED_WITH_ATTRIBUTES;semantic_primary_product
px0fjn9fehwc;Тактичний пояс РПС з лямками M-WIN;field_fasteners;load_bearing_belts;CHANGED_HIGH_CONFIDENCE;AUTO_CONFIRMED_WITH_ATTRIBUTES;semantic_primary_product
px1e5d5gn1bl;Тактичний Убакс RAPTOR ММ-14 - розмір;clothing_combat_shirts;clothing_combat_shirts;UNCHANGED;AUTO_CONFIRMED_WITH_ATTRIBUTES;semantic_primary_product
px1ivoknm3zo;Підсумок під захист живота Militex з Cordura original USA з балістичним захистом 1 класу;armor_accessories;armor_accessories;UNCHANGED;AUTO_CONFIRMED_WITH_ATTRIBUTES;semantic_primary_product
px1zwgdzm3u4;Балістичний пакет Militex для захисту живота/попереку 30,5*13,5 (1 клас захисту);armor_soft;armor_soft;UNCHANGED;AUTO_CONFIRMED_WITH_ATTRIBUTES;semantic_primary_product
px22zna1m41p;Тактичний анорак 4WStretch з мембранною тканиною та вентиляцією;clothing_jackets;clothing_jackets;UNCHANGED;AUTO_CONFIRMED_WITH_ATTRIBUTES;semantic_primary_product
px32zb2am3tg;Антидронова сітка основа 6*140м, вічко 45мм, нитка 0.6 мм;camouflage_antidrone;camouflage_antidrone;UNCHANGED;AUTO_CONFIRMED_WITH_ATTRIBUTES;semantic_primary_product
px3a1vwpogp7;Кросівки тактичні Енерджі чорні;footwear_sneakers;footwear_sneakers;UNCHANGED;AUTO_CONFIRMED_WITH_ATTRIBUTES;semantic_primary_product
px3cnz45m3yw;Маскувальна сітка Militex Мультикам бруд 5х10м (площа 50 кв.м.);camouflage_nets;camouflage_nets;UNCHANGED;AUTO_CONFIRMED_WITH_ATTRIBUTES;semantic_primary_product
px3m4yo2m3zu;Повний Комплект Шолом з Кавером Навушниками Чебурашками Ліхтариком Каска;helmets_covers;helmets_ballistic;CHANGED_HIGH_CONFIDENCE;AUTO_CONFIRMED_WITH_ATTRIBUTES;semantic_primary_product
px4ai039m433;Шолом Sestan-Busch MID CUT (55-57);helmets_ballistic;helmets_ballistic;UNCHANGED;AUTO_CONFIRMED_WITH_ATTRIBUTES;semantic_primary_product
px4zblecm3ts;Балістичний захист 2 класу Militex для сумки під захист паху M (26,2*15,8 см);armor_soft;armor_soft;UNCHANGED;AUTO_CONFIRMED_WITH_ATTRIBUTES;semantic_primary_product
px57i9ptehqa;Маскувальна сітка M-Win мультикам. Маскування весна, літо. 6х9 м (площа 54 кв.м.);camouflage_nets;camouflage_nets;UNCHANGED;AUTO_CONFIRMED_WITH_ATTRIBUTES;semantic_primary_product
px5k5jubehn8;Антидронова маскувальна сітка M-WIN Листя осінь 3х5 м (площадь 15 кв.м.);camouflage_antidrone;camouflage_antidrone;UNCHANGED;AUTO_CONFIRMED_WITH_ATTRIBUTES;semantic_primary_product
px5w7bhnm41l;Тактична футболка поло Military (46р);clothing_tshirts;clothing_tshirts;UNCHANGED;AUTO_CONFIRMED_WITH_ATTRIBUTES;semantic_primary_product
px6ahvh5ehwb;Сумка-напашник з балістичним пакетом 1 класу M-WIN Large LC;field_fasteners;pouches_dangler;CHANGED_HIGH_CONFIDENCE;AUTO_CONFIRMED_WITH_ATTRIBUTES;semantic_primary_product
px7kcfq8m3x1;Зимова маскувальна сітка Militex Альпійська клякса індивідуального розміру (50 грн за 1 кв.м.);camouflage_nets;camouflage_nets;UNCHANGED;AUTO_CONFIRMED_WITH_ATTRIBUTES;semantic_primary_product
px89ltukm3tt;Балістичний пакет 15*15 Militex (1 клас захисту);armor_soft;armor_soft;UNCHANGED;AUTO_CONFIRMED_WITH_ATTRIBUTES;semantic_primary_product
px9vqu7gehoo;Маскувальна сітка M-Win Зелене листя. Маскування весна, літо. 4х9 м (площа 36 кв.м.);camouflage_nets;camouflage_nets;UNCHANGED;AUTO_CONFIRMED_WITH_ATTRIBUTES;semantic_primary_product
pxb169xenqaa;Бафф тактичний (Трикотаж);clothing_balaclavas;clothing_balaclavas;UNCHANGED;AUTO_CONFIRMED_WITH_ATTRIBUTES;semantic_primary_product
pxb30spun19s;"Ремінь збройовий одно/двоточковий RAGNAROK ""ODIN"" Gen.II sling";weapon_accessories_slings;weapon_accessories_slings;UNCHANGED;AUTO_CONFIRMED_WITH_ATTRIBUTES;semantic_primary_product
pxb3vq69m3xr;Комплект підвісної системи + подушки для шолому Team Wendy Cam Fit (R);helmets_suspension;helmets_suspension;UNCHANGED;AUTO_CONFIRMED_WITH_ATTRIBUTES;semantic_primary_product
pxb7ed9sehnp;Маскувальна сітка M-Win Весняний камуфляж. Маскування весна, літо. 2х8 м (площа 16 кв.м.);camouflage_nets;camouflage_nets;UNCHANGED;AUTO_CONFIRMED_WITH_ATTRIBUTES;semantic_primary_product
pxb8usn9ehrg;Маскувальна сітка M-Win Осінній мультикам. Маскування осінь, весна. 4х10 м (площа 40 кв.м.);camouflage_nets;camouflage_nets;UNCHANGED;AUTO_CONFIRMED_WITH_ATTRIBUTES;semantic_primary_product
pxbe7jgcn196;Підсумок під турнікет USA Ver.2;pouches_tourniquets;pouches_tourniquets;UNCHANGED;AUTO_CONFIRMED_WITH_ATTRIBUTES;semantic_primary_product
pxc20a3pehns;Маскувальна сітка M-Win Весняний камуфляж. Маскування весна, літо. 3х4 м (площа 12 кв.м.);camouflage_nets;camouflage_nets;UNCHANGED;AUTO_CONFIRMED_WITH_ATTRIBUTES;semantic_primary_product
pxcldq7vognu;Берці перфоровані літні Бізон, чорні;footwear_boots;footwear_boots;UNCHANGED;AUTO_CONFIRMED_WITH_ATTRIBUTES;semantic_primary_product
pxdbqmz0nqat;"Маска - балаклава ""YAKUZA"" (Трикотаж)";clothing_balaclavas;clothing_balaclavas;UNCHANGED;AUTO_CONFIRMED_WITH_ATTRIBUTES;semantic_primary_product
pxdpwrt0ogrl;Тактична флісова кофта 4.5.0.;clothing_fleece;clothing_fleece;UNCHANGED;AUTO_CONFIRMED_WITH_ATTRIBUTES;semantic_primary_product
pxf3i5yan1cn;Чохол (Кавер) на каску Warrior Spirit;helmets_covers;helmets_covers;UNCHANGED;AUTO_CONFIRMED_WITH_ATTRIBUTES;semantic_primary_product
pxf8cm95m42q;Цілик та мушка складні Picatinny Rail Polymer Key-Arma (KEY-300);weapon_accessories_other;weapon_accessories_other;UNCHANGED;AUTO_CONFIRMED_WITH_ATTRIBUTES;semantic_primary_product
pxfq1v9am3yp;Маскувальна сітка Militex Листя осінь 10х20м (площа 200 кв.м.);camouflage_nets;camouflage_nets;UNCHANGED;AUTO_CONFIRMED_WITH_ATTRIBUTES;semantic_primary_product
pxgacvpbehry;Маскувальна сітка M-Win Піксель. Маскування весна, літо, осінь. 2х5 м (площа 10 кв.м.);camouflage_nets;camouflage_nets;UNCHANGED;AUTO_CONFIRMED_WITH_ATTRIBUTES;semantic_primary_product
pxgl64rbm3yc;Магазин FireON АК30 5,45*39 / Жовтий подавач;weapon_accessories_magazines;weapon_accessories_magazines;UNCHANGED;AUTO_CONFIRMED_WITH_ATTRIBUTES;semantic_primary_product
pxhds5dbm3t4;Антидронова сітка (6×10 м) вічко 50 мм, нитка 1,8 мм, чорна міцна сітка для захисту техніки та позицій;camouflage_antidrone;camouflage_antidrone;UNCHANGED;AUTO_CONFIRMED_WITH_ATTRIBUTES;semantic_primary_product
pxhkygy8m40x;Сталеві тренувальні плити 2 шт;armor_plates;armor_plates;UNCHANGED;SUPPLIER_MAPPING;unambiguous_supplier_mapping
pxhxf56eehuq;Маскувальна сітка M-Win Темний мультикам. Маскування весна, літо, осінь. 9х10 м (площа 90 кв.м.);camouflage_nets;camouflage_nets;UNCHANGED;AUTO_CONFIRMED_WITH_ATTRIBUTES;semantic_primary_product
pxielpj3m3w2;Демісезонні берци Forester F310850;footwear_boots;footwear_boots;UNCHANGED;AUTO_CONFIRMED_WITH_ATTRIBUTES;semantic_primary_product
pxieprg2eht8;Маскувальна сітка M-Win Світлий мультикам. Маскування весна, літо, осінь. 7х7 м (площа 49 кв.м.);camouflage_nets;camouflage_nets;UNCHANGED;AUTO_CONFIRMED_WITH_ATTRIBUTES;semantic_primary_product
pxigflq6m3x8;Кавер на шолом FAST;helmets_covers;helmets_covers;UNCHANGED;AUTO_CONFIRMED_WITH_ATTRIBUTES;semantic_primary_product
pxjhjha4ehq6;Маскувальна сітка M-Win мультикам. Маскування весна, літо. 5х7 м (площа 35 кв.м.);camouflage_nets;camouflage_nets;UNCHANGED;AUTO_CONFIRMED_WITH_ATTRIBUTES;semantic_primary_product
pxjkcla3ehr3;Маскувальна сітка M-WIN мультикам. Маскування зима. 8х9 м (площа 72 кв.м.);camouflage_nets;camouflage_nets;UNCHANGED;AUTO_CONFIRMED_WITH_ATTRIBUTES;semantic_primary_product
pxjwb956ogpk;Куртка тактична (аналог 5.11), мультикам;clothing_jackets;clothing_jackets;UNCHANGED;AUTO_CONFIRMED_WITH_ATTRIBUTES;semantic_primary_product
pxjxgq0jm3w1;Демісезонна польова куртка з капюшоном Rip-Stop FS (Чорна);clothing_jackets;clothing_jackets;UNCHANGED;AUTO_CONFIRMED_WITH_ATTRIBUTES;semantic_primary_product
pxlbcwnhogt4;ТАКТИЧНІ ШТАНИ РІП-СТОП ТЕМНИЙ МУЛЬТИКАМ;clothing_pants;clothing_pants;UNCHANGED;AUTO_CONFIRMED_WITH_ATTRIBUTES;semantic_primary_product
pxlztdk3ehra;Маскувальна сітка M-Win Осінній мультикам. Маскування осінь, весна. 2х7 м (площа 14 кв.м.);camouflage_nets;camouflage_nets;UNCHANGED;AUTO_CONFIRMED_WITH_ATTRIBUTES;semantic_primary_product
pxmipnisehnh;Кріплення під телефон на плитоноску.;armor_carriers;field_fasteners;CHANGED_HIGH_CONFIDENCE;AUTO_CONFIRMED_WITH_ATTRIBUTES;semantic_primary_product
pxny4ekaogum;Шорти чорні стрейч котонові;clothing_shorts;clothing_shorts;UNCHANGED;AUTO_CONFIRMED_WITH_ATTRIBUTES;semantic_primary_product
pxolhg0qn19g;Повербанк King Power 40000 mah;power_banks;power_banks;UNCHANGED;AUTO_CONFIRMED_WITH_ATTRIBUTES;semantic_primary_product
pxouu1seehqu;Маскувальна сітка M-WIN мультикам. Маскування зима. 4х8 м (площа 32 кв.м.);camouflage_nets;camouflage_nets;UNCHANGED;AUTO_CONFIRMED_WITH_ATTRIBUTES;semantic_primary_product
pxp180stehq1;Маскувальна сітка M-Win мультикам. Маскування весна, літо. 4х4 м (площа 16 кв.м.);camouflage_nets;camouflage_nets;UNCHANGED;AUTO_CONFIRMED_WITH_ATTRIBUTES;semantic_primary_product
pxpj8mpuehn7;Антидронова маскувальна сітка M-WIN 5х6 м (площа 30 кв.м.);camouflage_antidrone;camouflage_antidrone;UNCHANGED;AUTO_CONFIRMED_WITH_ATTRIBUTES;semantic_primary_product
pxrnxy0vm3xl;Комплект бронеплит (2 шт.) 6 клас NIJ IV ДСТУ, 2.8 кг Al2O3+PE;armor_plates;armor_plates;UNCHANGED;AUTO_CONFIRMED_WITH_ATTRIBUTES;semantic_primary_product
pxsd2ia8ogni;Бейсболка, кепка;clothing_headwear;clothing_headwear;UNCHANGED;AUTO_CONFIRMED_WITH_ATTRIBUTES;semantic_primary_product
pxsuz4y9m41n;Тактична футболка убакс G4 Kiborg з коротким рукавом хакі+мультикам;clothing_combat_shirts;clothing_combat_shirts;UNCHANGED;AUTO_CONFIRMED_WITH_ATTRIBUTES;semantic_primary_product
pxt24adjm41g;Тактична вітрозахисна флісова кофта Militex mod. 5;clothing_fleece;clothing_fleece;UNCHANGED;AUTO_CONFIRMED_WITH_ATTRIBUTES;semantic_primary_product
pxtnxp3km42c;Ударостійкі наколінники -світлий;limb_protection_knees;limb_protection_knees;UNCHANGED;AUTO_CONFIRMED_WITH_ATTRIBUTES;semantic_primary_product
pxtq6r18m423;Термобілизна мікродайвінг;clothing_thermal;clothing_thermal;UNCHANGED;AUTO_CONFIRMED_WITH_ATTRIBUTES;semantic_primary_product
pxu3bqscm3t8;Антидронова сітка (6×7 м) вічко 50 мм, нитка 1,8 мм, міцна сітка для захисту техніки та позицій;camouflage_antidrone;camouflage_antidrone;UNCHANGED;AUTO_CONFIRMED_WITH_ATTRIBUTES;semantic_primary_product
pxu4i2x8m3yr;Маскувальна сітка Militex Листя осінь 4х8м (площа 32 кв.м.);camouflage_nets;camouflage_nets;UNCHANGED;AUTO_CONFIRMED_WITH_ATTRIBUTES;semantic_primary_product
pxvjiz3xm3uj;Берці Undolini Air-Tex;footwear_boots;footwear_boots;UNCHANGED;AUTO_CONFIRMED_WITH_ATTRIBUTES;semantic_primary_product
pxwfw4hdehp4;Маскувальна сітка M-Win камуфляж. Маскування весна, літо, осінь. 2х8 м (площа 16 кв.м.);camouflage_nets;camouflage_nets;UNCHANGED;AUTO_CONFIRMED_WITH_ATTRIBUTES;semantic_primary_product
pxxa3pgmogt1;Тактичні штани з еластичними вставками, мультикам;clothing_pants;clothing_pants;UNCHANGED;AUTO_CONFIRMED_WITH_ATTRIBUTES;semantic_primary_product
pxxrgzbmm3x4;Зимовий костюм Series;clothing_costumes;clothing_costumes;UNCHANGED;AUTO_CONFIRMED_WITH_ATTRIBUTES;semantic_primary_product
pxxu9oorm3zd;П'ятиточковий чотирьохсекційний каремат П-4 Оксфорд;field_seats;field_seats;UNCHANGED;AUTO_CONFIRMED_WITH_ATTRIBUTES;semantic_primary_product
pxxx22pem3ye;Маскувальна сітка з основою 20х20 Militex;camouflage_nets;camouflage_nets;UNCHANGED;AUTO_CONFIRMED_WITH_ATTRIBUTES;semantic_primary_product
pxybbs77m3ws;Зимова маскувальна сітка Militex 10х10м (площа 100 кв.м.);camouflage_nets;camouflage_nets;UNCHANGED;AUTO_CONFIRMED_WITH_ATTRIBUTES;semantic_primary_product
pxydm4dzehr6;Маскувальна сітка M-Win Осінній мультикам. Маскування осінь, весна. 10х20 м (площа 200 кв.м.);camouflage_nets;camouflage_nets;UNCHANGED;AUTO_CONFIRMED_WITH_ATTRIBUTES;semantic_primary_product
pxzu13cdnqao;"Костюм спортивний ""EXTRAVEL"" (Трикотаж)";clothing_costumes;clothing_costumes;UNCHANGED;AUTO_CONFIRMED_WITH_ATTRIBUTES;semantic_primary_product
pxzumspdm3y2;Куртка військова зимова FS;clothing_jackets;clothing_jackets;UNCHANGED;AUTO_CONFIRMED_WITH_ATTRIBUTES;semantic_primary_product
py0rsgm8ehpp;Маскувальна сітка M-Win камуфляж. Маскування весна, літо, осінь. Індивідуального розміру (ціна за 1 кв.м.);camouflage_nets;camouflage_nets;UNCHANGED;AUTO_CONFIRMED_WITH_ATTRIBUTES;semantic_primary_product
py0vgbhvm3t3;Антидронова сітка (5×6 м) вічко 70 мм, нитка 1,8 мм, чорна міцна сітка для захисту техніки та позицій;camouflage_antidrone;camouflage_antidrone;UNCHANGED;AUTO_CONFIRMED_WITH_ATTRIBUTES;semantic_primary_product
py14z0ohm3yr;Маскувальна сітка Militex Листя осінь 5х5м (площа 25 кв.м.);camouflage_nets;camouflage_nets;UNCHANGED;AUTO_CONFIRMED_WITH_ATTRIBUTES;semantic_primary_product
py1m63mhm3th;Антидронова сітка основа 6*70м, вічко 45мм, нитка 1.2 мм;camouflage_antidrone;camouflage_antidrone;UNCHANGED;AUTO_CONFIRMED_WITH_ATTRIBUTES;semantic_primary_product
py1s9jlzehr1;Маскувальна сітка M-WIN мультикам. Маскування зима. 7х8 м (площа 56 кв.м.);camouflage_nets;camouflage_nets;UNCHANGED;AUTO_CONFIRMED_WITH_ATTRIBUTES;semantic_primary_product
py1z93i4ehso;Маскувальна сітка M-Win Світлий мультикам. Маскування весна, літо, осінь. 2х4 м (площа 8 кв.м.);camouflage_nets;camouflage_nets;UNCHANGED;AUTO_CONFIRMED_WITH_ATTRIBUTES;semantic_primary_product
py29kisym3ys;Маскувальна сітка Militex Листя осінь 6х10м (площа 60 кв.м.);camouflage_nets;camouflage_nets;UNCHANGED;AUTO_CONFIRMED_WITH_ATTRIBUTES;semantic_primary_product
py2akvefm425;Термобілизна ESDY Tactical Thermal Вудленд;clothing_thermal;clothing_thermal;UNCHANGED;AUTO_CONFIRMED_WITH_ATTRIBUTES;semantic_primary_product
py41vytiehtl;Маскувальна сітка M-WIN Темний камуфляж. Маскування осінь, зима, весна. 3х5 м (площа 15 кв.м.);camouflage_nets;camouflage_nets;UNCHANGED;AUTO_CONFIRMED_WITH_ATTRIBUTES;semantic_primary_product
py4dtys3ehvh;Маскувальна сітка M-Win Хижак. Маскування осінь, весна. 9х10 м (площа 90 кв.м.);camouflage_nets;camouflage_nets;UNCHANGED;AUTO_CONFIRMED_WITH_ATTRIBUTES;semantic_primary_product
py4f0g1aogpt;Куртка тактична UKR-TEC soft shell, чорна;clothing_jackets;clothing_jackets;UNCHANGED;AUTO_CONFIRMED_WITH_ATTRIBUTES;semantic_primary_product
py4iicfenqad;"Каремат похідний ""АРМІЙСЬКИЙ"" (Плащівка + Пінополіетилен)";field_mats;field_mats;UNCHANGED;AUTO_CONFIRMED_WITH_ATTRIBUTES;semantic_primary_product
py5c3y9pm3yn;Маскувальна сітка Militex 5х7м (площа 35 кв.м.);camouflage_nets;camouflage_nets;UNCHANGED;AUTO_CONFIRMED_WITH_ATTRIBUTES;semantic_primary_product
py6g074fm3ss;Алюмінієвий ліхтарик-брелок Optima Mini COB 700, 700 лм, 7 режимів;lighting_handheld;lighting_handheld;UNCHANGED;AUTO_CONFIRMED_WITH_ATTRIBUTES;semantic_primary_product
py70u3bxehw9;Розвантажувальний пояс РПС M-WIN GEN.2 з балістичним пакетом 2 класу;field_fasteners;load_bearing_belts;CHANGED_HIGH_CONFIDENCE;AUTO_CONFIRMED_WITH_ATTRIBUTES;semantic_primary_product
py7yf1gvehsd;Маскувальна сітка M-Win Піксель. Маскування весна, літо, осінь. 6х10 м (площа 60 кв.м.);camouflage_nets;camouflage_nets;UNCHANGED;AUTO_CONFIRMED_WITH_ATTRIBUTES;semantic_primary_product
py80i81mm3y0;Кріплення J-arm для Jahnke DJ-8;electronics_mounts;electronics_mounts;UNCHANGED;AUTO_CONFIRMED_WITH_ATTRIBUTES;semantic_primary_product
py8ihbaim3ua;Балістичний пакет Militex під бронежилет Militex (камербанд) 24*16 (1 клас захисту);armor_soft;armor_soft;UNCHANGED;AUTO_CONFIRMED_WITH_ATTRIBUTES;semantic_primary_product
py8t8x70ehoj;Маскувальна сітка M-Win Зелене листя. Маскування весна, літо. 3х6 м (площа 18 кв.м.);camouflage_nets;camouflage_nets;UNCHANGED;AUTO_CONFIRMED_WITH_ATTRIBUTES;semantic_primary_product
py9cfczkogpd;Кросівки тактичні Шершень, чорні;footwear_sneakers;footwear_sneakers;UNCHANGED;AUTO_CONFIRMED_WITH_ATTRIBUTES;semantic_primary_product
py9cnvc0m3t5;Антидронова сітка (6×40 м) вічко 50 мм, нитка 1,8 мм, чорна міцна сітка для захисту техніки та позицій;camouflage_antidrone;camouflage_antidrone;UNCHANGED;AUTO_CONFIRMED_WITH_ATTRIBUTES;semantic_primary_product
py9ybiweehov;Маскувальна сітка M-Win Зелене листя. Маскування весна, літо. 7х9 м (площа 63 кв.м.);camouflage_nets;camouflage_nets;UNCHANGED;AUTO_CONFIRMED_WITH_ATTRIBUTES;semantic_primary_product
pybey8rkehuz;Маскувальна сітка M-Win Хижак. Маскування осінь, весна. 2х8 м (площа 16 кв.м.);camouflage_nets;camouflage_nets;UNCHANGED;AUTO_CONFIRMED_WITH_ATTRIBUTES;semantic_primary_product
pybf48lmm41i;Тактична сорочка Ubacs CoolPass FS потовідвідний корпус та армовані рукави Rip-Stop;clothing_combat_shirts;clothing_combat_shirts;UNCHANGED;AUTO_CONFIRMED_WITH_ATTRIBUTES;semantic_primary_product
pybkir15m3tc;Антидронова сітка (8×6 м) вічко 70 мм, нитка 1,8 мм, чорна міцна сітка для захисту техніки та позицій;camouflage_antidrone;camouflage_antidrone;UNCHANGED;AUTO_CONFIRMED_WITH_ATTRIBUTES;semantic_primary_product
pybs92xtogr1;Тактична бойова сорочка, убакс HAN WILD Combat G, мультикам;clothing_combat_shirts;clothing_combat_shirts;UNCHANGED;AUTO_CONFIRMED_WITH_ATTRIBUTES;semantic_primary_product
pybuvo17nqa9;Баф теплий (Фліс);clothing_balaclavas;clothing_balaclavas;UNCHANGED;AUTO_CONFIRMED_WITH_ATTRIBUTES;semantic_primary_product
pyc05fgkn1ao;Спіралі від комарів 10 шт;field_hygiene;field_hygiene;UNCHANGED;SUPPLIER_MAPPING;unambiguous_supplier_mapping
pydai8nlehre;Маскувальна сітка M-Win Осінній мультикам. Маскування осінь, весна. 3х6 м (площа 18 кв.м.);camouflage_nets;camouflage_nets;UNCHANGED;AUTO_CONFIRMED_WITH_ATTRIBUTES;semantic_primary_product
pydfqdqeehng;Каремат рулонний M-WIN 200х72х1см;field_mats;field_mats;UNCHANGED;AUTO_CONFIRMED_WITH_ATTRIBUTES;semantic_primary_product
pyeaj0q1m3ys;Маскувальна сітка Militex Листя осінь 6х8м (площа 48 кв.м.);camouflage_nets;camouflage_nets;UNCHANGED;AUTO_CONFIRMED_WITH_ATTRIBUTES;semantic_primary_product
pyessrzfehwd;Тактичний розкладний каремат M-WIN посилений 9 секцій;field_mats;field_mats;UNCHANGED;AUTO_CONFIRMED_WITH_ATTRIBUTES;semantic_primary_product
pyf3iej5m3x7;Зимові шкарпетки «Базові»;footwear_socks;footwear_socks;UNCHANGED;AUTO_CONFIRMED_WITH_ATTRIBUTES;semantic_primary_product
pyffh3svehuu;Маскувальна сітка M-Win Хижак. Маскування осінь, весна. 10х10 м (площа 100 кв.м.);camouflage_nets;camouflage_nets;UNCHANGED;AUTO_CONFIRMED_WITH_ATTRIBUTES;semantic_primary_product
pyfs3kdhm3sx;Антидронова сітка (12×6 м) вічко 50 мм, нитка 1,8 мм, міцна сітка для захисту техніки та позицій;camouflage_antidrone;camouflage_antidrone;UNCHANGED;AUTO_CONFIRMED_WITH_ATTRIBUTES;semantic_primary_product
pygcy4xdehos;Маскувальна сітка M-Win Зелене листя. Маскування весна, літо. 6х7 м (площа 42 кв.м.);camouflage_nets;camouflage_nets;UNCHANGED;AUTO_CONFIRMED_WITH_ATTRIBUTES;semantic_primary_product
pyh0a1p8ogr8;Тактична куртка ветровка Кайман;clothing_jackets;clothing_jackets;UNCHANGED;AUTO_CONFIRMED_WITH_ATTRIBUTES;semantic_primary_product
pyh5hpgam40i;Рукавиці Mechanix MX;clothing_gloves;clothing_gloves;UNCHANGED;AUTO_CONFIRMED_WITH_ATTRIBUTES;semantic_primary_product
pyigagyjm40k;Рукоятка зведення AR15 Key-Arma Aluminium 7000 series (KEY-704);weapon_accessories_other;weapon_accessories_other;UNCHANGED;AUTO_CONFIRMED_WITH_ATTRIBUTES;semantic_primary_product
pyj7snl3m3wm;Зимова маскувальна сітка з основою 10х10м Militex Зимовий мультикам;camouflage_nets;camouflage_nets;UNCHANGED;AUTO_CONFIRMED_WITH_ATTRIBUTES;semantic_primary_product
pyjgbnbpm3y0;Кріплення J-arm для монокулярів з кріпленням minirail;electronics_mounts;electronics_mounts;UNCHANGED;AUTO_CONFIRMED_WITH_ATTRIBUTES;semantic_primary_product
pyjrt8jrehpk;Маскувальна сітка M-Win камуфляж. Маскування весна, літо, осінь. 7х10 м (площа 70 кв.м.);camouflage_nets;camouflage_nets;UNCHANGED;AUTO_CONFIRMED_WITH_ATTRIBUTES;semantic_primary_product
pyjtgwbuehub;Маскувальна сітка M-Win Темний мультикам. Маскування весна, літо, осінь. 3х6 м (площа 18 кв.м.);camouflage_nets;camouflage_nets;UNCHANGED;AUTO_CONFIRMED_WITH_ATTRIBUTES;semantic_primary_product
pyjzorbzogr3;Тактична військова куртка Анорак;clothing_jackets;clothing_jackets;UNCHANGED;AUTO_CONFIRMED_WITH_ATTRIBUTES;semantic_primary_product
pyk6b5xdeho9;Маскувальна сітка M-Win Весняний камуфляж. Маскування весна, літо. Індивідуального розміру (ціна за 1 кв.м.);camouflage_nets;camouflage_nets;UNCHANGED;AUTO_CONFIRMED_WITH_ATTRIBUTES;semantic_primary_product
pykim21jm3u2;Балістичний пакет для РПС Kiborg R-1 розмір М 89,5*19,1 (1 клас захисту);armor_soft;armor_soft;UNCHANGED;AUTO_CONFIRMED_WITH_ATTRIBUTES;semantic_primary_product
pyl6y131ehq8;Маскувальна сітка M-Win мультикам. Маскування весна, літо. 6х6 м (площа 36 кв.м.);camouflage_nets;camouflage_nets;UNCHANGED;AUTO_CONFIRMED_WITH_ATTRIBUTES;semantic_primary_product
pyln30udm3yk;Маскувальна сітка Militex 20х20 (площа 400 кв.м.);camouflage_nets;camouflage_nets;UNCHANGED;AUTO_CONFIRMED_WITH_ATTRIBUTES;semantic_primary_product
pymbi9kum3tj;Балаклава військова флісова;clothing_balaclavas;clothing_balaclavas;UNCHANGED;AUTO_CONFIRMED_WITH_ATTRIBUTES;semantic_primary_product
pymg3evwogrh;Тактична поясна сумка (бананка) / чорна;bags_waist;bags_waist;UNCHANGED;AUTO_CONFIRMED_WITH_ATTRIBUTES;semantic_primary_product
pynco3b7ehnb;Балістичний фартух 1 клас M-WIN;armor_soft;armor_soft;UNCHANGED;AUTO_CONFIRMED_WITH_ATTRIBUTES;semantic_primary_product
pyo6r9l8m3y8;Літня штормова куртка BR Койот| Вітро- та вологозахист | Легка та дихаюча;clothing_jackets;clothing_jackets;UNCHANGED;AUTO_CONFIRMED_WITH_ATTRIBUTES;semantic_primary_product
pyp49u4cm3u5;Балістичний пакет Militex для захисту живота/попереку та камербандів 30,5*13,5 Militex (2 клас захисту);armor_soft;armor_soft;UNCHANGED;AUTO_CONFIRMED_WITH_ATTRIBUTES;semantic_primary_product
pypc541jehp3;Маскувальна сітка M-Win камуфляж. Маскування весна, літо, осінь. 2х5 м (площа 10 кв.м.);camouflage_nets;camouflage_nets;UNCHANGED;AUTO_CONFIRMED_WITH_ATTRIBUTES;semantic_primary_product
pypdjdcvn19z;Розвантажувальний пояс тактичний (РПС) з комплектом підсумків (5 шт) Palianytsia Advanced ЗСУ MM-14;load_bearing_rps;load_bearing_belts;CHANGED_HIGH_CONFIDENCE;AUTO_CONFIRMED_WITH_ATTRIBUTES;semantic_primary_product
pyq743c5m3zx;Польовий костюм FS Stretch-RipStop (Кітель та штани) для ЗСУ;clothing_costumes;clothing_costumes;UNCHANGED;AUTO_CONFIRMED_WITH_ATTRIBUTES;semantic_primary_product
pyqlm03inqbk;"Штани ""URBAN SCOUT"" (SoftShell)";clothing_pants;clothing_pants;UNCHANGED;AUTO_CONFIRMED_WITH_ATTRIBUTES;semantic_primary_product
pyqotbvrm42m;Футболка з швидким висоханням Militex;clothing_tshirts;clothing_tshirts;UNCHANGED;AUTO_CONFIRMED_WITH_ATTRIBUTES;semantic_primary_product
pyr7ae24ehsh;Маскувальна сітка M-Win Піксель. Маскування весна, літо, осінь. 7х8 м (площа 56 кв.м.);camouflage_nets;camouflage_nets;UNCHANGED;AUTO_CONFIRMED_WITH_ATTRIBUTES;semantic_primary_product
pysgsiaoehrp;Маскувальна сітка M-Win Осінній мультикам. Маскування осінь, весна. 7х10 м (площа 70 кв.м.);camouflage_nets;camouflage_nets;UNCHANGED;AUTO_CONFIRMED_WITH_ATTRIBUTES;semantic_primary_product
pyshrielm3sy;Антидронова сітка (12×6 м) вічко 70 мм, нитка 1,8 мм, чорна міцна сітка для захисту техніки та позицій;camouflage_antidrone;camouflage_antidrone;UNCHANGED;AUTO_CONFIRMED_WITH_ATTRIBUTES;semantic_primary_product
pytxbqa6oguw;Штани тактичні ріп-стоп чорні UKR-TEC;clothing_pants;clothing_pants;UNCHANGED;AUTO_CONFIRMED_WITH_ATTRIBUTES;semantic_primary_product
pyux2qubnqam;"Костюм польовий ""CRUSADER"" (Rip-Stop)";clothing_costumes;clothing_costumes;UNCHANGED;AUTO_CONFIRMED_WITH_ATTRIBUTES;semantic_primary_product
pyv02ugaogu2;"Черевики тактичні ""Варан"" чорні демісезонні";footwear_shoes;footwear_shoes;UNCHANGED;AUTO_CONFIRMED_WITH_ATTRIBUTES;semantic_primary_product
pyvvymmlm3tf;Антидронова сітка основа 6*140м, вічко 45 мм, нитка 0.9мм;camouflage_antidrone;camouflage_antidrone;UNCHANGED;AUTO_CONFIRMED_WITH_ATTRIBUTES;semantic_primary_product
pyw40mnhehuc;Маскувальна сітка M-Win Темний мультикам. Маскування весна, літо, осінь. 3х7 м (площа 21 кв.м.);camouflage_nets;camouflage_nets;UNCHANGED;AUTO_CONFIRMED_WITH_ATTRIBUTES;semantic_primary_product
pywfm7h5m3z6;Набір компресійних шкарпеток Turbo B&W 2 пари неонові антибактеріальні;footwear_socks;footwear_socks;UNCHANGED;AUTO_CONFIRMED_WITH_ATTRIBUTES;semantic_primary_product
pywvwcrhn197;Підсумок тактичний для гігієни (несесер) WS;pouches_utility;pouches_other;CHANGED_HIGH_CONFIDENCE;AUTO_CONFIRMED_WITH_ATTRIBUTES;semantic_primary_product
pyx0uphem3y8;Літня куртка-вітровка сіра (2271-3XL);clothing_jackets;clothing_jackets;UNCHANGED;AUTO_CONFIRMED_WITH_ATTRIBUTES;semantic_primary_product
pyyferbdm3wt;Зимова маскувальна сітка Militex 20х20 (площа 400 кв.м.);camouflage_nets;camouflage_nets;UNCHANGED;AUTO_CONFIRMED_WITH_ATTRIBUTES;semantic_primary_product
pyz7tmconqbl;"Штани польові ""VOЇN"" (Rip-Stop)";clothing_pants;clothing_pants;UNCHANGED;AUTO_CONFIRMED_WITH_ATTRIBUTES;semantic_primary_product
pyz9fwmlogph;Куртка зимова з підкладкою Omni-Heat до -35°С, мультикам;clothing_jackets;clothing_jackets;UNCHANGED;AUTO_CONFIRMED_WITH_ATTRIBUTES;semantic_primary_product
pyzu8r1iehsi;Маскувальна сітка M-Win Піксель. Маскування весна, літо, осінь. 8х8 м (площа 64 кв.м.);camouflage_nets;camouflage_nets;UNCHANGED;AUTO_CONFIRMED_WITH_ATTRIBUTES;semantic_primary_product
pz06dh9mogp2;"Кросівки тактичні ""Кайман""";footwear_sneakers;footwear_sneakers;UNCHANGED;AUTO_CONFIRMED_WITH_ATTRIBUTES;semantic_primary_product
pz077ho9m3vf;Водовідштовхувальний костюм 4W Stretch Militex;clothing_costumes;clothing_costumes;UNCHANGED;AUTO_CONFIRMED_WITH_ATTRIBUTES;semantic_primary_product
pz0ni222ogoh;Кепка з кокардою;camouflage_nets;clothing_headwear;CHANGED_HIGH_CONFIDENCE;AUTO_CONFIRMED_WITH_ATTRIBUTES;semantic_primary_product
pz0s930oehw4;Підсумок під гранату закритого типу M-WIN;pouches_grenades;pouches_grenades;UNCHANGED;AUTO_CONFIRMED_WITH_ATTRIBUTES;semantic_primary_product
pz1qeivem418;Сумка-напашник з балістичним пакетом 1 клас захисту Kiborg GU Сordura;armor_sets;pouches_dangler;CHANGED_HIGH_CONFIDENCE;AUTO_CONFIRMED_WITH_ATTRIBUTES;semantic_primary_product
pz1r7ewrogqn;Рукавиці тактичні Oakley повнопалі;clothing_gloves;clothing_gloves;UNCHANGED;AUTO_CONFIRMED_WITH_ATTRIBUTES;semantic_primary_product
pz1sdknwehvf;Маскувальна сітка M-Win Хижак. Маскування осінь, весна. 7х8 м (площа 56 кв.м.);camouflage_nets;camouflage_nets;UNCHANGED;AUTO_CONFIRMED_WITH_ATTRIBUTES;semantic_primary_product
pz2n22bmehrr;Маскувальна сітка M-Win Осінній мультикам. Маскування осінь, весна. 8х10 м (площа 80 кв.м.);camouflage_nets;camouflage_nets;UNCHANGED;AUTO_CONFIRMED_WITH_ATTRIBUTES;semantic_primary_product
pz40hcsqehq5;Маскувальна сітка M-Win мультикам. Маскування весна, літо. 5х5 м (площа 25 кв.м.);camouflage_nets;camouflage_nets;UNCHANGED;AUTO_CONFIRMED_WITH_ATTRIBUTES;semantic_primary_product
pz4dmum1ehwd;Тактичний розкладний каремат M-WIN 8 секцій;field_mats;field_mats;UNCHANGED;AUTO_CONFIRMED_WITH_ATTRIBUTES;semantic_primary_product
pz4ha6d4ehuo;Маскувальна сітка M-Win Темний мультикам. Маскування весна, літо, осінь. 7х8 м (площа 56 кв.м.);camouflage_nets;camouflage_nets;UNCHANGED;AUTO_CONFIRMED_WITH_ATTRIBUTES;semantic_primary_product
pz4t047qehnz;Маскувальна сітка M-Win Весняний камуфляж. Маскування весна, літо. 5х6 м (площа 30 кв.м.);camouflage_nets;camouflage_nets;UNCHANGED;AUTO_CONFIRMED_WITH_ATTRIBUTES;semantic_primary_product
pz5u1tsiogtc;Тактичні штани, штани Han-Wild, мультикам;clothing_pants;clothing_pants;UNCHANGED;AUTO_CONFIRMED_WITH_ATTRIBUTES;semantic_primary_product
pz64ehy6ehuy;Маскувальна сітка M-Win Хижак. Маскування осінь, весна. 2х6 м (площа 12 кв.м.);camouflage_nets;camouflage_nets;UNCHANGED;AUTO_CONFIRMED_WITH_ATTRIBUTES;semantic_primary_product
pz6hftv3m436;Штани з кишеннями для наколінників «Байрактар» Gen-5;clothing_pants;clothing_pants;UNCHANGED;AUTO_CONFIRMED_WITH_ATTRIBUTES;semantic_primary_product
pz6k4mk2ehon;Маскувальна сітка M-Win Зелене листя. Маскування весна, літо. 4х7 м (площа 28 кв.м.);camouflage_nets;camouflage_nets;UNCHANGED;AUTO_CONFIRMED_WITH_ATTRIBUTES;semantic_primary_product
pz6mvbugehql;Маскувальна сітка M-WIN мультикам. Маскування зима. 2х6 м (площа 12 кв.м.);camouflage_nets;camouflage_nets;UNCHANGED;AUTO_CONFIRMED_WITH_ATTRIBUTES;semantic_primary_product
pz7d9diln1c4;Устілки з підігрівом хімічні, грілки, термоустілки, одноразові;footwear_accessories;footwear_accessories;UNCHANGED;AUTO_CONFIRMED_WITH_ATTRIBUTES;semantic_primary_product
pz7go6u2ehuf;Маскувальна сітка M-Win Темний мультикам. Маскування весна, літо, осінь. 4х6 м (площа 24 кв.м.);camouflage_nets;camouflage_nets;UNCHANGED;AUTO_CONFIRMED_WITH_ATTRIBUTES;semantic_primary_product
pz8jmn9gm3zz;Посилений підсумок під рацію KIBORG GU;pouches_radios;pouches_radios;UNCHANGED;AUTO_CONFIRMED_WITH_ATTRIBUTES;semantic_primary_product
pz9aj50zehpx;Маскувальна сітка M-Win мультикам. Маскування весна, літо. 2х9 м (площа 18 кв.м.);camouflage_nets;camouflage_nets;UNCHANGED;AUTO_CONFIRMED_WITH_ATTRIBUTES;semantic_primary_product
pz9eiwqfm3zf;Панама тактична PN-65 Militex;clothing_headwear;clothing_headwear;UNCHANGED;AUTO_CONFIRMED_WITH_ATTRIBUTES;semantic_primary_product
pza4kaaum401;Пояс для РПС GEN.2 Kiborg R-1 с IRR-покриттям;load_bearing_rps;load_bearing_belts;CHANGED_HIGH_CONFIDENCE;AUTO_CONFIRMED_WITH_ATTRIBUTES;semantic_primary_product
pza6idyvm420;Тактичні рукавиці MOG Target High Abrasion;clothing_gloves;clothing_gloves;UNCHANGED;AUTO_CONFIRMED_WITH_ATTRIBUTES;semantic_primary_product
pzaekhfvm3t5;Антидронова сітка (6×35 м) вічко 50 мм, нитка 1,8 мм, чорна міцна сітка для захисту техніки та позицій;camouflage_antidrone;camouflage_antidrone;UNCHANGED;AUTO_CONFIRMED_WITH_ATTRIBUTES;semantic_primary_product
pzaoemecm3ud;Балістичний шолом TOR-D-VN Ukraine;helmets_ballistic;helmets_ballistic;UNCHANGED;AUTO_CONFIRMED_WITH_ATTRIBUTES;semantic_primary_product
pzap7tc5ogtv;Футболка темна- (стрейч кулир);clothing_tshirts;clothing_tshirts;UNCHANGED;AUTO_CONFIRMED_WITH_ATTRIBUTES;semantic_primary_product
pzbatftim41o;Тактична футболка(поло) Militex;clothing_tshirts;clothing_tshirts;UNCHANGED;AUTO_CONFIRMED_WITH_ATTRIBUTES;semantic_primary_product
pzbsm9yqehuh;Маскувальна сітка M-Win Темний мультикам. Маскування весна, літо, осінь. 5х10 м (площа 50 кв.м.);camouflage_nets;camouflage_nets;UNCHANGED;AUTO_CONFIRMED_WITH_ATTRIBUTES;semantic_primary_product
pzbx9e48ehow;Маскувальна сітка M-Win Зелене листя. Маскування весна, літо. 8х9 м (площа 72 кв.м.);camouflage_nets;camouflage_nets;UNCHANGED;AUTO_CONFIRMED_WITH_ATTRIBUTES;semantic_primary_product
pzc1caczm3yc;Магазин FIRE ON AR-30 5,56×45 NATO / .223 Rem — з жовтим подавачем;weapon_accessories_magazines;weapon_accessories_magazines;UNCHANGED;AUTO_CONFIRMED_WITH_ATTRIBUTES;semantic_primary_product
pzcbiiploguo;Штани джогери стрейч котонові;clothing_pants;clothing_pants;UNCHANGED;AUTO_CONFIRMED_WITH_ATTRIBUTES;semantic_primary_product
pzdp9klvehw3;Панама тактична з короткими полями -WIN NyCo розмір М;clothing_headwear;clothing_headwear;UNCHANGED;AUTO_CONFIRMED_WITH_ATTRIBUTES;semantic_primary_product
pzduoue3m3v8;Бронеплити BRONYX 3 класу Ultimate (НВМПЕ) L (2шт);armor_plates;armor_plates;UNCHANGED;AUTO_CONFIRMED_WITH_ATTRIBUTES;semantic_primary_product
pzeltgl4m430;Шолом Sestan-Busch Fast -(55-57 см);helmets_ballistic;helmets_ballistic;UNCHANGED;AUTO_CONFIRMED_WITH_ATTRIBUTES;semantic_primary_product
pzhjb3wvm3x2;Зимова утеплена тактична куртка Archon Husky Extreme Єврозима;clothing_jackets;clothing_jackets;UNCHANGED;AUTO_CONFIRMED_WITH_ATTRIBUTES;semantic_primary_product
pzhr8nfzogof;Зимові універсальні рукавички Soft Shell, мультикам;clothing_gloves;clothing_gloves;UNCHANGED;AUTO_CONFIRMED_WITH_ATTRIBUTES;semantic_primary_product
pzi7wqldn13k;Бейсболка Tactical;clothing_headwear;clothing_headwear;UNCHANGED;AUTO_CONFIRMED_WITH_ATTRIBUTES;semantic_primary_product
pzig63fmehvl;Надміцна маскувальна сітка M-WIN 1,5х7 метри;camouflage_nets;camouflage_nets;UNCHANGED;AUTO_CONFIRMED_WITH_ATTRIBUTES;semantic_primary_product
pzikd6x5m3xn;Комплект бронеплити gen.2 Miilux 4 клас захисту по 3.8кг;armor_plates;armor_plates;UNCHANGED;AUTO_CONFIRMED_WITH_ATTRIBUTES;semantic_primary_product
pzima990ogr0;Тактична бейсболка, кепка 5.11, мультикам;clothing_headwear;clothing_headwear;UNCHANGED;AUTO_CONFIRMED_WITH_ATTRIBUTES;semantic_primary_product
pziqq8ufehs6;Маскувальна сітка M-Win Піксель. Маскування весна, літо, осінь. 4х10 м (площа 40 кв.м.);camouflage_nets;camouflage_nets;UNCHANGED;AUTO_CONFIRMED_WITH_ATTRIBUTES;semantic_primary_product
pzjdzlpuehre;Маскувальна сітка M-Win Осінній мультикам. Маскування осінь, весна. 3х7 м (площа 21 кв.м.);camouflage_nets;camouflage_nets;UNCHANGED;AUTO_CONFIRMED_WITH_ATTRIBUTES;semantic_primary_product
pzjhrv14n14y;Карабін для збройового ременя;field_fasteners;field_fasteners;UNCHANGED;AUTO_CONFIRMED_WITH_ATTRIBUTES;semantic_primary_product
pzk1e389m42j;Функціональний костюм 4-Way Stretch анорак + штани;clothing_costumes;clothing_costumes;UNCHANGED;AUTO_CONFIRMED_WITH_ATTRIBUTES;semantic_primary_product
pzk94023ehou;Маскувальна сітка M-Win Зелене листя. Маскування весна, літо. 7х8 м (площа 56 кв.м.);camouflage_nets;camouflage_nets;UNCHANGED;AUTO_CONFIRMED_WITH_ATTRIBUTES;semantic_primary_product
pzksk5qzm3tq;Балістичний захист 2 класу Militex для підсумка під захист живота L (32.8*16.8 см);armor_soft;armor_soft;UNCHANGED;AUTO_CONFIRMED_WITH_ATTRIBUTES;semantic_primary_product
pzkv84qtehng;Камербанд на стропах моллі з балістичним пакетом 150х200 2 класу (Комплект 2 шт.);field_fasteners;armor_accessories;CHANGED_HIGH_CONFIDENCE;AUTO_CONFIRMED_WITH_ATTRIBUTES;semantic_primary_product
pzkvx0c2m3xb;Каремат-сидушка с балістичним пакетом 1 класа зашисту Militex Cordura original USA;field_seats;field_seats;UNCHANGED;AUTO_CONFIRMED_WITH_ATTRIBUTES;semantic_primary_product
pzkxjpabehqh;Маскувальна сітка M-WIN мультикам. Маскування зима. 10х10 м (площа 100 кв.м.);camouflage_nets;camouflage_nets;UNCHANGED;AUTO_CONFIRMED_WITH_ATTRIBUTES;semantic_primary_product
pzl43o0nn1c9;Флісова шарф-труба баф;clothing_balaclavas;clothing_balaclavas;UNCHANGED;AUTO_CONFIRMED_WITH_ATTRIBUTES;semantic_primary_product
pzl4dstdehqp;Маскувальна сітка M-WIN мультикам. Маскування зима. 3х5 м (площа 15 кв.м.);camouflage_nets;camouflage_nets;UNCHANGED;AUTO_CONFIRMED_WITH_ATTRIBUTES;semantic_primary_product
pzlfp812m40r;Сітка проти дронів 5×5 см(вічно), шнур 1.8 мм, чорна;camouflage_antidrone;camouflage_antidrone;UNCHANGED;AUTO_CONFIRMED_WITH_ATTRIBUTES;semantic_primary_product
pzloxixsm3yt;Маскувальна сітка Militex Листя осінь індивідуального розміру (50 грн за 1 кв.м.);camouflage_nets;camouflage_nets;UNCHANGED;AUTO_CONFIRMED_WITH_ATTRIBUTES;semantic_primary_product
pzmfjfp5ogto;Форма тактична, чорна;clothing_costumes;clothing_costumes;UNCHANGED;AUTO_CONFIRMED_WITH_ATTRIBUTES;semantic_primary_product
pzmwb2iwm3xl;Комплект бронеплит (2 шт) 4-й клас захисту MARS 600 6мм, по 3.5 кг;armor_plates;armor_plates;UNCHANGED;AUTO_CONFIRMED_WITH_ATTRIBUTES;semantic_primary_product
pznviq52ehsf;Маскувальна сітка M-Win Піксель. Маскування весна, літо, осінь. 6х9 м (площа 54 кв.м.);camouflage_nets;camouflage_nets;UNCHANGED;AUTO_CONFIRMED_WITH_ATTRIBUTES;semantic_primary_product
pznze7h4m40o;Рюкзак з MOLLE;bags_tactical;bags_backpacks;CHANGED_HIGH_CONFIDENCE;AUTO_CONFIRMED_WITH_ATTRIBUTES;semantic_primary_product
pzow9980ehow;Маскувальна сітка M-Win Зелене листя. Маскування весна, літо. 8х8 м (площа 64 кв.м.);camouflage_nets;camouflage_nets;UNCHANGED;AUTO_CONFIRMED_WITH_ATTRIBUTES;semantic_primary_product
pzowrz62m3yh;Маскувальна сітка з основою 5х7м Militex;camouflage_nets;camouflage_nets;UNCHANGED;AUTO_CONFIRMED_WITH_ATTRIBUTES;semantic_primary_product
pzpceordm3u4;Балістичний пакет Militex для бронежилета (захист спини) 43,5*46,3 (2 клас захисту);armor_soft;armor_soft;UNCHANGED;AUTO_CONFIRMED_WITH_ATTRIBUTES;semantic_primary_product
pzqzkwk7m40u;Спальний мішок з капюшоном 2.10х75 бязь;field_sleeping;field_sleeping;UNCHANGED;AUTO_CONFIRMED_WITH_ATTRIBUTES;semantic_primary_product
pzr1lnalm3xs;Комплект Плитоноска Kiborg GU Gen.2 з двома підсумками та захистом 1 класу;armor_carriers;armor_carriers;UNCHANGED;AUTO_CONFIRMED_WITH_ATTRIBUTES;semantic_primary_product
pzrahwufm3sk;Активні захисні навушники-беруші Earmor M20T Pro Bluetooth —;communications_headphones;communications_headphones;UNCHANGED;AUTO_CONFIRMED_WITH_ATTRIBUTES;semantic_primary_product
pzrlwf5hehwe;Штурмовий рюкзак M-WIN;bags_assault;bags_assault;UNCHANGED;AUTO_CONFIRMED_WITH_ATTRIBUTES;semantic_primary_product
pzrpy7svehsi;Маскувальна сітка M-Win Піксель. Маскування весна, літо, осінь. 8х10 м (площа 80 кв.м.);camouflage_nets;camouflage_nets;UNCHANGED;AUTO_CONFIRMED_WITH_ATTRIBUTES;semantic_primary_product
pzrrrm7xm3wr;Зимова маскувальна сітка з основою 8х10м Militex Зимовий мультикам;camouflage_nets;camouflage_nets;UNCHANGED;AUTO_CONFIRMED_WITH_ATTRIBUTES;semantic_primary_product
pzru6bnfm3vf;Вогнестійка футболка Militex з технологіює Power Dry;clothing_tshirts;clothing_tshirts;UNCHANGED;AUTO_CONFIRMED_WITH_ATTRIBUTES;semantic_primary_product
pzryh3drm41f;Тактична бойова сорочка UBACS Tactical Series Long Sleeve з посиленими рукавами та велкро-панелями;clothing_combat_shirts;clothing_combat_shirts;UNCHANGED;AUTO_CONFIRMED_WITH_ATTRIBUTES;semantic_primary_product
pzrzh5uuogrt;Тактичні берці Фрегат на мембрані;footwear_boots;footwear_boots;UNCHANGED;AUTO_CONFIRMED_WITH_ATTRIBUTES;semantic_primary_product
pzs1m1svehqb;Маскувальна сітка M-Win мультикам. Маскування весна, літо. 7х7 м (площа 49 кв.м.);camouflage_nets;camouflage_nets;UNCHANGED;AUTO_CONFIRMED_WITH_ATTRIBUTES;semantic_primary_product
pzs9o368m3z2;Мембрана вітронепроникним куртка Arch LVL7 (сіро-коричнева) — зима;clothing_jackets;clothing_jackets;UNCHANGED;AUTO_CONFIRMED_WITH_ATTRIBUTES;semantic_primary_product
pzsq7b5vm3w7;Екіпірувальні налокітники;limb_protection_elbows;limb_protection_elbows;UNCHANGED;AUTO_CONFIRMED_WITH_ATTRIBUTES;semantic_primary_product
pzswgcylogre;Тактична літня куртка;clothing_jackets;clothing_jackets;UNCHANGED;AUTO_CONFIRMED_WITH_ATTRIBUTES;semantic_primary_product
pzt2jc0cm3xu;Комплект термобілизни Thermal;clothing_thermal;clothing_thermal;UNCHANGED;AUTO_CONFIRMED_WITH_ATTRIBUTES;semantic_primary_product
pzt6r5ssm3u3;Балістичний пакет для РПС Kiborg R-3 84,9*18,2 Militex (2 клас захисту);armor_soft;armor_soft;UNCHANGED;AUTO_CONFIRMED_WITH_ATTRIBUTES;semantic_primary_product
pzts1s05m3w8;Екшн камера RunCam Thumb2 4K;electronics_cameras;electronics_cameras;UNCHANGED;AUTO_CONFIRMED_WITH_ATTRIBUTES;semantic_primary_product
pztwjz32ehsc;Маскувальна сітка M-Win Піксель. Маскування весна, літо, осінь. 5х9 м (площа 45 кв.м.);camouflage_nets;camouflage_nets;UNCHANGED;AUTO_CONFIRMED_WITH_ATTRIBUTES;semantic_primary_product
pzuk47t6n135;Балістичний пакет BP180x180 Клас 1;armor_soft;armor_soft;UNCHANGED;AUTO_CONFIRMED_WITH_ATTRIBUTES;semantic_primary_product
pzus0krfehok;Маскувальна сітка M-Win Зелене листя. Маскування весна, літо. 3х8 м (площа 24 кв.м.);camouflage_nets;camouflage_nets;UNCHANGED;AUTO_CONFIRMED_WITH_ATTRIBUTES;semantic_primary_product
pzwbi8ofehua;Маскувальна сітка M-Win Темний мультикам. Маскування весна, літо, осінь. 2х9 м (площа 18 кв.м.);camouflage_nets;camouflage_nets;UNCHANGED;AUTO_CONFIRMED_WITH_ATTRIBUTES;semantic_primary_product
pzwgwa71m3x2;Зимова утеплена тактична куртка Archon Husky Extreme Єврозима (темний);clothing_jackets;clothing_jackets;UNCHANGED;AUTO_CONFIRMED_WITH_ATTRIBUTES;semantic_primary_product
pzx6ux8um3un;Блок багатоканальної швидкої зарядки BanderaPower 180S;power_stations;power_stations;UNCHANGED;AUTO_CONFIRMED_WITH_ATTRIBUTES;semantic_primary_product
pzxcnx60m3wp;Зимова маскувальна сітка з основою 5х7м Militex Зимовий мультикам;camouflage_nets;camouflage_nets;UNCHANGED;AUTO_CONFIRMED_WITH_ATTRIBUTES;semantic_primary_product
pzxf2jr3m40j;Рукавиці Mechanix SUB20 Realtree;clothing_gloves;clothing_gloves;UNCHANGED;AUTO_CONFIRMED_WITH_ATTRIBUTES;semantic_primary_product
pzxw7qdum40v;Спальний мішок з капюшоном Tactical Summer FS (220 90 см) мультикам;field_sleeping;field_sleeping;UNCHANGED;AUTO_CONFIRMED_WITH_ATTRIBUTES;semantic_primary_product
pzxzxjxcehpw;Маскувальна сітка M-Win мультикам. Маскування весна, літо. 2х7 м (площа 14 кв.м.);camouflage_nets;camouflage_nets;UNCHANGED;AUTO_CONFIRMED_WITH_ATTRIBUTES;semantic_primary_product
pzy6tcdgnqb7;"Толстовка тактична ""ULTIMATUM"" (Фліс)";clothing_fleece;clothing_fleece;UNCHANGED;AUTO_CONFIRMED_WITH_ATTRIBUTES;semantic_primary_product
pzz4uwxjn1dj;USB LED лампа;lighting_accessories;lighting_handheld;CHANGED_HIGH_CONFIDENCE;AUTO_CONFIRMED_WITH_ATTRIBUTES;semantic_primary_product
pzze3bqiogoc;Зимова тактична куртка Call Dragon, пиксель;clothing_jackets;clothing_jackets;UNCHANGED;AUTO_CONFIRMED_WITH_ATTRIBUTES;semantic_primary_product
